[2024-01-15 15:49:57.179]: entering -- org.netbeans.installer.Installer.main():61
[2024-01-15 15:49:57.195]: initializing the installer engine
[2024-01-15 15:49:57.195]:     entering -- org.netbeans.installer.Installer.<init>():96
[2024-01-15 15:49:57.195]:     ... initializing ErrorHandler
[2024-01-15 15:49:57.195]:     ... end of ErrorHandler initialization
[2024-01-15 15:49:57.195]:     exiting -- org.netbeans.installer.Installer.<init>():96
[2024-01-15 15:49:57.195]:     entering -- org.netbeans.installer.Installer.<init>():97
[2024-01-15 15:49:57.195]:     dumping target system information
[2024-01-15 15:49:57.195]:         system properties:
[2024-01-15 15:49:57.195]:             file.encoding => UTF-8
[2024-01-15 15:49:57.195]:             file.separator => \
[2024-01-15 15:49:57.195]:             java.class.path => C:\Users\imrab\AppData\Local\Temp\\NBI62524.tmp\bundle.jar
[2024-01-15 15:49:57.195]:             java.class.version => 65.0
[2024-01-15 15:49:57.195]:             java.home => C:\Program Files\Java\jdk-21
[2024-01-15 15:49:57.195]:             java.io.tmpdir => C:\Users\imrab\AppData\Local\Temp\
[2024-01-15 15:49:57.195]:             java.library.path => C:\Program Files\Java\jdk-21\bin;C:\Windows\Sun\Java\bin;C:\Windows\system32;C:\Windows;C:\Program Files\Common Files\Oracle\Java\javapath;C:\Windows\system32;C:\Windows;C:\Windows\System32\Wbem;C:\Windows\System32\WindowsPowerShell\v1.0\;C:\Windows\System32\OpenSSH\;C:\MinGW\bin;C:\Program Files\Java\jdk-21\bin;C:\Users\imrab\AppData\Local\Microsoft\WindowsApps;.
[2024-01-15 15:49:57.195]:             java.runtime.name => Java(TM) SE Runtime Environment
[2024-01-15 15:49:57.195]:             java.runtime.version => 21.0.1+12-LTS-29
[2024-01-15 15:49:57.195]:             java.specification.name => Java Platform API Specification
[2024-01-15 15:49:57.195]:             java.specification.vendor => Oracle Corporation
[2024-01-15 15:49:57.195]:             java.specification.version => 21
[2024-01-15 15:49:57.195]:             java.vendor => Oracle Corporation
[2024-01-15 15:49:57.195]:             java.vendor.url => https://java.oracle.com/
[2024-01-15 15:49:57.195]:             java.vendor.url.bug => https://bugreport.java.com/bugreport/
[2024-01-15 15:49:57.195]:             java.version => 21.0.1
[2024-01-15 15:49:57.195]:             java.version.date => 2023-10-17
[2024-01-15 15:49:57.195]:             java.vm.compressedOopsMode => 32-bit
[2024-01-15 15:49:57.195]:             java.vm.info => mixed mode, sharing
[2024-01-15 15:49:57.195]:             java.vm.name => Java HotSpot(TM) 64-Bit Server VM
[2024-01-15 15:49:57.195]:             java.vm.specification.name => Java Virtual Machine Specification
[2024-01-15 15:49:57.195]:             java.vm.specification.vendor => Oracle Corporation
[2024-01-15 15:49:57.195]:             java.vm.specification.version => 21
[2024-01-15 15:49:57.195]:             java.vm.vendor => Oracle Corporation
[2024-01-15 15:49:57.195]:             java.vm.version => 21.0.1+12-LTS-29
[2024-01-15 15:49:57.195]:             jdk.debug => release
[2024-01-15 15:49:57.195]:             line.separator => 
[2024-01-15 15:49:57.195]:             native.encoding => Cp1252
[2024-01-15 15:49:57.195]:             netbeans.default_cachedir_root => C:\Users\imrab\AppData\Local\NetBeans\Cache
[2024-01-15 15:49:57.195]:             netbeans.default_userdir_root => C:\Users\imrab\AppData\Roaming\NetBeans
[2024-01-15 15:49:57.195]:             os.arch => amd64
[2024-01-15 15:49:57.195]:             os.name => Windows 10
[2024-01-15 15:49:57.195]:             os.version => 10.0
[2024-01-15 15:49:57.195]:             path.separator => ;
[2024-01-15 15:49:57.195]:             stderr.encoding => Cp1252
[2024-01-15 15:49:57.195]:             stdout.encoding => Cp1252
[2024-01-15 15:49:57.195]:             sun.arch.data.model => 64
[2024-01-15 15:49:57.195]:             sun.boot.library.path => C:\Program Files\Java\jdk-21\bin
[2024-01-15 15:49:57.195]:             sun.cpu.endian => little
[2024-01-15 15:49:57.195]:             sun.cpu.isalist => amd64
[2024-01-15 15:49:57.195]:             sun.io.unicode.encoding => UnicodeLittle
[2024-01-15 15:49:57.195]:             sun.java.command => org.netbeans.installer.Installer
[2024-01-15 15:49:57.195]:             sun.java.launcher => SUN_STANDARD
[2024-01-15 15:49:57.195]:             sun.jnu.encoding => Cp1252
[2024-01-15 15:49:57.195]:             sun.management.compiler => HotSpot 64-Bit Tiered Compilers
[2024-01-15 15:49:57.195]:             sun.os.patch.level => 
[2024-01-15 15:49:57.195]:             user.country => US
[2024-01-15 15:49:57.195]:             user.dir => C:\Users\imrab\Downloads
[2024-01-15 15:49:57.195]:             user.home => C:\Users\imrab
[2024-01-15 15:49:57.195]:             user.language => en
[2024-01-15 15:49:57.195]:             user.name => imrab
[2024-01-15 15:49:57.195]:             user.script => 
[2024-01-15 15:49:57.195]:             user.timezone => Asia/Dhaka
[2024-01-15 15:49:57.195]:             user.variant => 
[2024-01-15 15:49:57.195]:     ... end of target system information
[2024-01-15 15:49:57.195]:     exiting -- org.netbeans.installer.Installer.<init>():97
[2024-01-15 15:49:57.221]:     loading jni library
[2024-01-15 15:49:57.221]:         library resource path: native/jnilib/windows/windows-x64.dll
[2024-01-15 15:49:57.269]:         library file path: C:\Users\imrab\AppData\Local\Temp\nbi-4676827319059775114.tmp
[2024-01-15 15:49:57.275]:         ... successfully loaded the library
[2024-01-15 15:49:57.278]:     entering -- org.netbeans.installer.Installer.<init>():102
[2024-01-15 15:49:57.278]:     parsing command-line arguments
[2024-01-15 15:49:57.280]:         ... no command line arguments were specified
[2024-01-15 15:49:57.280]:     ... finished parsing command line arguments
[2024-01-15 15:49:57.280]:     exiting -- org.netbeans.installer.Installer.<init>():102
[2024-01-15 15:49:57.280]:     entering -- org.netbeans.installer.Installer.<init>():103
[2024-01-15 15:49:57.280]:     loading engine properties
[2024-01-15 15:49:57.280]:         loading engine properties
[2024-01-15 15:49:57.283]:             loading nbi.wizard.ui.swing.frame.width.default => 600
[2024-01-15 15:49:57.283]:             loading nbi.wizard.ui.swing.frame.width.gtk => 704
[2024-01-15 15:49:57.283]:             loading nbi.wizard.ui.swing.frame.head.right.image => resource:org/netbeans/installer/wizard/wizard-description-background.png
[2024-01-15 15:49:57.283]:             loading nbi.wizard.ui.swing.frame.minimum.width.nimbus => 624
[2024-01-15 15:49:57.283]:             loading nbi.wizard.ui.swing.frame.minimum.height.win.xp => 450
[2024-01-15 15:49:57.283]:             loading nbi.wizard.ui.swing.frame.minimum.height.nimbus => 512
[2024-01-15 15:49:57.283]:             loading nbi.wizard.ui.swing.frame.title.prefix => Apache NetBeans IDE Installer
[2024-01-15 15:49:57.283]:             loading nbi.wizard.ui.swing.frame.width.nimbus => 624
[2024-01-15 15:49:57.283]:             loading nbi.wizard.ui.swing.frame.width.win.xp => 600
[2024-01-15 15:49:57.283]:             loading nbi.overall.license.jdk5.resource => org/netbeans/installer/product/components/netbeans-license-jdk5.txt
[2024-01-15 15:49:57.283]:             loading nbi.wizard.ui.swing.frame.minimum.height.win.classic => 442
[2024-01-15 15:49:57.283]:             loading nbi.overall.license.jtb.resource => org/netbeans/installer/product/components/netbeans-license-jtb.txt
[2024-01-15 15:49:57.283]:             loading nbi.wizard.ui.swing.frame.height.motif => 470
[2024-01-15 15:49:57.283]:             loading nbi.wizard.ui.swing.frame.minimum.width.default => 600
[2024-01-15 15:49:57.283]:             loading nbi.wizard.ui.swing.frame.height.aqua => 480
[2024-01-15 15:49:57.283]:             loading nbi.wizard.ui.swing.frame.minimum.width.win.xp => 600
[2024-01-15 15:49:57.283]:             loading nbi.overall.license.jdk6.resource => org/netbeans/installer/product/components/netbeans-license-jdk6.txt
[2024-01-15 15:49:57.283]:             loading nbi.wizard.ui.swing.frame.minimum.height.aqua => 480
[2024-01-15 15:49:57.283]:             loading nbi.wizard.ui.swing.frame.minimum.height.default => 500
[2024-01-15 15:49:57.283]:             loading nbi.overall.license.mysql.resource => org/netbeans/installer/product/components/netbeans-license-mysql.txt
[2024-01-15 15:49:57.283]:             loading nbi.product.suggest.install => true
[2024-01-15 15:49:57.283]:             loading nbi.wizard.ui.swing.frame.icon => resource:org/netbeans/installer/wizard/wizard-icon.png
[2024-01-15 15:49:57.283]:             loading nbi.wizard.ui.swing.frame.width.aqua => 640
[2024-01-15 15:49:57.283]:             loading nbi.wizard.ui.swing.frame.minimum.height.motif => 470
[2024-01-15 15:49:57.283]:             loading nbi.wizard.ui.swing.frame.minimum.height.gtk => 528
[2024-01-15 15:49:57.283]:             loading nbi.product.remove.corrupted.products.silently => true
[2024-01-15 15:49:57.283]:             loading nbi.wizard.ui.swing.frame.width.motif => 624
[2024-01-15 15:49:57.283]:             loading nbi.wizard.ui.swing.frame.minimum.width.win.classic => 588
[2024-01-15 15:49:57.283]:             loading nbi.wizard.ui.swing.welcome.left.bottom.image => resource:org/netbeans/installer/wizard/components/panels/netbeans/resources/welcome-left-bottom.png
[2024-01-15 15:49:57.283]:             loading nbi.macosx.application.directory.name => NetBeans IDE Installer
[2024-01-15 15:49:57.283]:             loading nbi.overall.license.resource => org/netbeans/installer/product/components/netbeans-license.txt
[2024-01-15 15:49:57.283]:             loading nbi.wizard.ui.swing.frame.height.gtk => 528
[2024-01-15 15:49:57.283]:             loading nbi.wizard.ui.swing.frame.minimum.width.metal => 624
[2024-01-15 15:49:57.283]:             loading nbi.wizard.ui.swing.frame.minimum.width.motif => 624
[2024-01-15 15:49:57.283]:             loading nbi.wizard.ui.swing.frame.height.metal => 470
[2024-01-15 15:49:57.283]:             loading nbi.wizard.ui.swing.frame.minimum.width.gtk => 704
[2024-01-15 15:49:57.283]:             loading nbi.junit.license.resource => org/netbeans/installer/product/components/junit-license.txt
[2024-01-15 15:49:57.283]:             loading nbi.wizard.ui.swing.frame.width.metal => 624
[2024-01-15 15:49:57.283]:             loading nbi.wizard.ui.swing.frame.height.default => 500
[2024-01-15 15:49:57.283]:             loading nbi.wizard.ui.swing.frame.height.win.classic => 442
[2024-01-15 15:49:57.283]:             loading nbi.wizard.ui.swing.frame.height.win.xp => 450
[2024-01-15 15:49:57.283]:             loading nbi.wizard.ui.swing.frame.height.nimbus => 512
[2024-01-15 15:49:57.283]:             loading nbi.overall.license.javafx.resource => org/netbeans/installer/product/components/netbeans-license-javafx.txt
[2024-01-15 15:49:57.283]:             loading nbi.wizard.ui.swing.frame.title.pattern => {0}
[2024-01-15 15:49:57.283]:             loading nbi.wizard.ui.swing.frame.width.win.classic => 588
[2024-01-15 15:49:57.283]:             loading nbi.wizard.ui.swing.frame.minimum.height.metal => 470
[2024-01-15 15:49:57.283]:             loading nbi.wizard.ui.swing.frame.minimum.width.aqua => 640
[2024-01-15 15:49:57.283]:     ... finished loading engine properties
[2024-01-15 15:49:57.283]:     exiting -- org.netbeans.installer.Installer.<init>():103
[2024-01-15 15:49:57.283]:     initializing the local directory
[2024-01-15 15:49:57.283]:         ... custom local directory was not specified, using the default
[2024-01-15 15:49:57.283]:         ... local directory: C:\Users\imrab\.nbi
[2024-01-15 15:49:57.283]:     ... finished initializing local directory
[2024-01-15 15:49:57.291]:     entering -- org.netbeans.installer.Installer.<init>():109
[2024-01-15 15:49:57.291]:     ... initializing DownloadManager
[2024-01-15 15:49:57.295]:         file not exist, queue is empty!
[2024-01-15 15:49:57.297]:     ... end of initializing DownloadManager
[2024-01-15 15:49:57.297]:     exiting -- org.netbeans.installer.Installer.<init>():109
[2024-01-15 15:49:57.297]:     entering -- org.netbeans.installer.Installer.<init>():110
[2024-01-15 15:49:57.297]:     ... initializing Registry
[2024-01-15 15:49:57.297]:     ... end of initializing ErrorHandler
[2024-01-15 15:49:57.312]:     exiting -- org.netbeans.installer.Installer.<init>():110
[2024-01-15 15:49:57.312]:     entering -- org.netbeans.installer.Installer.<init>():111
[2024-01-15 15:49:57.312]:     ... initializing Wizard
[2024-01-15 15:49:57.396]:         ... loading registry from resource:data/registry.xml
[2024-01-15 15:49:57.455]:         entering -- org.netbeans.installer.product.Registry.loadProductRegistry():982
[2024-01-15 15:49:57.456]:         validating previous installations
[2024-01-15 15:49:57.456]:         ... validating installations finished
[2024-01-15 15:49:57.456]:         exiting -- org.netbeans.installer.product.Registry.loadProductRegistry():982
[2024-01-15 15:49:57.460]:         Can`t load message in bundle org.netbeans.installer.wizard.components.panels.netbeans.Bundle for key NPrISP.installation.folders using [jdk.internal.loader.ClassLoaders$AppClassLoader@70dea4e] classloader
[2024-01-15 15:49:57.467]:     ... end of initializing Wizard
[2024-01-15 15:49:57.467]:     exiting -- org.netbeans.installer.Installer.<init>():111
[2024-01-15 15:49:57.467]:     creating lock file
[2024-01-15 15:49:57.468]:         ... created lock file: C:\Users\imrab\.nbi\.nbilock
[2024-01-15 15:49:57.468]:     finished creating lock file
[2024-01-15 15:49:57.468]: ... finished initializing the engine
[2024-01-15 15:49:57.468]: exiting -- org.netbeans.installer.Installer.main():61
[2024-01-15 15:49:57.468]: entering -- org.netbeans.installer.Installer.main():61
[2024-01-15 15:49:57.468]: starting the installer
[2024-01-15 15:49:57.470]:     ... initializing look and feel
[2024-01-15 15:49:57.470]:         ... custom look and feel class name was not specified, using system default
[2024-01-15 15:49:57.523]:         ... class name: com.sun.java.swing.plaf.windows.WindowsLookAndFeel
[2024-01-15 15:49:57.524]:         ... get installed L&Fs
[2024-01-15 15:49:57.554]:         ... set specified L&F
[2024-01-15 15:49:57.572]:         ... check headless
[2024-01-15 15:49:57.572]:         ... creating JFileChooser object to check possible issues with UI
[2024-01-15 15:49:58.046]:         ... getting default Toolkit to check possible issues with UI
[2024-01-15 15:49:58.046]:         ... creating JProgressBar object to check possible issues with UI
[2024-01-15 15:49:58.048]:         ... all UI checks done
[2024-01-15 15:49:58.048]:         ... L&F is set
[2024-01-15 15:49:58.048]:     ... initializing L&F finished
[2024-01-15 15:49:58.138]:     NameResolver - to parse &Help!
[2024-01-15 15:49:58.139]:     NameResolver - to parse < &Back
[2024-01-15 15:49:58.140]:     NameResolver - to parse &Next >
[2024-01-15 15:49:58.140]:     NameResolver - to parse Cancel
[2024-01-15 15:49:58.141]:     NameResolver - to parse Configuring the Installer...
[2024-01-15 15:49:58.141]:     NameResolver - to parse Configuring the Installer...
[2024-01-15 15:49:58.144]:     NameResolver - to parse Configuring the Installer...
[2024-01-15 15:49:58.144]:     NameResolver - to parse Configuring the Installer...
[2024-01-15 15:49:58.145]:     NameResolver - to parse Please wait while Apache NetBeans IDE installer initializes
[2024-01-15 15:49:58.158]:     NameResolver - to parse Configuring the Installer...
[2024-01-15 15:49:58.158]:     NameResolver - to parse Please wait while Apache NetBeans IDE installer initializes
[2024-01-15 15:49:58.159]: ... finished starting the installer
[2024-01-15 15:49:58.159]: exiting -- org.netbeans.installer.Installer.main():61
[2024-01-15 15:49:58.159]: NameResolver - to parse Configuring the Installer...
[2024-01-15 15:49:58.160]: entering -- org.netbeans.installer.wizard.components.actions.InitializeRegistryAction.execute():53
[2024-01-15 15:49:58.160]: initializing product registry
[2024-01-15 15:49:58.160]:     entering -- org.netbeans.installer.product.Registry.initializeRegistry():171
[2024-01-15 15:49:58.161]:     initializing product registry properties
[2024-01-15 15:49:58.161]:         initializing local product cache directory
[2024-01-15 15:49:58.161]:         ... C:\Users\imrab\.nbi\product-cache
[2024-01-15 15:49:58.161]:         initializing local product registry file
[2024-01-15 15:49:58.162]:         copying file: C:\Users\imrab\.nbi\tmp\default-registry.xml to: C:\Users\imrab\.nbi\registry.xml
[2024-01-15 15:49:58.167]:             ... C:\Users\imrab\.nbi\registry.xml
[2024-01-15 15:49:58.167]:             initializing local product registry stub uri
[2024-01-15 15:49:58.167]:             ... resource:org/netbeans/installer/product/default-registry.xml
[2024-01-15 15:49:58.167]:             initializing bundled product registry uri
[2024-01-15 15:49:58.167]:             ... resource:data/registry.xml
[2024-01-15 15:49:58.167]:             initializing product registry schema uri
[2024-01-15 15:49:58.167]:             ... resource:org/netbeans/installer/product/registry.xsd
[2024-01-15 15:49:58.167]:             initializing remote product registries uris
[2024-01-15 15:49:58.167]:             initializing state file schema uri
[2024-01-15 15:49:58.167]:             ... resource:org/netbeans/installer/product/state-file.xsd
[2024-01-15 15:49:58.167]:             initializing default state file uri
[2024-01-15 15:49:58.168]:             ... resource:org/netbeans/installer/product/default-state-file.xml
[2024-01-15 15:49:58.168]:             initializing target platform
[2024-01-15 15:49:58.168]:             ... windows-x64
[2024-01-15 15:49:58.168]:     initializing product registry properties
[2024-01-15 15:49:58.168]:     exiting -- org.netbeans.installer.product.Registry.initializeRegistry():171
[2024-01-15 15:49:58.169]:     ... loading registry from file:/C:/Users/imrab/.nbi/registry.xml
[2024-01-15 15:49:58.177]:     entering -- org.netbeans.installer.product.Registry.loadProductRegistry():982
[2024-01-15 15:49:58.177]:     validating previous installations
[2024-01-15 15:49:58.178]:     ... validating installations finished
[2024-01-15 15:49:58.178]:     exiting -- org.netbeans.installer.product.Registry.loadProductRegistry():982
[2024-01-15 15:49:58.178]:     ... loading registry from resource:data/registry.xml
[2024-01-15 15:49:58.199]:     entering -- org.netbeans.installer.product.Registry.loadProductRegistry():982
[2024-01-15 15:49:58.199]:     validating previous installations
[2024-01-15 15:49:58.200]:     ... validating installations finished
[2024-01-15 15:49:58.200]:     exiting -- org.netbeans.installer.product.Registry.loadProductRegistry():982
[2024-01-15 15:49:58.200]: ... product registry initialization complete
[2024-01-15 15:49:58.200]: exiting -- org.netbeans.installer.wizard.components.actions.InitializeRegistryAction.execute():53
[2024-01-15 15:49:58.201]: NameResolver - to parse Extracting configuration logic for {0}
[2024-01-15 15:49:58.414]: NameResolver - to parse Extracting configuration logic for {0}
[2024-01-15 15:49:58.631]: NameResolver - to parse Extracting configuration logic for {0}
[2024-01-15 15:49:58.847]: NameResolver - to parse Extracting configuration logic for {0}
[2024-01-15 15:49:59.058]: NameResolver - to parse Extracting configuration logic for {0}
[2024-01-15 15:49:59.265]: NameResolver - to parse Extracting configuration logic for {0}
[2024-01-15 15:49:59.505]: entering -- org.netbeans.installer.wizard.components.actions.netbeans.NbInitializationAction.execute():116
[2024-01-15 15:49:59.505]: search for all java locations
[2024-01-15 15:49:59.715]:     checking for possible java locations in windows registry
[2024-01-15 15:49:59.716]:         ... alternative registry view is also supported
[2024-01-15 15:49:59.716]:     ... finished
[2024-01-15 15:49:59.716]:     checking for possible java locations in environment
[2024-01-15 15:49:59.717]:     ... finished
[2024-01-15 15:49:59.718]:     NameResolver - to parse $S{java.home}
[2024-01-15 15:49:59.719]:     NameResolver - to parse $S{java.home}/..
[2024-01-15 15:49:59.720]:     NameResolver - to parse $N{install}
[2024-01-15 15:49:59.720]:           --- parsed to C:\Program Files
[2024-01-15 15:49:59.721]:     NameResolver - to parse $N{install}/Java
[2024-01-15 15:49:59.721]:           --- parsed to C:\Program Files/Java
[2024-01-15 15:49:59.722]:     investigating java home candidate: C:\Program Files\Java\jdk-21
[2024-01-15 15:49:59.723]:         executing command: C:\Program Files\Java\jdk-21\bin\java.exe -classpath C:\Users\imrab\.nbi\tmp TestJDK, in directory: .
[2024-01-15 15:49:59.805]:             [stdout]: 21.0.1
[2024-01-15 15:49:59.805]:             [stdout]: 21.0.1+12-LTS-29
[2024-01-15 15:49:59.805]:             [stdout]: Oracle Corporation
[2024-01-15 15:49:59.805]:             [stdout]: Windows 10
[2024-01-15 15:49:59.805]:             [stdout]: amd64
[2024-01-15 15:49:59.832]:             [return]: 0
[2024-01-15 15:49:59.832]:         ... command execution finished
[2024-01-15 15:49:59.832]:         ... java.version    = 21.0.1
[2024-01-15 15:49:59.832]:         ... java.vm.version = 21.0.1+12-LTS-29
[2024-01-15 15:49:59.832]:         ... java.vendor     = Oracle Corporation
[2024-01-15 15:49:59.832]:         ... os.name         = Windows 10
[2024-01-15 15:49:59.832]:         ... os.arch         = amd64
[2024-01-15 15:49:59.832]:         ... version string : 21.0.1+12-LTS-29
[2024-01-15 15:49:59.832]:         ... put jdk info to the Java map
[2024-01-15 15:49:59.833]:     ... parsed java: 21.0.1.0.0 by Oracle Corporation; final=true
[2024-01-15 15:49:59.839]:     investigating java home candidate: C:\Program Files\Java\jdk-21\bin
[2024-01-15 15:49:59.846]:     investigating java home candidate: C:\Program Files\Java\jdk-21\conf
[2024-01-15 15:49:59.853]:     investigating java home candidate: C:\Program Files\Java\jdk-21\include
[2024-01-15 15:49:59.860]:     investigating java home candidate: C:\Program Files\Java\jdk-21\jmods
[2024-01-15 15:49:59.867]:     investigating java home candidate: C:\Program Files\Java\jdk-21\legal
[2024-01-15 15:49:59.874]:     investigating java home candidate: C:\Program Files\Java\jdk-21\lib
[2024-01-15 15:49:59.880]:     investigating java home candidate: C:\Program Files\Java
[2024-01-15 15:49:59.886]:     investigating java home candidate: C:\Program Files\Java\jdk-21
[2024-01-15 15:49:59.886]:     ... parsed java: 21.0.1.0.0 by Oracle Corporation; final=true
[2024-01-15 15:49:59.891]:     investigating java home candidate: C:\Program Files
[2024-01-15 15:49:59.898]:     investigating java home candidate: C:\Program Files\AMD
[2024-01-15 15:49:59.905]:     investigating java home candidate: C:\Program Files\CodeBlocks
[2024-01-15 15:49:59.912]:     investigating java home candidate: C:\Program Files\Common Files
[2024-01-15 15:49:59.918]:     investigating java home candidate: C:\Program Files\Google
[2024-01-15 15:49:59.925]:     investigating java home candidate: C:\Program Files\Internet Explorer
[2024-01-15 15:49:59.931]:     investigating java home candidate: C:\Program Files\Java
[2024-01-15 15:49:59.937]:     investigating java home candidate: C:\Program Files\Microsoft Update Health Tools
[2024-01-15 15:49:59.943]:     investigating java home candidate: C:\Program Files\mingw-w64
[2024-01-15 15:49:59.950]:     investigating java home candidate: C:\Program Files\ModifiableWindowsApps
[2024-01-15 15:49:59.956]:     investigating java home candidate: C:\Program Files\Notepad++
[2024-01-15 15:49:59.962]:     investigating java home candidate: C:\Program Files\RUXIM
[2024-01-15 15:49:59.968]:     investigating java home candidate: C:\Program Files\Sublime Text 3
[2024-01-15 15:49:59.974]:     investigating java home candidate: C:\Program Files\Uninstall Information
[2024-01-15 15:49:59.980]:     investigating java home candidate: C:\Program Files\Windows Defender
[2024-01-15 15:49:59.986]:     investigating java home candidate: C:\Program Files\Windows Defender Advanced Threat Protection
[2024-01-15 15:49:59.992]:     investigating java home candidate: C:\Program Files\Windows Mail
[2024-01-15 15:49:59.998]:     investigating java home candidate: C:\Program Files\Windows Media Player
[2024-01-15 15:50:00.004]:     investigating java home candidate: C:\Program Files\Windows Multimedia Platform
[2024-01-15 15:50:00.010]:     investigating java home candidate: C:\Program Files\Windows NT
[2024-01-15 15:50:00.017]:     investigating java home candidate: C:\Program Files\Windows Photo Viewer
[2024-01-15 15:50:00.023]:     investigating java home candidate: C:\Program Files\Windows Portable Devices
[2024-01-15 15:50:00.030]:     investigating java home candidate: C:\Program Files\Windows Security
[2024-01-15 15:50:00.036]:     investigating java home candidate: C:\Program Files\Windows Sidebar
[2024-01-15 15:50:00.043]:     investigating java home candidate: C:\Program Files\WindowsApps
[2024-01-15 15:50:00.051]:     investigating java home candidate: C:\Program Files\WindowsPowerShell
[2024-01-15 15:50:00.057]:     investigating java home candidate: C:\Program Files\Java
[2024-01-15 15:50:00.063]:     investigating java home candidate: C:\Program Files\Java\jdk-21
[2024-01-15 15:50:00.063]:     ... parsed java: 21.0.1.0.0 by Oracle Corporation; final=true
[2024-01-15 15:50:00.283]: ... end of search for all java locations
[2024-01-15 15:50:00.283]: exiting -- org.netbeans.installer.wizard.components.actions.netbeans.NbInitializationAction.execute():116
[2024-01-15 15:50:00.283]: ... bundledProductSkip = null
[2024-01-15 15:50:00.283]: ... bundledProductToInstall = null
[2024-01-15 15:50:00.285]: NameResolver - to parse resource:org/netbeans/installer/wizard/components/panels/netbeans/resources/welcome-left-bottom.png
[2024-01-15 15:50:00.295]: NameResolver - to parse &Help!
[2024-01-15 15:50:00.300]: NameResolver - to parse < &Back
[2024-01-15 15:50:00.300]: NameResolver - to parse &Next >
[2024-01-15 15:50:00.300]: NameResolver - to parse Cancel
[2024-01-15 15:50:00.300]: NameResolver - to parse <html><h2 style="color: #FF8E00; bold">Welcome to the Apache NetBeans IDE 20 Installer</h2>
[2024-01-15 15:50:00.301]: NameResolver - to parse </html>
[2024-01-15 15:50:00.301]: NameResolver - to parse text/html
[2024-01-15 15:50:00.320]: NameResolver - to parse <html>
[2024-01-15 15:50:00.325]: NameResolver - to parse The installer will install the NetBeans IDE with the following packs and runtimes.<br>Click Customize to select the packs and runtimes to install.<br><br>
[2024-01-15 15:50:00.325]: NameResolver - to parse text/html
[2024-01-15 15:50:00.325]: NameResolver - to parse <html>
[2024-01-15 15:50:00.325]: NameResolver - to parse {0}<br>
[2024-01-15 15:50:00.325]: NameResolver - to parse {0}<br>
[2024-01-15 15:50:00.325]: NameResolver - to parse {0}<br>
[2024-01-15 15:50:00.325]: NameResolver - to parse {0}<br>
[2024-01-15 15:50:00.325]: NameResolver - to parse {0}<br>
[2024-01-15 15:50:00.325]: NameResolver - to parse </html>
[2024-01-15 15:50:00.325]: NameResolver - to parse text/html
[2024-01-15 15:50:00.330]: NameResolver - to parse &Customize...
[2024-01-15 15:50:00.334]: NameResolver - to parse Installation Size: {0}
[2024-01-15 15:50:00.336]: NameResolver - to parse Insufficient disk space for extracting the installation data. Additional {1} is required in {0}.
[2024-01-15 15:50:00.337]: NameResolver - to parse $N{install}/NetBeans-20
[2024-01-15 15:50:00.337]:       --- parsed to C:\Program Files/NetBeans-20
[2024-01-15 15:50:00.338]: NameResolver - to parse 1.8.0.0.0
[2024-01-15 15:50:00.338]: NameResolver - to parse 500.0.0
[2024-01-15 15:50:00.338]: NameResolver - to parse .*
[2024-01-15 15:50:00.338]: NameResolver - to parse false
[2024-01-15 15:50:00.338]: NameResolver - to parse false
[2024-01-15 15:50:00.338]: ... loading registry from resource:data/registry.xml
[2024-01-15 15:50:00.354]: entering -- org.netbeans.installer.product.Registry.loadProductRegistry():982
[2024-01-15 15:50:00.354]: validating previous installations
[2024-01-15 15:50:00.354]: ... validating installations finished
[2024-01-15 15:50:00.354]: exiting -- org.netbeans.installer.product.Registry.loadProductRegistry():982
[2024-01-15 15:50:00.354]: NameResolver - to parse false
[2024-01-15 15:50:00.354]: ... use Java from the first item in the overall list: C:\Program Files\Java\jdk-21
[2024-01-15 15:50:00.355]: ... use Java that is already selected for the product: C:\Program Files\Java\jdk-21
[2024-01-15 15:50:00.356]: NameResolver - to parse Insufficient disk space for extracting the installation data. Additional {1} is required in {0}.
[2024-01-15 15:50:00.365]: NameResolver - to parse <dummy description>
[2024-01-15 15:50:02.366]: NameResolver - to parse Insufficient disk space for extracting the installation data. Additional {1} is required in {0}.
[2024-01-15 15:50:04.376]: NameResolver - to parse Insufficient disk space for extracting the installation data. Additional {1} is required in {0}.
[2024-01-15 15:50:06.396]: NameResolver - to parse Insufficient disk space for extracting the installation data. Additional {1} is required in {0}.
[2024-01-15 15:50:08.416]: NameResolver - to parse Insufficient disk space for extracting the installation data. Additional {1} is required in {0}.
[2024-01-15 15:50:10.420]: NameResolver - to parse Insufficient disk space for extracting the installation data. Additional {1} is required in {0}.
[2024-01-15 15:50:12.429]: NameResolver - to parse Insufficient disk space for extracting the installation data. Additional {1} is required in {0}.
[2024-01-15 15:50:14.432]: NameResolver - to parse Insufficient disk space for extracting the installation data. Additional {1} is required in {0}.
[2024-01-15 15:50:16.434]: NameResolver - to parse Insufficient disk space for extracting the installation data. Additional {1} is required in {0}.
[2024-01-15 15:50:18.436]: NameResolver - to parse Insufficient disk space for extracting the installation data. Additional {1} is required in {0}.
[2024-01-15 15:50:20.446]: NameResolver - to parse Insufficient disk space for extracting the installation data. Additional {1} is required in {0}.
[2024-01-15 15:50:22.449]: NameResolver - to parse Insufficient disk space for extracting the installation data. Additional {1} is required in {0}.
[2024-01-15 15:50:24.451]: NameResolver - to parse Insufficient disk space for extracting the installation data. Additional {1} is required in {0}.
[2024-01-15 15:50:26.459]: NameResolver - to parse Insufficient disk space for extracting the installation data. Additional {1} is required in {0}.
[2024-01-15 15:50:28.463]: NameResolver - to parse Insufficient disk space for extracting the installation data. Additional {1} is required in {0}.
[2024-01-15 15:50:30.464]: NameResolver - to parse Insufficient disk space for extracting the installation data. Additional {1} is required in {0}.
[2024-01-15 15:50:32.475]: NameResolver - to parse Insufficient disk space for extracting the installation data. Additional {1} is required in {0}.
[2024-01-15 15:50:34.485]: NameResolver - to parse Insufficient disk space for extracting the installation data. Additional {1} is required in {0}.
[2024-01-15 15:50:36.494]: NameResolver - to parse Insufficient disk space for extracting the installation data. Additional {1} is required in {0}.
[2024-01-15 15:50:38.497]: NameResolver - to parse Insufficient disk space for extracting the installation data. Additional {1} is required in {0}.
[2024-01-15 15:50:40.499]: NameResolver - to parse Insufficient disk space for extracting the installation data. Additional {1} is required in {0}.
[2024-01-15 15:50:42.513]: NameResolver - to parse Insufficient disk space for extracting the installation data. Additional {1} is required in {0}.
[2024-01-15 15:50:44.515]: NameResolver - to parse Insufficient disk space for extracting the installation data. Additional {1} is required in {0}.
[2024-01-15 15:50:46.516]: NameResolver - to parse Insufficient disk space for extracting the installation data. Additional {1} is required in {0}.
[2024-01-15 15:50:48.525]: NameResolver - to parse Insufficient disk space for extracting the installation data. Additional {1} is required in {0}.
[2024-01-15 15:50:50.528]: NameResolver - to parse Insufficient disk space for extracting the installation data. Additional {1} is required in {0}.
[2024-01-15 15:50:52.530]: NameResolver - to parse Insufficient disk space for extracting the installation data. Additional {1} is required in {0}.
[2024-01-15 15:50:54.531]: NameResolver - to parse Insufficient disk space for extracting the installation data. Additional {1} is required in {0}.
[2024-01-15 15:50:56.533]: NameResolver - to parse Insufficient disk space for extracting the installation data. Additional {1} is required in {0}.
[2024-01-15 15:50:58.534]: NameResolver - to parse Insufficient disk space for extracting the installation data. Additional {1} is required in {0}.
[2024-01-15 15:51:00.536]: NameResolver - to parse Insufficient disk space for extracting the installation data. Additional {1} is required in {0}.
[2024-01-15 15:51:02.538]: NameResolver - to parse Insufficient disk space for extracting the installation data. Additional {1} is required in {0}.
[2024-01-15 15:51:04.540]: NameResolver - to parse Insufficient disk space for extracting the installation data. Additional {1} is required in {0}.
[2024-01-15 15:51:06.546]: NameResolver - to parse Insufficient disk space for extracting the installation data. Additional {1} is required in {0}.
[2024-01-15 15:51:08.551]: NameResolver - to parse Insufficient disk space for extracting the installation data. Additional {1} is required in {0}.
[2024-01-15 15:51:10.564]: NameResolver - to parse Insufficient disk space for extracting the installation data. Additional {1} is required in {0}.
[2024-01-15 15:51:11.408]: NameResolver - to parse Insufficient disk space for extracting the installation data. Additional {1} is required in {0}.
[2024-01-15 15:51:11.423]: NameResolver - to parse &Help!
[2024-01-15 15:51:11.423]: NameResolver - to parse < &Back
[2024-01-15 15:51:11.423]: NameResolver - to parse &Next >
[2024-01-15 15:51:11.423]: NameResolver - to parse Cancel
[2024-01-15 15:51:11.423]: NameResolver - to parse I &accept the terms in the license agreement
[2024-01-15 15:51:11.423]: NameResolver - to parse org/netbeans/installer/product/components/netbeans-license.txt
[2024-01-15 15:51:11.423]: NameResolver - to parse $R{org/netbeans/installer/product/components/netbeans-license.txt;UTF-8}
[2024-01-15 15:51:11.423]: NameResolver - to parse {0}
[2024-01-15 15:51:11.439]: NameResolver - to parse License Agreement
[2024-01-15 15:51:11.439]: NameResolver - to parse License Agreement
[2024-01-15 15:51:11.455]: NameResolver - to parse License Agreement
[2024-01-15 15:51:11.455]: NameResolver - to parse License Agreement
[2024-01-15 15:51:11.455]: NameResolver - to parse Please read the following license agreement carefully.
[2024-01-15 15:51:11.470]: NameResolver - to parse License Agreement
[2024-01-15 15:51:11.470]: NameResolver - to parse Please read the following license agreement carefully.
[2024-01-15 15:51:14.634]: NameResolver - to parse C:\Program Files\NetBeans-20
[2024-01-15 15:51:14.634]: NameResolver - to parse 1.8.0.0.0
[2024-01-15 15:51:14.634]: NameResolver - to parse 500.0.0
[2024-01-15 15:51:14.634]: NameResolver - to parse .*
[2024-01-15 15:51:14.634]: NameResolver - to parse false
[2024-01-15 15:51:14.634]: NameResolver - to parse false
[2024-01-15 15:51:14.634]: ... use Java that is already selected for the product: C:\Program Files\Java\jdk-21
[2024-01-15 15:51:14.791]: NameResolver - to parse &Help!
[2024-01-15 15:51:14.791]: NameResolver - to parse < &Back
[2024-01-15 15:51:14.791]: NameResolver - to parse &Next >
[2024-01-15 15:51:14.791]: NameResolver - to parse Cancel
[2024-01-15 15:51:14.791]: NameResolver - to parse &JDK™ for the Apache NetBeans IDE:
[2024-01-15 15:51:14.791]: NameResolver - to parse The installation folder cannot be empty.
[2024-01-15 15:51:14.806]: ... use Java that is already selected for the product: C:\Program Files\Java\jdk-21
[2024-01-15 15:51:14.806]: NameResolver - to parse The installation folder cannot be empty.
[2024-01-15 15:51:14.806]: NameResolver - to parse Br&owse...
[2024-01-15 15:51:14.806]: NameResolver - to parse &Install the Apache NetBeans IDE to:
[2024-01-15 15:51:14.806]: NameResolver - to parse B&rowse...
[2024-01-15 15:51:14.806]: NameResolver - to parse false
[2024-01-15 15:51:14.806]: NameResolver - to parse false
[2024-01-15 15:51:14.806]: NameResolver - to parse Apache NetBeans IDE 20 Installation
[2024-01-15 15:51:14.806]: NameResolver - to parse Apache NetBeans IDE 20 Installation
[2024-01-15 15:51:14.806]: NameResolver - to parse Apache NetBeans IDE 20 Installation
[2024-01-15 15:51:14.806]: NameResolver - to parse Apache NetBeans IDE 20 Installation
[2024-01-15 15:51:14.806]: NameResolver - to parse Choose the installation folder and JDK™.
[2024-01-15 15:51:14.814]: NameResolver - to parse false
[2024-01-15 15:51:14.815]: NameResolver - to parse Apache NetBeans IDE 20 Installation
[2024-01-15 15:51:14.815]: NameResolver - to parse Choose the installation folder and JDK™.
[2024-01-15 15:51:16.815]: NameResolver - to parse false
[2024-01-15 15:51:18.820]: NameResolver - to parse false
[2024-01-15 15:51:19.727]: NameResolver - to parse false
[2024-01-15 15:51:19.742]: NameResolver - to parse nb-all
[2024-01-15 15:51:19.742]: NameResolver - to parse C:\Program Files\NetBeans-20
[2024-01-15 15:51:19.742]: NameResolver - to parse nb-all
[2024-01-15 15:51:19.742]: NameResolver - to parse C:\Program Files\NetBeans-20
[2024-01-15 15:51:19.742]: NameResolver - to parse nb-all
[2024-01-15 15:51:19.742]: NameResolver - to parse C:\Program Files\NetBeans-20
[2024-01-15 15:51:19.742]: NameResolver - to parse nb-all
[2024-01-15 15:51:19.742]: NameResolver - to parse C:\Program Files\NetBeans-20
[2024-01-15 15:51:19.742]: NameResolver - to parse nb-all
[2024-01-15 15:51:19.742]: NameResolver - to parse C:\Program Files\NetBeans-20
[2024-01-15 15:51:19.742]: NameResolver - to parse &Help!
[2024-01-15 15:51:19.742]: NameResolver - to parse < &Back
[2024-01-15 15:51:19.742]: NameResolver - to parse &Install
[2024-01-15 15:51:19.742]: NameResolver - to parse Cancel
[2024-01-15 15:51:19.742]: NameResolver - to parse &Install
[2024-01-15 15:51:19.742]: NameResolver - to parse {0} Installation Folder:
[2024-01-15 15:51:19.742]: NameResolver - to parse C:\Program Files\NetBeans-20
[2024-01-15 15:51:19.742]: NameResolver - to parse The following components will be uninstalled:
[2024-01-15 15:51:19.742]: NameResolver - to parse Total Installation Size:
[2024-01-15 15:51:19.742]: NameResolver - to parse Total Download Size:
[2024-01-15 15:51:19.742]: NameResolver - to parse Check for &Updates
[2024-01-15 15:51:19.742]: NameResolver - to parse <html>The NetBeans installer can automatically check for updates of installed plugins<br>using your Internet connection.
[2024-01-15 15:51:19.742]: NameResolver - to parse C:\Program Files\NetBeans-20
[2024-01-15 15:51:19.742]: NameResolver - to parse C:\Program Files\NetBeans-20
[2024-01-15 15:51:19.742]: NameResolver - to parse C:\Program Files\NetBeans-20
[2024-01-15 15:51:19.742]: NameResolver - to parse C:\Program Files\NetBeans-20
[2024-01-15 15:51:19.742]: NameResolver - to parse C:\Program Files\NetBeans-20
[2024-01-15 15:51:19.742]: NameResolver - to parse C:\Program Files\NetBeans-20
[2024-01-15 15:51:19.758]: Roots : C:\, D:\
[2024-01-15 15:51:19.758]: NameResolver - to parse C:\Program Files\NetBeans-20
[2024-01-15 15:51:19.758]:     [C:\] <- C:\Program Files\NetBeans-20
[2024-01-15 15:51:19.758]: NameResolver - to parse C:\Program Files\NetBeans-20
[2024-01-15 15:51:19.758]:     [C:\] <- C:\Program Files\NetBeans-20
[2024-01-15 15:51:19.758]: NameResolver - to parse C:\Program Files\NetBeans-20
[2024-01-15 15:51:19.758]:     [C:\] <- C:\Program Files\NetBeans-20
[2024-01-15 15:51:19.758]: NameResolver - to parse C:\Program Files\NetBeans-20
[2024-01-15 15:51:19.758]:     [C:\] <- C:\Program Files\NetBeans-20
[2024-01-15 15:51:19.758]: NameResolver - to parse C:\Program Files\NetBeans-20
[2024-01-15 15:51:19.758]:     [C:\] <- C:\Program Files\NetBeans-20
[2024-01-15 15:51:19.758]: NameResolver - to parse C:\Program Files\NetBeans-20
[2024-01-15 15:51:19.758]:     [C:\] <- C:\Program Files\NetBeans-20
[2024-01-15 15:51:19.758]: NameResolver - to parse Summary
[2024-01-15 15:51:19.758]: NameResolver - to parse Summary
[2024-01-15 15:51:19.758]: NameResolver - to parse C:\Program Files\NetBeans-20
[2024-01-15 15:51:19.758]: NameResolver - to parse C:\Program Files\NetBeans-20
[2024-01-15 15:51:19.758]: NameResolver - to parse C:\Program Files\NetBeans-20
[2024-01-15 15:51:19.758]: NameResolver - to parse C:\Program Files\NetBeans-20
[2024-01-15 15:51:19.758]: NameResolver - to parse C:\Program Files\NetBeans-20
[2024-01-15 15:51:19.758]: NameResolver - to parse C:\Program Files\NetBeans-20
[2024-01-15 15:51:19.758]: NameResolver - to parse Summary
[2024-01-15 15:51:19.758]: Roots : C:\, D:\
[2024-01-15 15:51:19.761]: NameResolver - to parse Summary
[2024-01-15 15:51:19.761]: NameResolver - to parse Click Install to start the installation.
[2024-01-15 15:51:19.761]: NameResolver - to parse C:\Program Files\NetBeans-20
[2024-01-15 15:51:19.761]:     [C:\] <- C:\Program Files\NetBeans-20
[2024-01-15 15:51:19.761]: NameResolver - to parse C:\Program Files\NetBeans-20
[2024-01-15 15:51:19.761]:     [C:\] <- C:\Program Files\NetBeans-20
[2024-01-15 15:51:19.761]: NameResolver - to parse C:\Program Files\NetBeans-20
[2024-01-15 15:51:19.761]:     [C:\] <- C:\Program Files\NetBeans-20
[2024-01-15 15:51:19.761]: NameResolver - to parse C:\Program Files\NetBeans-20
[2024-01-15 15:51:19.761]:     [C:\] <- C:\Program Files\NetBeans-20
[2024-01-15 15:51:19.761]: NameResolver - to parse C:\Program Files\NetBeans-20
[2024-01-15 15:51:19.761]:     [C:\] <- C:\Program Files\NetBeans-20
[2024-01-15 15:51:19.761]: NameResolver - to parse C:\Program Files\NetBeans-20
[2024-01-15 15:51:19.761]:     [C:\] <- C:\Program Files\NetBeans-20
[2024-01-15 15:51:19.761]: NameResolver - to parse Summary
[2024-01-15 15:51:19.761]: NameResolver - to parse Click Install to start the installation.
[2024-01-15 15:51:21.699]: NameResolver - to parse C:\Program Files\NetBeans-20
[2024-01-15 15:51:21.699]: NameResolver - to parse C:\Program Files\NetBeans-20
[2024-01-15 15:51:21.699]: NameResolver - to parse C:\Program Files\NetBeans-20
[2024-01-15 15:51:21.699]: NameResolver - to parse C:\Program Files\NetBeans-20
[2024-01-15 15:51:21.699]: NameResolver - to parse C:\Program Files\NetBeans-20
[2024-01-15 15:51:21.699]: NameResolver - to parse C:\Program Files\NetBeans-20
[2024-01-15 15:51:21.699]: Roots : C:\, D:\
[2024-01-15 15:51:21.699]: NameResolver - to parse C:\Program Files\NetBeans-20
[2024-01-15 15:51:21.699]:     [C:\] <- C:\Program Files\NetBeans-20
[2024-01-15 15:51:21.699]: NameResolver - to parse C:\Program Files\NetBeans-20
[2024-01-15 15:51:21.699]:     [C:\] <- C:\Program Files\NetBeans-20
[2024-01-15 15:51:21.699]: NameResolver - to parse C:\Program Files\NetBeans-20
[2024-01-15 15:51:21.699]:     [C:\] <- C:\Program Files\NetBeans-20
[2024-01-15 15:51:21.699]: NameResolver - to parse C:\Program Files\NetBeans-20
[2024-01-15 15:51:21.699]:     [C:\] <- C:\Program Files\NetBeans-20
[2024-01-15 15:51:21.699]: NameResolver - to parse C:\Program Files\NetBeans-20
[2024-01-15 15:51:21.699]:     [C:\] <- C:\Program Files\NetBeans-20
[2024-01-15 15:51:21.699]: NameResolver - to parse C:\Program Files\NetBeans-20
[2024-01-15 15:51:21.699]:     [C:\] <- C:\Program Files\NetBeans-20
[2024-01-15 15:51:21.699]: NameResolver - to parse &Help!
[2024-01-15 15:51:21.699]: NameResolver - to parse < &Back
[2024-01-15 15:51:21.699]: NameResolver - to parse &Next >
[2024-01-15 15:51:21.699]: NameResolver - to parse Cancel
[2024-01-15 15:51:21.699]: NameResolver - to parse Preparing Installation Data...
[2024-01-15 15:51:21.699]: NameResolver - to parse Preparing Installation Data...
[2024-01-15 15:51:21.699]: NameResolver - to parse Preparing Installation Data...
[2024-01-15 15:51:21.699]: NameResolver - to parse Preparing Installation Data...
[2024-01-15 15:51:21.699]: NameResolver - to parse Please wait while the wizard prepares the installation data.
[2024-01-15 15:51:21.699]: NameResolver - to parse Preparing Installation Data...
[2024-01-15 15:51:21.699]: NameResolver - to parse Please wait while the wizard prepares the installation data.
[2024-01-15 15:51:21.699]: entering -- org.netbeans.installer.wizard.components.WizardAction$1.run():103
[2024-01-15 15:51:21.699]: getting all installation data
[2024-01-15 15:51:21.699]:     NameResolver - to parse Extracting installation data for {0}
[2024-01-15 15:51:22.217]:     NameResolver - to parse Extracting installation data for {0}
[2024-01-15 15:51:22.421]:     NameResolver - to parse Extracting installation data for {0}
[2024-01-15 15:51:22.727]:     NameResolver - to parse Extracting installation data for {0}
[2024-01-15 15:51:23.108]:     NameResolver - to parse Extracting installation data for {0}
[2024-01-15 15:51:23.827]:     NameResolver - to parse Extracting installation data for {0}
[2024-01-15 15:51:24.052]: ... finished getting of the installation data
[2024-01-15 15:51:24.052]: exiting -- org.netbeans.installer.wizard.components.WizardAction$1.run():103
[2024-01-15 15:51:24.052]: NameResolver - to parse &Help!
[2024-01-15 15:51:24.052]: NameResolver - to parse < &Back
[2024-01-15 15:51:24.052]: NameResolver - to parse &Next >
[2024-01-15 15:51:24.052]: NameResolver - to parse Cancel
[2024-01-15 15:51:24.052]: NameResolver - to parse Installation
[2024-01-15 15:51:24.052]: NameResolver - to parse Installation
[2024-01-15 15:51:24.052]: NameResolver - to parse Installation
[2024-01-15 15:51:24.052]: NameResolver - to parse Installation
[2024-01-15 15:51:24.052]: NameResolver - to parse Please wait while the installer installs Apache NetBeans IDE and runtimes.
[2024-01-15 15:51:24.052]: NameResolver - to parse Installation
[2024-01-15 15:51:24.052]: NameResolver - to parse Please wait while the installer installs Apache NetBeans IDE and runtimes.
[2024-01-15 15:51:24.052]: Start products installation
[2024-01-15 15:51:24.052]:     NameResolver - to parse Installing {0}...
[2024-01-15 15:51:24.052]:     Start installation of Base IDE(nb-all/20.0.0.231123.0)
[2024-01-15 15:51:24.052]:         NameResolver - to parse C:\Program Files\NetBeans-20
[2024-01-15 15:51:24.052]:         NameResolver - to parse C:\Program Files\NetBeans-20
[2024-01-15 15:51:24.052]:         NameResolver - to parse C:\Program Files\NetBeans-20
[2024-01-15 15:51:24.052]:         NameResolver - to parse C:\Program Files\NetBeans-20
[2024-01-15 15:51:24.052]:         ... extracting files from the data archives
[2024-01-15 15:51:24.052]:         NameResolver - to parse C:\Program Files\NetBeans-20
[2024-01-15 15:51:24.083]:         deleting file: C:\Users\imrab\AppData\Local\Temp\nbi-1936833380037633599.tmp
[2024-01-15 15:51:24.099]:         extracting C:\Program Files\NetBeans-20\netbeans\harness\nbi\stub\ext\engine\src\org\mycompany\installer\wizard\components\panels\resources\welcome-left-bottom.png
[2024-01-15 15:51:24.099]:         extracting C:\Program Files\NetBeans-20\netbeans\harness\nbi\stub\ext\engine\src\org\mycompany\installer\wizard\components\panels\resources\welcome-left-top.png
[2024-01-15 15:51:24.099]:         extracting C:\Program Files\NetBeans-20\netbeans\harness\nbi\stub\ext\engine\src\org\mycompany\installer\wizard\components\panels\PostInstallSummaryPanel.java
[2024-01-15 15:51:24.099]:         extracting C:\Program Files\NetBeans-20\netbeans\harness\nbi\stub\ext\engine\src\org\mycompany\installer\wizard\components\panels\PreInstallSummaryPanel.java
[2024-01-15 15:51:24.099]:         extracting C:\Program Files\NetBeans-20\netbeans\harness\nbi\stub\ext\components\products\helloworld\src\org\mycompany\wizard\panels\HelloWorldPanel.java
[2024-01-15 15:51:24.099]:         extracting C:\Program Files\NetBeans-20\netbeans\harness\nbi\stub\ext\engine\src\org\mycompany\installer\wizard\components\actions\InitializeAction.java
[2024-01-15 15:51:24.114]:         extracting C:\Program Files\NetBeans-20\netbeans\harness\nbi\stub\ext\engine\src\org\mycompany\installer\wizard\wizard-description-background-right.png
[2024-01-15 15:51:24.114]:         extracting C:\Program Files\NetBeans-20\netbeans\harness\nbi\stub\ext\engine\src\org\mycompany\installer\wizard\wizard-description-background-left.png
[2024-01-15 15:51:24.114]:         extracting C:\Program Files\NetBeans-20\netbeans\harness\nbi\stub\ext\engine\src\org\mycompany\installer\wizard\components\sequences\Bundle.properties
[2024-01-15 15:51:24.114]:         extracting C:\Program Files\NetBeans-20\netbeans\harness\nbi\stub\ext\engine\src\org\mycompany\installer\wizard\components\sequences\MainSequence.java
[2024-01-15 15:51:24.114]:         extracting C:\Program Files\NetBeans-20\netbeans\harness\nbi\stub\ext\components\products\helloworld\src\org\mycompany\wizard\panels\Bundle.properties
[2024-01-15 15:51:24.114]:         extracting C:\Program Files\NetBeans-20\netbeans\harness\nbi\stub\ext\engine\src\org\mycompany\installer\wizard\components\actions\Bundle.properties
[2024-01-15 15:51:24.114]:         extracting C:\Program Files\NetBeans-20\netbeans\harness\nbi\stub\ext\engine\src\org\mycompany\installer\wizard\components\panels\Bundle.properties
[2024-01-15 15:51:24.114]:         extracting C:\Program Files\NetBeans-20\netbeans\harness\nbi\stub\ext\engine\src\org\mycompany\installer\wizard\components\panels\WelcomePanel.java
[2024-01-15 15:51:24.114]:         extracting C:\Program Files\NetBeans-20\netbeans\harness\nbi\stub\ext\engine\src\org\mycompany\installer\utils\applications\NetBeansRCPUtils.java
[2024-01-15 15:51:24.114]:         extracting C:\Program Files\NetBeans-20\netbeans\harness\nbi\stub\ext\components\products\helloworld\src\org\mycompany\ConfigurationLogic.java
[2024-01-15 15:51:24.114]:         extracting C:\Program Files\NetBeans-20\netbeans\harness\nbi\stub\ext\engine\src\org\mycompany\installer\utils\applications\Bundle.properties
[2024-01-15 15:51:24.114]:         extracting C:\Program Files\NetBeans-20\netbeans\harness\nbi\stub\ext\engine\src\org\mycompany\installer\wizard\components\panels\resources
[2024-01-15 15:51:24.114]:         extracting C:\Program Files\NetBeans-20\netbeans\harness\nbi\stub\ext\components\products\helloworld\src\org\mycompany\Bundle.properties
[2024-01-15 15:51:24.114]:         extracting C:\Program Files\NetBeans-20\netbeans\harness\nbi\stub\ext\engine\src\org\mycompany\installer\wizard\wizard-components.xml
[2024-01-15 15:51:24.130]:         extracting C:\Program Files\NetBeans-20\netbeans\harness\nbi\stub\ext\engine\src\org\mycompany\installer\wizard\components\sequences
[2024-01-15 15:51:24.130]:         extracting C:\Program Files\NetBeans-20\netbeans\harness\nbi\stub\ext\components\products\helloworld\src\org\mycompany\wizard\panels
[2024-01-15 15:51:24.130]:         extracting C:\Program Files\NetBeans-20\netbeans\harness\nbi\stub\ext\engine\src\org\mycompany\installer\wizard\components\actions
[2024-01-15 15:51:24.130]:         extracting C:\Program Files\NetBeans-20\netbeans\harness\nbi\stub\ext\components\products\helloworld\nbproject\genfiles.properties
[2024-01-15 15:51:24.130]:         extracting C:\Program Files\NetBeans-20\netbeans\harness\nbi\stub\ext\engine\src\org\mycompany\installer\wizard\components\panels
[2024-01-15 15:51:24.130]:         extracting C:\Program Files\NetBeans-20\netbeans\harness\nbi\stub\ext\engine\src\native\launcher\windows\i18n\launcher.properties
[2024-01-15 15:51:24.130]:         extracting C:\Program Files\NetBeans-20\netbeans\harness\nbi\stub\ext\components\products\helloworld\nbproject\project.properties
[2024-01-15 15:51:24.130]:         extracting C:\Program Files\NetBeans-20\netbeans\harness\nbi\stub\ext\components\products\helloworld\src\org\mycompany\wizard.xml
[2024-01-15 15:51:24.130]:         extracting C:\Program Files\NetBeans-20\netbeans\harness\nbi\stub\ext\engine\src\org\mycompany\installer\wizard\wizard-icon.png
[2024-01-15 15:51:24.130]:         extracting C:\Program Files\NetBeans-20\netbeans\ide\update_tracking\org-netbeans-modules-editor-deprecated-pre65formatting.xml
[2024-01-15 15:51:24.130]:         extracting C:\Program Files\NetBeans-20\netbeans\harness\nbi\stub\ext\engine\src\native\launcher\unix\i18n\launcher.properties
[2024-01-15 15:51:24.130]:         extracting C:\Program Files\NetBeans-20\netbeans\ide\update_tracking\org-netbeans-modules-spellchecker-bindings-properties.xml
[2024-01-15 15:51:24.130]:         extracting C:\Program Files\NetBeans-20\netbeans\ide\update_tracking\org-netbeans-modules-versioning-system-cvss-installer.xml
[2024-01-15 15:51:24.130]:         extracting C:\Program Files\NetBeans-20\netbeans\ide\config\Modules\org-netbeans-modules-editor-deprecated-pre65formatting.xml
[2024-01-15 15:51:24.130]:         extracting C:\Program Files\NetBeans-20\netbeans\harness\nbi\stub\ext\components\products\helloworld\nbproject\build-impl.xml
[2024-01-15 15:51:24.130]:         extracting C:\Program Files\NetBeans-20\netbeans\harness\nbi\stub\ext\components\products\helloworld\src\org\mycompany\wizard
[2024-01-15 15:51:24.145]:         extracting C:\Program Files\NetBeans-20\netbeans\ide\config\Modules\org-netbeans-modules-spellchecker-bindings-properties.xml
[2024-01-15 15:51:24.145]:         extracting C:\Program Files\NetBeans-20\netbeans\ide\config\Modules\org-netbeans-modules-versioning-system-cvss-installer.xml
[2024-01-15 15:51:24.145]:         extracting C:\Program Files\NetBeans-20\netbeans\harness\nbi\stub\ext\engine\src\org\mycompany\installer\utils\applications
[2024-01-15 15:51:24.145]:         extracting C:\Program Files\NetBeans-20\netbeans\harness\nbi\stub\ext\components\products\helloworld\data\Bundle.properties
[2024-01-15 15:51:24.145]:         extracting C:\Program Files\NetBeans-20\netbeans\ide\update_tracking\org-netbeans-modules-spellchecker-bindings-htmlxml.xml
[2024-01-15 15:51:24.145]:         extracting C:\Program Files\NetBeans-20\netbeans\ide\config\ModuleAutoDeps\org-netbeans-modules-editor-settings-storage.xml
[2024-01-15 15:51:24.145]:         extracting C:\Program Files\NetBeans-20\netbeans\harness\nbi\stub\ext\engine\src\org\mycompany\installer\wizard\components
[2024-01-15 15:51:24.145]:         extracting C:\Program Files\NetBeans-20\netbeans\harness\nbi\stub\ext\components\products\helloworld\nbproject\project.xml
[2024-01-15 15:51:24.145]:         extracting C:\Program Files\NetBeans-20\netbeans\ide\config\Modules\org-netbeans-modules-spellchecker-bindings-htmlxml.xml
[2024-01-15 15:51:24.145]:         extracting C:\Program Files\NetBeans-20\netbeans\platform\update_tracking\org-netbeans-modules-editor-mimelookup-impl.xml
[2024-01-15 15:51:24.145]:         extracting C:\Program Files\NetBeans-20\netbeans\nb\update_tracking\org-netbeans-modules-uihandler-exceptionreporter.xml
[2024-01-15 15:51:24.145]:         extracting C:\Program Files\NetBeans-20\netbeans\ide\update_tracking\org-netbeans-modules-spellchecker-dictionary_en.xml
[2024-01-15 15:51:24.145]:         extracting C:\Program Files\NetBeans-20\netbeans\platform\config\Modules\org-netbeans-modules-editor-mimelookup-impl.xml
[2024-01-15 15:51:24.145]:         extracting C:\Program Files\NetBeans-20\netbeans\nb\update_tracking\org-netbeans-modules-bugzilla-exceptionreporter.xml
[2024-01-15 15:51:24.145]:         extracting C:\Program Files\NetBeans-20\netbeans\nb\config\Modules\org-netbeans-modules-uihandler-exceptionreporter.xml
[2024-01-15 15:51:24.145]:         extracting C:\Program Files\NetBeans-20\netbeans\ide\update_tracking\org-netbeans-modules-dlight-nativeexecution-nb.xml
[2024-01-15 15:51:24.160]:         extracting C:\Program Files\NetBeans-20\netbeans\ide\update_tracking\org-netbeans-modules-extexecution-process-jdk9.xml
[2024-01-15 15:51:24.160]:         extracting C:\Program Files\NetBeans-20\netbeans\ide\update_tracking\org-netbeans-modules-versioning-indexingbridge.xml
[2024-01-15 15:51:24.160]:         extracting C:\Program Files\NetBeans-20\netbeans\ide\modules\org-netbeans-modules-editor-deprecated-pre65formatting.jar
[2024-01-15 15:51:24.160]:         extracting C:\Program Files\NetBeans-20\netbeans\ide\config\Modules\org-netbeans-modules-spellchecker-dictionary_en.xml
[2024-01-15 15:51:24.160]:         extracting C:\Program Files\NetBeans-20\netbeans\harness\nbi\stub\ext\infra\build\products\helloworld\build.properties
[2024-01-15 15:51:24.168]:         extracting C:\Program Files\NetBeans-20\netbeans\harness\nbi\stub\ext\components\products\helloworld\src\org\mycompany
[2024-01-15 15:51:24.168]:         extracting C:\Program Files\NetBeans-20\netbeans\nb\update_tracking\org-netbeans-modules-autoupdate-pluginimporter.xml
[2024-01-15 15:51:24.169]:         extracting C:\Program Files\NetBeans-20\netbeans\nb\config\Modules\org-netbeans-modules-bugzilla-exceptionreporter.xml
[2024-01-15 15:51:24.170]:         extracting C:\Program Files\NetBeans-20\netbeans\ide\modules\org-netbeans-modules-spellchecker-bindings-properties.jar
[2024-01-15 15:51:24.170]:         extracting C:\Program Files\NetBeans-20\netbeans\ide\modules\org-netbeans-modules-versioning-system-cvss-installer.jar
[2024-01-15 15:51:24.170]:         extracting C:\Program Files\NetBeans-20\netbeans\ide\config\Modules\org-netbeans-modules-dlight-nativeexecution-nb.xml
[2024-01-15 15:51:24.170]:         extracting C:\Program Files\NetBeans-20\netbeans\ide\config\Modules\org-netbeans-modules-extexecution-process-jdk9.xml
[2024-01-15 15:51:24.170]:         extracting C:\Program Files\NetBeans-20\netbeans\ide\config\Modules\org-netbeans-modules-versioning-indexingbridge.xml
[2024-01-15 15:51:24.170]:         extracting C:\Program Files\NetBeans-20\netbeans\platform\update_tracking\org-netbeans-modules-autoupdate-services.xml
[2024-01-15 15:51:24.170]:         extracting C:\Program Files\NetBeans-20\netbeans\harness\update_tracking\org-netbeans-modules-jellytools-platform.xml
[2024-01-15 15:51:24.170]:         extracting C:\Program Files\NetBeans-20\netbeans\nb\config\Modules\org-netbeans-modules-autoupdate-pluginimporter.xml
[2024-01-15 15:51:24.170]:         extracting C:\Program Files\NetBeans-20\netbeans\ide\update_tracking\org-netbeans-modules-editor-settings-storage.xml
[2024-01-15 15:51:24.170]:         extracting C:\Program Files\NetBeans-20\netbeans\ide\update_tracking\org-netbeans-modules-project-spi-intern-impl.xml
[2024-01-15 15:51:24.170]:         extracting C:\Program Files\NetBeans-20\netbeans\ide\config\ModuleAutoDeps\org-netbeans-modules-project-libraries.xml
[2024-01-15 15:51:24.170]:         extracting C:\Program Files\NetBeans-20\netbeans\platform\config\Modules\org-netbeans-modules-autoupdate-services.xml
[2024-01-15 15:51:24.170]:         extracting C:\Program Files\NetBeans-20\netbeans\harness\update_tracking\org-netbeans-modules-apisupport-harness.xml
[2024-01-15 15:51:24.170]:         extracting C:\Program Files\NetBeans-20\netbeans\harness\nbi\stub\ext\components\products\helloworld\data\icon48.png
[2024-01-15 15:51:24.186]:         extracting C:\Program Files\NetBeans-20\netbeans\harness\config\Modules\org-netbeans-modules-jellytools-platform.xml
[2024-01-15 15:51:24.186]:         extracting C:\Program Files\NetBeans-20\netbeans\ide\update_tracking\org-netbeans-modules-editor-errorstripe-api.xml
[2024-01-15 15:51:24.186]:         extracting C:\Program Files\NetBeans-20\netbeans\ide\update_tracking\org-netbeans-modules-spellchecker-apimodule.xml
[2024-01-15 15:51:24.186]:         extracting C:\Program Files\NetBeans-20\netbeans\ide\update_tracking\org-eclipse-mylyn-commons-repositories-core.xml
[2024-01-15 15:51:24.186]:         extracting C:\Program Files\NetBeans-20\netbeans\ide\update_tracking\org-netbeans-modules-project-indexingbridge.xml
[2024-01-15 15:51:24.186]:         extracting C:\Program Files\NetBeans-20\netbeans\ide\update_tracking\org-eclipse-core-runtime-compatibility-auth.xml
[2024-01-15 15:51:24.186]:         extracting C:\Program Files\NetBeans-20\netbeans\ide\update_tracking\org-netbeans-modules-dlight-nativeexecution.xml
[2024-01-15 15:51:24.186]:         extracting C:\Program Files\NetBeans-20\netbeans\ide\config\Modules\org-netbeans-modules-editor-settings-storage.xml
[2024-01-15 15:51:24.186]:         extracting C:\Program Files\NetBeans-20\netbeans\ide\config\Modules\org-netbeans-modules-project-spi-intern-impl.xml
[2024-01-15 15:51:24.186]:         extracting C:\Program Files\NetBeans-20\netbeans\platform\update_tracking\org-netbeans-modules-editor-mimelookup.xml
[2024-01-15 15:51:24.186]:         extracting C:\Program Files\NetBeans-20\netbeans\platform\config\ModuleAutoDeps\org-netbeans-modules-options-api.xml
[2024-01-15 15:51:24.186]:         extracting C:\Program Files\NetBeans-20\netbeans\harness\config\Modules\org-netbeans-modules-apisupport-harness.xml
[2024-01-15 15:51:24.186]:         extracting C:\Program Files\NetBeans-20\netbeans\ide\update_tracking\org-eclipse-mylyn-wikitext-confluence-core.xml
[2024-01-15 15:51:24.186]:         extracting C:\Program Files\NetBeans-20\netbeans\ide\update_tracking\org-netbeans-modules-editor-bracesmatching.xml
[2024-01-15 15:51:24.186]:         extracting C:\Program Files\NetBeans-20\netbeans\ide\update_tracking\org-netbeans-modules-xml-schema-completion.xml
[2024-01-15 15:51:24.186]:         extracting C:\Program Files\NetBeans-20\netbeans\ide\update_tracking\org-netbeans-modules-editor-indent-support.xml
[2024-01-15 15:51:24.186]:         extracting C:\Program Files\NetBeans-20\netbeans\ide\update_tracking\org-netbeans-modules-editor-indent-project.xml
[2024-01-15 15:51:24.186]:         extracting C:\Program Files\NetBeans-20\netbeans\ide\modules\org-netbeans-modules-spellchecker-bindings-htmlxml.jar
[2024-01-15 15:51:24.202]:         extracting C:\Program Files\NetBeans-20\netbeans\ide\config\Modules\org-netbeans-modules-editor-errorstripe-api.xml
[2024-01-15 15:51:24.202]:         extracting C:\Program Files\NetBeans-20\netbeans\ide\config\Modules\org-netbeans-modules-spellchecker-apimodule.xml
[2024-01-15 15:51:24.202]:         extracting C:\Program Files\NetBeans-20\netbeans\ide\config\Modules\org-eclipse-mylyn-commons-repositories-core.xml
[2024-01-15 15:51:24.202]:         extracting C:\Program Files\NetBeans-20\netbeans\ide\config\Modules\org-netbeans-modules-project-indexingbridge.xml
[2024-01-15 15:51:24.202]:         extracting C:\Program Files\NetBeans-20\netbeans\ide\config\Modules\org-eclipse-core-runtime-compatibility-auth.xml
[2024-01-15 15:51:24.202]:         extracting C:\Program Files\NetBeans-20\netbeans\ide\config\Modules\org-netbeans-modules-dlight-nativeexecution.xml
[2024-01-15 15:51:24.202]:         extracting C:\Program Files\NetBeans-20\netbeans\platform\update_tracking\org-netbeans-modules-masterfs-windows.xml
[2024-01-15 15:51:24.202]:         extracting C:\Program Files\NetBeans-20\netbeans\platform\update_tracking\org-netbeans-modules-keyring-fallback.xml
[2024-01-15 15:51:24.202]:         extracting C:\Program Files\NetBeans-20\netbeans\platform\config\Modules\org-netbeans-modules-editor-mimelookup.xml
[2024-01-15 15:51:24.202]:         extracting C:\Program Files\NetBeans-20\netbeans\harness\nbi\stub\ext\components\products\helloworld\data\icon.png
[2024-01-15 15:51:24.202]:         extracting C:\Program Files\NetBeans-20\netbeans\cpplite\update_tracking\org-netbeans-modules-cpplite-debugger.xml
[2024-01-15 15:51:24.202]:         extracting C:\Program Files\NetBeans-20\netbeans\ide\update_tracking\org-netbeans-libs-svnClientAdapter-javahl.xml
[2024-01-15 15:51:24.202]:         extracting C:\Program Files\NetBeans-20\netbeans\ide\update_tracking\org-netbeans-modules-editor-tools-storage.xml
[2024-01-15 15:51:24.202]:         extracting C:\Program Files\NetBeans-20\netbeans\ide\update_tracking\org-netbeans-modules-javascript2-debug-ui.xml
[2024-01-15 15:51:24.202]:         extracting C:\Program Files\NetBeans-20\netbeans\ide\update_tracking\org-netbeans-modules-editor-codetemplates.xml
[2024-01-15 15:51:24.202]:         extracting C:\Program Files\NetBeans-20\netbeans\ide\update_tracking\org-netbeans-modules-project-libraries-ui.xml
[2024-01-15 15:51:24.217]:         extracting C:\Program Files\NetBeans-20\netbeans\ide\update_tracking\org-netbeans-modules-extexecution-process.xml
[2024-01-15 15:51:24.217]:         extracting C:\Program Files\NetBeans-20\netbeans\ide\update_tracking\org-netbeans-modules-web-webkit-debugging.xml
[2024-01-15 15:51:24.217]:         extracting C:\Program Files\NetBeans-20\netbeans\ide\update_tracking\org-netbeans-modules-editor-global-format.xml
[2024-01-15 15:51:24.217]:         extracting C:\Program Files\NetBeans-20\netbeans\ide\config\ModuleAutoDeps\org-netbeans-modules-options-editor.xml
[2024-01-15 15:51:24.217]:         extracting C:\Program Files\NetBeans-20\netbeans\ide\config\Modules\org-eclipse-mylyn-wikitext-confluence-core.xml
[2024-01-15 15:51:24.217]:         extracting C:\Program Files\NetBeans-20\netbeans\ide\config\Modules\org-netbeans-modules-editor-bracesmatching.xml
[2024-01-15 15:51:24.217]:         extracting C:\Program Files\NetBeans-20\netbeans\ide\config\Modules\org-netbeans-modules-xml-schema-completion.xml
[2024-01-15 15:51:24.217]:         extracting C:\Program Files\NetBeans-20\netbeans\ide\config\Modules\org-netbeans-modules-editor-indent-support.xml
[2024-01-15 15:51:24.217]:         extracting C:\Program Files\NetBeans-20\netbeans\ide\config\Modules\org-netbeans-modules-editor-indent-project.xml
[2024-01-15 15:51:24.217]:         extracting C:\Program Files\NetBeans-20\netbeans\platform\update_tracking\org-netbeans-modules-masterfs-macosx.xml
[2024-01-15 15:51:24.217]:         extracting C:\Program Files\NetBeans-20\netbeans\platform\config\Modules\org-netbeans-modules-masterfs-windows.xml
[2024-01-15 15:51:24.217]:         extracting C:\Program Files\NetBeans-20\netbeans\platform\config\Modules\org-netbeans-modules-keyring-fallback.xml
[2024-01-15 15:51:24.217]:         extracting C:\Program Files\NetBeans-20\netbeans\cpplite\update_tracking\org-netbeans-modules-cpplite-project.xml
[2024-01-15 15:51:24.217]:         extracting C:\Program Files\NetBeans-20\netbeans\cpplite\config\Modules\org-netbeans-modules-cpplite-debugger.xml
[2024-01-15 15:51:24.217]:         extracting C:\Program Files\NetBeans-20\netbeans\ide\update_tracking\org-netbeans-modules-xml-text-obsolete90.xml
[2024-01-15 15:51:24.217]:         extracting C:\Program Files\NetBeans-20\netbeans\ide\update_tracking\org-netbeans-modules-versioning-masterfs.xml
[2024-01-15 15:51:24.217]:         extracting C:\Program Files\NetBeans-20\netbeans\ide\update_tracking\org-netbeans-modules-editor-settings-lib.xml
[2024-01-15 15:51:24.217]:         extracting C:\Program Files\NetBeans-20\netbeans\ide\update_tracking\org-netbeans-modules-project-ant-compat8.xml
[2024-01-15 15:51:24.217]:         extracting C:\Program Files\NetBeans-20\netbeans\ide\update_tracking\org-netbeans-modules-projectui-buildmenu.xml
[2024-01-15 15:51:24.233]:         extracting C:\Program Files\NetBeans-20\netbeans\ide\update_tracking\org-netbeans-modules-tasklist-projectint.xml
[2024-01-15 15:51:24.233]:         extracting C:\Program Files\NetBeans-20\netbeans\ide\update_tracking\org-netbeans-modules-bugtracking-commons.xml
[2024-01-15 15:51:24.233]:         extracting C:\Program Files\NetBeans-20\netbeans\ide\update_tracking\org-eclipse-mylyn-wikitext-markdown-core.xml
[2024-01-15 15:51:24.233]:         extracting C:\Program Files\NetBeans-20\netbeans\ide\update_tracking\org-netbeans-modules-db-sql-visualeditor.xml
[2024-01-15 15:51:24.233]:         extracting C:\Program Files\NetBeans-20\netbeans\ide\config\ModuleAutoDeps\org-netbeans-modules-editor-indent.xml
[2024-01-15 15:51:24.233]:         extracting C:\Program Files\NetBeans-20\netbeans\ide\config\Modules\org-netbeans-libs-svnClientAdapter-javahl.xml
[2024-01-15 15:51:24.233]:         extracting C:\Program Files\NetBeans-20\netbeans\ide\config\Modules\org-netbeans-modules-editor-tools-storage.xml
[2024-01-15 15:51:24.233]:         extracting C:\Program Files\NetBeans-20\netbeans\ide\config\Modules\org-netbeans-modules-javascript2-debug-ui.xml
[2024-01-15 15:51:24.233]:         extracting C:\Program Files\NetBeans-20\netbeans\ide\config\Modules\org-netbeans-modules-editor-codetemplates.xml
[2024-01-15 15:51:24.233]:         extracting C:\Program Files\NetBeans-20\netbeans\ide\config\Modules\org-netbeans-modules-project-libraries-ui.xml
[2024-01-15 15:51:24.233]:         extracting C:\Program Files\NetBeans-20\netbeans\ide\config\Modules\org-netbeans-modules-extexecution-process.xml
[2024-01-15 15:51:24.233]:         extracting C:\Program Files\NetBeans-20\netbeans\ide\config\Modules\org-netbeans-modules-web-webkit-debugging.xml
[2024-01-15 15:51:24.233]:         extracting C:\Program Files\NetBeans-20\netbeans\ide\config\Modules\org-netbeans-modules-editor-global-format.xml
[2024-01-15 15:51:24.233]:         extracting C:\Program Files\NetBeans-20\netbeans\platform\update_tracking\org-netbeans-modules-autoupdate-cli.xml
[2024-01-15 15:51:24.233]:         extracting C:\Program Files\NetBeans-20\netbeans\platform\update_tracking\org-netbeans-api-annotations-common.xml
[2024-01-15 15:51:24.233]:         extracting C:\Program Files\NetBeans-20\netbeans\platform\update_tracking\org-netbeans-modules-masterfs-linux.xml
[2024-01-15 15:51:24.233]:         extracting C:\Program Files\NetBeans-20\netbeans\platform\update_tracking\org-netbeans-modules-options-keymap.xml
[2024-01-15 15:51:24.233]:         extracting C:\Program Files\NetBeans-20\netbeans\platform\modules\org-netbeans-modules-editor-mimelookup-impl.jar
[2024-01-15 15:51:24.233]:         extracting C:\Program Files\NetBeans-20\netbeans\platform\config\ModuleAutoDeps\org-netbeans-modules-masterfs.xml
[2024-01-15 15:51:24.233]:         extracting C:\Program Files\NetBeans-20\netbeans\platform\config\ModuleAutoDeps\org-apache-commons-commons_io.xml
[2024-01-15 15:51:24.249]:         extracting C:\Program Files\NetBeans-20\netbeans\platform\config\Modules\org-netbeans-modules-masterfs-macosx.xml
[2024-01-15 15:51:24.249]:         extracting C:\Program Files\NetBeans-20\netbeans\harness\nbi\stub\ext\components\products\helloworld\manifest.mf
[2024-01-15 15:51:24.249]:         extracting C:\Program Files\NetBeans-20\netbeans\nb\modules\org-netbeans-modules-uihandler-exceptionreporter.jar
[2024-01-15 15:51:24.249]:         extracting C:\Program Files\NetBeans-20\netbeans\cpplite\update_tracking\org-netbeans-modules-cpplite-editor.xml
[2024-01-15 15:51:24.249]:         extracting C:\Program Files\NetBeans-20\netbeans\cpplite\config\Modules\org-netbeans-modules-cpplite-project.xml
[2024-01-15 15:51:24.249]:         extracting C:\Program Files\NetBeans-20\netbeans\ide\update_tracking\org-netbeans-modules-editor-errorstripe.xml
[2024-01-15 15:51:24.249]:         extracting C:\Program Files\NetBeans-20\netbeans\ide\update_tracking\org-netbeans-modules-bugtracking-bridge.xml
[2024-01-15 15:51:24.249]:         extracting C:\Program Files\NetBeans-20\netbeans\ide\update_tracking\org-eclipse-mylyn-wikitext-textile-core.xml
[2024-01-15 15:51:24.249]:         extracting C:\Program Files\NetBeans-20\netbeans\ide\update_tracking\org-netbeans-modules-project-dependency.xml
[2024-01-15 15:51:24.249]:         extracting C:\Program Files\NetBeans-20\netbeans\ide\update_tracking\org-netbeans-modules-languages-manifest.xml
[2024-01-15 15:51:24.249]:         extracting C:\Program Files\NetBeans-20\netbeans\ide\update_tracking\org-netbeans-modules-project-spi-intern.xml
[2024-01-15 15:51:24.249]:         extracting C:\Program Files\NetBeans-20\netbeans\ide\update_tracking\org-netbeans-modules-editor-breadcrumbs.xml
[2024-01-15 15:51:24.249]:         extracting C:\Program Files\NetBeans-20\netbeans\ide\modules\org-netbeans-modules-spellchecker-dictionary_en.jar
[2024-01-15 15:51:24.249]:         extracting C:\Program Files\NetBeans-20\netbeans\ide\config\ModuleAutoDeps\org-netbeans-modules-projectuiapi.xml
[2024-01-15 15:51:24.249]:         extracting C:\Program Files\NetBeans-20\netbeans\ide\config\Modules\org-netbeans-modules-xml-text-obsolete90.xml
[2024-01-15 15:51:24.249]:         extracting C:\Program Files\NetBeans-20\netbeans\ide\config\Modules\org-netbeans-modules-versioning-masterfs.xml
[2024-01-15 15:51:24.249]:         extracting C:\Program Files\NetBeans-20\netbeans\ide\config\Modules\org-netbeans-modules-editor-settings-lib.xml
[2024-01-15 15:51:24.249]:         extracting C:\Program Files\NetBeans-20\netbeans\ide\config\Modules\org-netbeans-modules-project-ant-compat8.xml
[2024-01-15 15:51:24.249]:         extracting C:\Program Files\NetBeans-20\netbeans\ide\config\Modules\org-netbeans-modules-projectui-buildmenu.xml
[2024-01-15 15:51:24.249]:         extracting C:\Program Files\NetBeans-20\netbeans\ide\config\Modules\org-netbeans-modules-tasklist-projectint.xml
[2024-01-15 15:51:24.264]:         extracting C:\Program Files\NetBeans-20\netbeans\ide\config\Modules\org-netbeans-modules-bugtracking-commons.xml
[2024-01-15 15:51:24.264]:         extracting C:\Program Files\NetBeans-20\netbeans\ide\config\Modules\org-eclipse-mylyn-wikitext-markdown-core.xml
[2024-01-15 15:51:24.264]:         extracting C:\Program Files\NetBeans-20\netbeans\ide\config\Modules\org-netbeans-modules-db-sql-visualeditor.xml
[2024-01-15 15:51:24.264]:         extracting C:\Program Files\NetBeans-20\netbeans\platform\update_tracking\org-netbeans-modules-autoupdate-ui.xml
[2024-01-15 15:51:24.264]:         extracting C:\Program Files\NetBeans-20\netbeans\platform\update_tracking\org-netbeans-modules-masterfs-nio2.xml
[2024-01-15 15:51:24.264]:         extracting C:\Program Files\NetBeans-20\netbeans\platform\config\ModuleAutoDeps\org-netbeans-modules-queries.xml
[2024-01-15 15:51:24.264]:         extracting C:\Program Files\NetBeans-20\netbeans\platform\config\Modules\org-netbeans-modules-autoupdate-cli.xml
[2024-01-15 15:51:24.264]:         extracting C:\Program Files\NetBeans-20\netbeans\platform\config\Modules\org-netbeans-api-annotations-common.xml
[2024-01-15 15:51:24.264]:         extracting C:\Program Files\NetBeans-20\netbeans\platform\config\Modules\org-netbeans-modules-masterfs-linux.xml
[2024-01-15 15:51:24.264]:         extracting C:\Program Files\NetBeans-20\netbeans\platform\config\Modules\org-netbeans-modules-options-keymap.xml
[2024-01-15 15:51:24.264]:         extracting C:\Program Files\NetBeans-20\netbeans\harness\nbi\stub\ext\engine\src\org\mycompany\installer\wizard
[2024-01-15 15:51:24.264]:         extracting C:\Program Files\NetBeans-20\netbeans\harness\nbi\stub\ext\infra\build\products\helloworld\build.xml
[2024-01-15 15:51:24.264]:         extracting C:\Program Files\NetBeans-20\netbeans\nb\modules\org-netbeans-modules-bugzilla-exceptionreporter.jar
[2024-01-15 15:51:24.264]:         extracting C:\Program Files\NetBeans-20\netbeans\cpplite\config\Modules\org-netbeans-modules-cpplite-editor.xml
[2024-01-15 15:51:24.264]:         extracting C:\Program Files\NetBeans-20\netbeans\ide\update_tracking\org-netbeans-modules-properties-syntax.xml
[2024-01-15 15:51:24.264]:         extracting C:\Program Files\NetBeans-20\netbeans\ide\update_tracking\org-netbeans-modules-editor-completion.xml
[2024-01-15 15:51:24.264]:         extracting C:\Program Files\NetBeans-20\netbeans\ide\update_tracking\org-netbeans-modules-utilities-project.xml
[2024-01-15 15:51:24.264]:         extracting C:\Program Files\NetBeans-20\netbeans\ide\update_tracking\org-netbeans-modules-project-libraries.xml
[2024-01-15 15:51:24.264]:         extracting C:\Program Files\NetBeans-20\netbeans\ide\update_tracking\org-netbeans-modules-gsf-testrunner-ui.xml
[2024-01-15 15:51:24.264]:         extracting C:\Program Files\NetBeans-20\netbeans\ide\update_tracking\org-netbeans-modules-extexecution-base.xml
[2024-01-15 15:51:24.264]:         extracting C:\Program Files\NetBeans-20\netbeans\ide\update_tracking\org-netbeans-modules-db-metadata-model.xml
[2024-01-15 15:51:24.264]:         extracting C:\Program Files\NetBeans-20\netbeans\ide\update_tracking\org-netbeans-modules-hudson-subversion.xml
[2024-01-15 15:51:24.280]:         extracting C:\Program Files\NetBeans-20\netbeans\ide\update_tracking\org-netbeans-modules-projectuiapi-base.xml
[2024-01-15 15:51:24.280]:         extracting C:\Program Files\NetBeans-20\netbeans\ide\update_tracking\org-netbeans-modules-javascript2-debug.xml
[2024-01-15 15:51:24.280]:         extracting C:\Program Files\NetBeans-20\netbeans\ide\update_tracking\org-netbeans-spi-editor-hints-projects.xml
[2024-01-15 15:51:24.280]:         extracting C:\Program Files\NetBeans-20\netbeans\ide\update_tracking\org-netbeans-modules-extexecution-impl.xml
[2024-01-15 15:51:24.280]:         extracting C:\Program Files\NetBeans-20\netbeans\ide\modules\org-netbeans-modules-extexecution-process-jdk9.jar
[2024-01-15 15:51:24.280]:         extracting C:\Program Files\NetBeans-20\netbeans\ide\modules\org-netbeans-modules-versioning-indexingbridge.jar
[2024-01-15 15:51:24.280]:         extracting C:\Program Files\NetBeans-20\netbeans\ide\modules\org-netbeans-modules-dlight-nativeexecution-nb.jar
[2024-01-15 15:51:24.280]:         extracting C:\Program Files\NetBeans-20\netbeans\ide\config\ModuleAutoDeps\org-netbeans-modules-html-editor.xml
[2024-01-15 15:51:24.280]:         extracting C:\Program Files\NetBeans-20\netbeans\ide\config\ModuleAutoDeps\org-netbeans-modules-parsing-api.xml
[2024-01-15 15:51:24.280]:         extracting C:\Program Files\NetBeans-20\netbeans\ide\config\ModuleAutoDeps\org-netbeans-modules-xml-catalog.xml
[2024-01-15 15:51:24.280]:         extracting C:\Program Files\NetBeans-20\netbeans\ide\config\ModuleAutoDeps\org-netbeans-modules-project-ant.xml
[2024-01-15 15:51:24.280]:         extracting C:\Program Files\NetBeans-20\netbeans\ide\config\ModuleAutoDeps\org-netbeans-modules-editor-lib2.xml
[2024-01-15 15:51:24.280]:         extracting C:\Program Files\NetBeans-20\netbeans\ide\config\Modules\org-netbeans-modules-editor-errorstripe.xml
[2024-01-15 15:51:24.280]:         extracting C:\Program Files\NetBeans-20\netbeans\ide\config\Modules\org-netbeans-modules-bugtracking-bridge.xml
[2024-01-15 15:51:24.280]:         extracting C:\Program Files\NetBeans-20\netbeans\ide\config\Modules\org-eclipse-mylyn-wikitext-textile-core.xml
[2024-01-15 15:51:24.280]:         extracting C:\Program Files\NetBeans-20\netbeans\ide\config\Modules\org-netbeans-modules-project-dependency.xml
[2024-01-15 15:51:24.280]:         extracting C:\Program Files\NetBeans-20\netbeans\ide\config\Modules\org-netbeans-modules-languages-manifest.xml
[2024-01-15 15:51:24.280]:         extracting C:\Program Files\NetBeans-20\netbeans\ide\config\Modules\org-netbeans-modules-project-spi-intern.xml
[2024-01-15 15:51:24.280]:         extracting C:\Program Files\NetBeans-20\netbeans\ide\config\Modules\org-netbeans-modules-editor-breadcrumbs.xml
[2024-01-15 15:51:24.280]:         extracting C:\Program Files\NetBeans-20\netbeans\platform\update_tracking\org-netbeans-api-progress-compat8.xml
[2024-01-15 15:51:24.295]:         extracting C:\Program Files\NetBeans-20\netbeans\platform\update_tracking\org-netbeans-modules-keyring-impl.xml
[2024-01-15 15:51:24.295]:         extracting C:\Program Files\NetBeans-20\netbeans\platform\config\Modules\org-netbeans-modules-autoupdate-ui.xml
[2024-01-15 15:51:24.295]:         extracting C:\Program Files\NetBeans-20\netbeans\platform\config\Modules\org-netbeans-modules-masterfs-nio2.xml
[2024-01-15 15:51:24.295]:         extracting C:\Program Files\NetBeans-20\netbeans\extide\update_tracking\org-netbeans-modules-gradle-editor.xml
[2024-01-15 15:51:24.295]:         extracting C:\Program Files\NetBeans-20\netbeans\harness\nbi\stub\ext\engine\src\org\mycompany\installer\utils
[2024-01-15 15:51:24.295]:         extracting C:\Program Files\NetBeans-20\netbeans\harness\nbi\stub\ext\components\products\helloworld\nbproject
[2024-01-15 15:51:24.295]:         extracting C:\Program Files\NetBeans-20\netbeans\harness\nbi\stub\ext\components\products\helloworld\build.xml
[2024-01-15 15:51:24.295]:         extracting C:\Program Files\NetBeans-20\netbeans\nb\update_tracking\org-netbeans-modules-deadlock-detector.xml
[2024-01-15 15:51:24.295]:         extracting C:\Program Files\NetBeans-20\netbeans\nb\modules\org-netbeans-modules-autoupdate-pluginimporter.jar
[2024-01-15 15:51:24.295]:         extracting C:\Program Files\NetBeans-20\netbeans\ide\update_tracking\org-netbeans-modules-editor-structure.xml
[2024-01-15 15:51:24.295]:         extracting C:\Program Files\NetBeans-20\netbeans\ide\update_tracking\org-netbeans-modules-swing-validation.xml
[2024-01-15 15:51:24.295]:         extracting C:\Program Files\NetBeans-20\netbeans\ide\update_tracking\org-netbeans-modules-editor-plain-lib.xml
[2024-01-15 15:51:24.295]:         extracting C:\Program Files\NetBeans-20\netbeans\ide\update_tracking\org-netbeans-modules-xml-schema-model.xml
[2024-01-15 15:51:24.295]:         extracting C:\Program Files\NetBeans-20\netbeans\ide\update_tracking\org-netbeans-modules-gsf-codecoverage.xml
[2024-01-15 15:51:24.295]:         extracting C:\Program Files\NetBeans-20\netbeans\ide\update_tracking\org-netbeans-modules-editor-bookmarks.xml
[2024-01-15 15:51:24.295]:         extracting C:\Program Files\NetBeans-20\netbeans\ide\update_tracking\org-netbeans-modules-hudson-mercurial.xml
[2024-01-15 15:51:24.295]:         extracting C:\Program Files\NetBeans-20\netbeans\ide\update_tracking\org-netbeans-modules-spellchecker-kit.xml
[2024-01-15 15:51:24.295]:         extracting C:\Program Files\NetBeans-20\netbeans\ide\update_tracking\org-netbeans-modules-parsing-indexing.xml
[2024-01-15 15:51:24.295]:         extracting C:\Program Files\NetBeans-20\netbeans\ide\update_tracking\org-netbeans-modules-editor-fold-nbui.xml
[2024-01-15 15:51:24.295]:         extracting C:\Program Files\NetBeans-20\netbeans\ide\update_tracking\org-netbeans-modules-selenium2-server.xml
[2024-01-15 15:51:24.311]:         extracting C:\Program Files\NetBeans-20\netbeans\ide\config\ModuleAutoDeps\org-netbeans-modules-projectapi.xml
[2024-01-15 15:51:24.311]:         extracting C:\Program Files\NetBeans-20\netbeans\ide\config\ModuleAutoDeps\org-netbeans-modules-editor-lib.xml
[2024-01-15 15:51:24.311]:         extracting C:\Program Files\NetBeans-20\netbeans\ide\config\Modules\org-netbeans-modules-properties-syntax.xml
[2024-01-15 15:51:24.311]:         extracting C:\Program Files\NetBeans-20\netbeans\ide\config\Modules\org-netbeans-modules-editor-completion.xml
[2024-01-15 15:51:24.311]:         extracting C:\Program Files\NetBeans-20\netbeans\ide\config\Modules\org-netbeans-modules-utilities-project.xml
[2024-01-15 15:51:24.311]:         extracting C:\Program Files\NetBeans-20\netbeans\ide\config\Modules\org-netbeans-modules-project-libraries.xml
[2024-01-15 15:51:24.311]:         extracting C:\Program Files\NetBeans-20\netbeans\ide\config\Modules\org-netbeans-modules-gsf-testrunner-ui.xml
[2024-01-15 15:51:24.311]:         extracting C:\Program Files\NetBeans-20\netbeans\ide\config\Modules\org-netbeans-modules-extexecution-base.xml
[2024-01-15 15:51:24.311]:         extracting C:\Program Files\NetBeans-20\netbeans\ide\config\Modules\org-netbeans-modules-db-metadata-model.xml
[2024-01-15 15:51:24.311]:         extracting C:\Program Files\NetBeans-20\netbeans\ide\config\Modules\org-netbeans-modules-hudson-subversion.xml
[2024-01-15 15:51:24.311]:         extracting C:\Program Files\NetBeans-20\netbeans\ide\config\Modules\org-netbeans-modules-projectuiapi-base.xml
[2024-01-15 15:51:24.311]:         extracting C:\Program Files\NetBeans-20\netbeans\ide\config\Modules\org-netbeans-modules-javascript2-debug.xml
[2024-01-15 15:51:24.311]:         extracting C:\Program Files\NetBeans-20\netbeans\ide\config\Modules\org-netbeans-spi-editor-hints-projects.xml
[2024-01-15 15:51:24.311]:         extracting C:\Program Files\NetBeans-20\netbeans\ide\config\Modules\org-netbeans-modules-extexecution-impl.xml
[2024-01-15 15:51:24.311]:         extracting C:\Program Files\NetBeans-20\netbeans\platform\update_tracking\org-netbeans-modules-progress-ui.xml
[2024-01-15 15:51:24.311]:         extracting C:\Program Files\NetBeans-20\netbeans\platform\update_tracking\org-netbeans-modules-templatesui.xml
[2024-01-15 15:51:24.311]:         extracting C:\Program Files\NetBeans-20\netbeans\platform\update_tracking\org-netbeans-modules-options-api.xml
[2024-01-15 15:51:24.311]:         extracting C:\Program Files\NetBeans-20\netbeans\platform\update_tracking\org-netbeans-html-presenters-spi.xml
[2024-01-15 15:51:24.311]:         extracting C:\Program Files\NetBeans-20\netbeans\platform\update_tracking\org-netbeans-modules-masterfs-ui.xml
[2024-01-15 15:51:24.327]:         extracting C:\Program Files\NetBeans-20\netbeans\platform\update_tracking\org-netbeans-modules-spi-actions.xml
[2024-01-15 15:51:24.327]:         extracting C:\Program Files\NetBeans-20\netbeans\platform\modules\org-netbeans-modules-autoupdate-services.jar
[2024-01-15 15:51:24.327]:         extracting C:\Program Files\NetBeans-20\netbeans\platform\config\Modules\org-netbeans-api-progress-compat8.xml
[2024-01-15 15:51:24.327]:         extracting C:\Program Files\NetBeans-20\netbeans\platform\config\Modules\org-netbeans-modules-keyring-impl.xml
[2024-01-15 15:51:24.327]:         extracting C:\Program Files\NetBeans-20\netbeans\extide\ant\etc\checkstyle\checkstyle-frames-sortby-check.xsl
[2024-01-15 15:51:24.327]:         extracting C:\Program Files\NetBeans-20\netbeans\extide\update_tracking\org-netbeans-modules-options-java.xml
[2024-01-15 15:51:24.327]:         extracting C:\Program Files\NetBeans-20\netbeans\extide\update_tracking\org-netbeans-modules-gradle-dists.xml
[2024-01-15 15:51:24.338]:         extracting C:\Program Files\NetBeans-20\netbeans\extide\config\Modules\org-netbeans-modules-gradle-editor.xml
[2024-01-15 15:51:24.338]:         extracting C:\Program Files\NetBeans-20\netbeans\harness\nbi\stub\ext\engine\src\native\launcher\windows\i18n
[2024-01-15 15:51:24.338]:         extracting C:\Program Files\NetBeans-20\netbeans\harness\modules\org-netbeans-modules-jellytools-platform.jar
[2024-01-15 15:51:24.338]:         extracting C:\Program Files\NetBeans-20\netbeans\nb\update_tracking\org-netbeans-modules-ide-branding-kit.xml
[2024-01-15 15:51:24.338]:         extracting C:\Program Files\NetBeans-20\netbeans\nb\config\Modules\org-netbeans-modules-deadlock-detector.xml
[2024-01-15 15:51:24.338]:         extracting C:\Program Files\NetBeans-20\netbeans\cpplite\update_tracking\org-netbeans-modules-cpplite-kit.xml
[2024-01-15 15:51:24.338]:         extracting C:\Program Files\NetBeans-20\netbeans\ide\update_tracking\org-netbeans-modules-html-editor-lib.xml
[2024-01-15 15:51:24.338]:         extracting C:\Program Files\NetBeans-20\netbeans\ide\update_tracking\org-netbeans-modules-web-browser-api.xml
[2024-01-15 15:51:24.338]:         extracting C:\Program Files\NetBeans-20\netbeans\ide\update_tracking\org-netbeans-modules-hudson-tasklist.xml
[2024-01-15 15:51:24.338]:         extracting C:\Program Files\NetBeans-20\netbeans\ide\update_tracking\org-netbeans-modules-versioning-core.xml
[2024-01-15 15:51:24.338]:         extracting C:\Program Files\NetBeans-20\netbeans\ide\update_tracking\org-netbeans-modules-html-validation.xml
[2024-01-15 15:51:24.338]:         extracting C:\Program Files\NetBeans-20\netbeans\ide\update_tracking\org-netbeans-modules-editor-autosave.xml
[2024-01-15 15:51:24.338]:         extracting C:\Program Files\NetBeans-20\netbeans\ide\update_tracking\org-netbeans-modules-refactoring-api.xml
[2024-01-15 15:51:24.338]:         extracting C:\Program Files\NetBeans-20\netbeans\ide\update_tracking\org-netbeans-modules-editor-document.xml
[2024-01-15 15:51:24.338]:         extracting C:\Program Files\NetBeans-20\netbeans\ide\update_tracking\org-netbeans-modules-dlight-terminal.xml
[2024-01-15 15:51:24.338]:         extracting C:\Program Files\NetBeans-20\netbeans\ide\update_tracking\org-netbeans-modules-versioning-util.xml
[2024-01-15 15:51:24.338]:         extracting C:\Program Files\NetBeans-20\netbeans\ide\update_tracking\org-netbeans-modules-target-iterator.xml
[2024-01-15 15:51:24.338]:         extracting C:\Program Files\NetBeans-20\netbeans\ide\update_tracking\org-netbeans-modules-nativeimage-api.xml
[2024-01-15 15:51:24.354]:         extracting C:\Program Files\NetBeans-20\netbeans\ide\update_tracking\org-netbeans-modules-editor-settings.xml
[2024-01-15 15:51:24.354]:         extracting C:\Program Files\NetBeans-20\netbeans\ide\modules\lib\riscv64\linux\libjunixsocket-native-2.5.1.so
[2024-01-15 15:51:24.354]:         extracting C:\Program Files\NetBeans-20\netbeans\ide\modules\lib\aarch64\linux\libjunixsocket-native-2.5.1.so
[2024-01-15 15:51:24.354]:         extracting C:\Program Files\NetBeans-20\netbeans\ide\modules\org-netbeans-modules-editor-settings-storage.jar
[2024-01-15 15:51:24.354]:         extracting C:\Program Files\NetBeans-20\netbeans\ide\modules\org-netbeans-modules-project-spi-intern-impl.jar
[2024-01-15 15:51:24.354]:         extracting C:\Program Files\NetBeans-20\netbeans\ide\config\Modules\org-netbeans-modules-editor-structure.xml
[2024-01-15 15:51:24.354]:         extracting C:\Program Files\NetBeans-20\netbeans\ide\config\Modules\org-netbeans-modules-swing-validation.xml
[2024-01-15 15:51:24.354]:         extracting C:\Program Files\NetBeans-20\netbeans\ide\config\Modules\org-netbeans-modules-editor-plain-lib.xml
[2024-01-15 15:51:24.354]:         extracting C:\Program Files\NetBeans-20\netbeans\ide\config\Modules\org-netbeans-modules-xml-schema-model.xml
[2024-01-15 15:51:24.354]:         extracting C:\Program Files\NetBeans-20\netbeans\ide\config\Modules\org-netbeans-modules-gsf-codecoverage.xml
[2024-01-15 15:51:24.354]:         extracting C:\Program Files\NetBeans-20\netbeans\ide\config\Modules\org-netbeans-modules-editor-bookmarks.xml
[2024-01-15 15:51:24.354]:         extracting C:\Program Files\NetBeans-20\netbeans\ide\config\Modules\org-netbeans-modules-hudson-mercurial.xml
[2024-01-15 15:51:24.354]:         extracting C:\Program Files\NetBeans-20\netbeans\ide\config\Modules\org-netbeans-modules-spellchecker-kit.xml
[2024-01-15 15:51:24.354]:         extracting C:\Program Files\NetBeans-20\netbeans\ide\config\Modules\org-netbeans-modules-parsing-indexing.xml
[2024-01-15 15:51:24.354]:         extracting C:\Program Files\NetBeans-20\netbeans\ide\config\Modules\org-netbeans-modules-editor-fold-nbui.xml
[2024-01-15 15:51:24.354]:         extracting C:\Program Files\NetBeans-20\netbeans\ide\config\Modules\org-netbeans-modules-selenium2-server.xml
[2024-01-15 15:51:24.354]:         extracting C:\Program Files\NetBeans-20\netbeans\platform\update_tracking\org-openide-filesystems-compat8.xml
[2024-01-15 15:51:24.354]:         extracting C:\Program Files\NetBeans-20\netbeans\platform\config\ModuleAutoDeps\org-netbeans-core-startup.xml
[2024-01-15 15:51:24.369]:         extracting C:\Program Files\NetBeans-20\netbeans\platform\config\ModuleAutoDeps\org-netbeans-api-progress.xml
[2024-01-15 15:51:24.369]:         extracting C:\Program Files\NetBeans-20\netbeans\platform\config\Modules\org-netbeans-modules-progress-ui.xml
[2024-01-15 15:51:24.369]:         extracting C:\Program Files\NetBeans-20\netbeans\platform\config\Modules\org-netbeans-modules-templatesui.xml
[2024-01-15 15:51:24.369]:         extracting C:\Program Files\NetBeans-20\netbeans\platform\config\Modules\org-netbeans-modules-options-api.xml
[2024-01-15 15:51:24.369]:         extracting C:\Program Files\NetBeans-20\netbeans\platform\config\Modules\org-netbeans-html-presenters-spi.xml
[2024-01-15 15:51:24.369]:         extracting C:\Program Files\NetBeans-20\netbeans\platform\config\Modules\org-netbeans-modules-masterfs-ui.xml
[2024-01-15 15:51:24.369]:         extracting C:\Program Files\NetBeans-20\netbeans\platform\config\Modules\org-netbeans-modules-spi-actions.xml
[2024-01-15 15:51:24.369]:         extracting C:\Program Files\NetBeans-20\netbeans\extide\update_tracking\org-netbeans-modules-libs-gradle.xml
[2024-01-15 15:51:24.369]:         extracting C:\Program Files\NetBeans-20\netbeans\extide\config\Modules\org-netbeans-modules-options-java.xml
[2024-01-15 15:51:24.369]:         extracting C:\Program Files\NetBeans-20\netbeans\extide\config\Modules\org-netbeans-modules-gradle-dists.xml
[2024-01-15 15:51:24.369]:         extracting C:\Program Files\NetBeans-20\netbeans\harness\nbi\stub\ext\components\products\helloworld\src\org
[2024-01-15 15:51:24.369]:         extracting C:\Program Files\NetBeans-20\netbeans\harness\modules\org-netbeans-modules-apisupport-harness.jar
[2024-01-15 15:51:24.369]:         extracting C:\Program Files\NetBeans-20\netbeans\nb\modules\locale\org-netbeans-modules-autoupdate-ui_nb.jar
[2024-01-15 15:51:24.369]:         extracting C:\Program Files\NetBeans-20\netbeans\nb\config\Modules\org-netbeans-modules-ide-branding-kit.xml
[2024-01-15 15:51:24.369]:         extracting C:\Program Files\NetBeans-20\netbeans\cpplite\config\Modules\org-netbeans-modules-cpplite-kit.xml
[2024-01-15 15:51:24.369]:         extracting C:\Program Files\NetBeans-20\netbeans\ide\update_tracking\org-netbeans-modules-languages-diff.xml
[2024-01-15 15:51:24.369]:         extracting C:\Program Files\NetBeans-20\netbeans\ide\update_tracking\org-netbeans-modules-xml-wsdl-model.xml
[2024-01-15 15:51:24.369]:         extracting C:\Program Files\NetBeans-20\netbeans\ide\update_tracking\org-netbeans-modules-gsf-testrunner.xml
[2024-01-15 15:51:24.369]:         extracting C:\Program Files\NetBeans-20\netbeans\ide\update_tracking\org-netbeans-modules-project-ant-ui.xml
[2024-01-15 15:51:24.369]:         extracting C:\Program Files\NetBeans-20\netbeans\ide\update_tracking\org-netbeans-modules-editor-actions.xml
[2024-01-15 15:51:24.369]:         extracting C:\Program Files\NetBeans-20\netbeans\ide\update_tracking\org-netbeans-modules-options-editor.xml
[2024-01-15 15:51:24.369]:         extracting C:\Program Files\NetBeans-20\netbeans\ide\update_tracking\org-netbeans-modules-jellytools-ide.xml
[2024-01-15 15:51:24.369]:         extracting C:\Program Files\NetBeans-20\netbeans\ide\update_tracking\org-netbeans-modules-xml-catalog-ui.xml
[2024-01-15 15:51:24.369]:         extracting C:\Program Files\NetBeans-20\netbeans\ide\update_tracking\org-netbeans-core-multitabs-project.xml
[2024-01-15 15:51:24.385]:         extracting C:\Program Files\NetBeans-20\netbeans\ide\update_tracking\org-netbeans-modules-lexer-nbbridge.xml
[2024-01-15 15:51:24.385]:         extracting C:\Program Files\NetBeans-20\netbeans\ide\update_tracking\org-netbeans-modules-languages-toml.xml
[2024-01-15 15:51:24.385]:         extracting C:\Program Files\NetBeans-20\netbeans\ide\update_tracking\org-netbeans-modules-textmate-lexer.xml
[2024-01-15 15:51:24.385]:         extracting C:\Program Files\NetBeans-20\netbeans\ide\update_tracking\org-netbeans-modules-parsing-lucene.xml
[2024-01-15 15:51:24.385]:         extracting C:\Program Files\NetBeans-20\netbeans\ide\update_tracking\org-netbeans-modules-languages-yaml.xml
[2024-01-15 15:51:24.385]:         extracting C:\Program Files\NetBeans-20\netbeans\ide\modules\org-netbeans-modules-editor-errorstripe-api.jar
[2024-01-15 15:51:24.385]:         extracting C:\Program Files\NetBeans-20\netbeans\ide\modules\org-eclipse-core-runtime-compatibility-auth.jar
[2024-01-15 15:51:24.385]:         extracting C:\Program Files\NetBeans-20\netbeans\ide\modules\org-netbeans-modules-project-indexingbridge.jar
[2024-01-15 15:51:24.385]:         extracting C:\Program Files\NetBeans-20\netbeans\ide\modules\org-netbeans-modules-spellchecker-apimodule.jar
[2024-01-15 15:51:24.385]:         extracting C:\Program Files\NetBeans-20\netbeans\ide\modules\org-netbeans-modules-dlight-nativeexecution.jar
[2024-01-15 15:51:24.385]:         extracting C:\Program Files\NetBeans-20\netbeans\ide\modules\org-eclipse-mylyn-commons-repositories-core.jar
[2024-01-15 15:51:24.385]:         extracting C:\Program Files\NetBeans-20\netbeans\ide\config\ModuleAutoDeps\org-netbeans-modules-xml-text.xml
[2024-01-15 15:51:24.385]:         extracting C:\Program Files\NetBeans-20\netbeans\ide\config\Modules\org-netbeans-modules-html-editor-lib.xml
[2024-01-15 15:51:24.385]:         extracting C:\Program Files\NetBeans-20\netbeans\ide\config\Modules\org-netbeans-modules-web-browser-api.xml
[2024-01-15 15:51:24.385]:         extracting C:\Program Files\NetBeans-20\netbeans\ide\config\Modules\org-netbeans-modules-hudson-tasklist.xml
[2024-01-15 15:51:24.401]:         extracting C:\Program Files\NetBeans-20\netbeans\ide\config\Modules\org-netbeans-modules-versioning-core.xml
[2024-01-15 15:51:24.401]:         extracting C:\Program Files\NetBeans-20\netbeans\ide\config\Modules\org-netbeans-modules-html-validation.xml
[2024-01-15 15:51:24.401]:         extracting C:\Program Files\NetBeans-20\netbeans\ide\config\Modules\org-netbeans-modules-editor-autosave.xml
[2024-01-15 15:51:24.401]:         extracting C:\Program Files\NetBeans-20\netbeans\ide\config\Modules\org-netbeans-modules-refactoring-api.xml
[2024-01-15 15:51:24.401]:         extracting C:\Program Files\NetBeans-20\netbeans\ide\config\Modules\org-netbeans-modules-editor-document.xml
[2024-01-15 15:51:24.401]:         extracting C:\Program Files\NetBeans-20\netbeans\ide\config\Modules\org-netbeans-modules-dlight-terminal.xml
[2024-01-15 15:51:24.401]:         extracting C:\Program Files\NetBeans-20\netbeans\ide\config\Modules\org-netbeans-modules-versioning-util.xml
[2024-01-15 15:51:24.401]:         extracting C:\Program Files\NetBeans-20\netbeans\ide\config\Modules\org-netbeans-modules-target-iterator.xml
[2024-01-15 15:51:24.401]:         extracting C:\Program Files\NetBeans-20\netbeans\ide\config\Modules\org-netbeans-modules-nativeimage-api.xml
[2024-01-15 15:51:24.401]:         extracting C:\Program Files\NetBeans-20\netbeans\ide\config\Modules\org-netbeans-modules-editor-settings.xml
[2024-01-15 15:51:24.401]:         extracting C:\Program Files\NetBeans-20\netbeans\platform\update_tracking\org-netbeans-libs-jna-platform.xml
[2024-01-15 15:51:24.401]:         extracting C:\Program Files\NetBeans-20\netbeans\platform\update_tracking\org-netbeans-modules-uihandler.xml
[2024-01-15 15:51:24.401]:         extracting C:\Program Files\NetBeans-20\netbeans\platform\update_tracking\org-netbeans-swing-laf-flatlaf.xml
[2024-01-15 15:51:24.401]:         extracting C:\Program Files\NetBeans-20\netbeans\platform\update_tracking\org-netbeans-core-startup-base.xml
[2024-01-15 15:51:24.401]:         extracting C:\Program Files\NetBeans-20\netbeans\platform\update_tracking\org-netbeans-core-nativeaccess.xml
[2024-01-15 15:51:24.401]:         extracting C:\Program Files\NetBeans-20\netbeans\platform\update_tracking\org-netbeans-modules-applemenu.xml
[2024-01-15 15:51:24.401]:         extracting C:\Program Files\NetBeans-20\netbeans\platform\update_tracking\org-netbeans-modules-favorites.xml
[2024-01-15 15:51:24.401]:         extracting C:\Program Files\NetBeans-20\netbeans\platform\update_tracking\org-netbeans-modules-templates.xml
[2024-01-15 15:51:24.401]:         extracting C:\Program Files\NetBeans-20\netbeans\platform\modules\org-netbeans-modules-editor-mimelookup.jar
[2024-01-15 15:51:24.401]:         extracting C:\Program Files\NetBeans-20\netbeans\extide\config\Modules\org-netbeans-modules-libs-gradle.xml
[2024-01-15 15:51:24.401]:         extracting C:\Program Files\NetBeans-20\netbeans\ide\update_tracking\org-netbeans-modules-projectapi-nb.xml
[2024-01-15 15:51:24.416]:         extracting C:\Program Files\NetBeans-20\netbeans\ide\update_tracking\org-netbeans-modules-editor-indent.xml
[2024-01-15 15:51:24.416]:         extracting C:\Program Files\NetBeans-20\netbeans\ide\update_tracking\org-netbeans-libs-svnClientAdapter.xml
[2024-01-15 15:51:24.416]:         extracting C:\Program Files\NetBeans-20\netbeans\ide\update_tracking\org-netbeans-modules-web-common-ui.xml
[2024-01-15 15:51:24.416]:         extracting C:\Program Files\NetBeans-20\netbeans\ide\update_tracking\org-netbeans-modules-tasklist-todo.xml
[2024-01-15 15:51:24.416]:         extracting C:\Program Files\NetBeans-20\netbeans\ide\update_tracking\org-netbeans-libs-snakeyaml_engine.xml
[2024-01-15 15:51:24.416]:         extracting C:\Program Files\NetBeans-20\netbeans\ide\update_tracking\org-netbeans-modules-notifications.xml
[2024-01-15 15:51:24.416]:         extracting C:\Program Files\NetBeans-20\netbeans\ide\update_tracking\org-netbeans-modules-code-analysis.xml
[2024-01-15 15:51:24.416]:         extracting C:\Program Files\NetBeans-20\netbeans\ide\update_tracking\org-netbeans-modules-editor-guards.xml
[2024-01-15 15:51:24.416]:         extracting C:\Program Files\NetBeans-20\netbeans\ide\update_tracking\org-netbeans-libs-commons_compress.xml
[2024-01-15 15:51:24.416]:         extracting C:\Program Files\NetBeans-20\netbeans\ide\update_tracking\org-netbeans-modules-editor-macros.xml
[2024-01-15 15:51:24.416]:         extracting C:\Program Files\NetBeans-20\netbeans\ide\update_tracking\org-netbeans-modules-xml-multiview.xml
[2024-01-15 15:51:24.416]:         extracting C:\Program Files\NetBeans-20\netbeans\ide\update_tracking\org-netbeans-modules-db-sql-editor.xml
[2024-01-15 15:51:24.416]:         extracting C:\Program Files\NetBeans-20\netbeans\ide\update_tracking\org-netbeans-modules-editor-search.xml
[2024-01-15 15:51:24.416]:         extracting C:\Program Files\NetBeans-20\netbeans\ide\update_tracking\org-netbeans-modules-versioning-ui.xml
[2024-01-15 15:51:24.416]:         extracting C:\Program Files\NetBeans-20\netbeans\ide\update_tracking\org-netbeans-modules-docker-editor.xml
[2024-01-15 15:51:24.416]:         extracting C:\Program Files\NetBeans-20\netbeans\ide\update_tracking\org-netbeans-modules-languages-hcl.xml
[2024-01-15 15:51:24.416]:         extracting C:\Program Files\NetBeans-20\netbeans\ide\update_tracking\org-netbeans-modules-html-indexing.xml
[2024-01-15 15:51:24.416]:         extracting C:\Program Files\NetBeans-20\netbeans\ide\update_tracking\org-netbeans-modules-xml-retriever.xml
[2024-01-15 15:51:24.416]:         extracting C:\Program Files\NetBeans-20\netbeans\ide\modules\org-netbeans-modules-editor-bracesmatching.jar
[2024-01-15 15:51:24.416]:         extracting C:\Program Files\NetBeans-20\netbeans\ide\modules\lib\amd64\linux\libjunixsocket-native-2.5.1.so
[2024-01-15 15:51:24.432]:         extracting C:\Program Files\NetBeans-20\netbeans\ide\modules\org-eclipse-mylyn-wikitext-confluence-core.jar
[2024-01-15 15:51:24.432]:         extracting C:\Program Files\NetBeans-20\netbeans\ide\modules\org-netbeans-modules-editor-indent-project.jar
[2024-01-15 15:51:24.432]:         extracting C:\Program Files\NetBeans-20\netbeans\ide\modules\ext\org.eclipse.lsp4j.jsonrpc.debug-0.13.0.jar
[2024-01-15 15:51:24.432]:         extracting C:\Program Files\NetBeans-20\netbeans\ide\modules\org-netbeans-modules-editor-indent-support.jar
[2024-01-15 15:51:24.432]:         extracting C:\Program Files\NetBeans-20\netbeans\ide\modules\org-netbeans-modules-xml-schema-completion.jar
[2024-01-15 15:51:24.432]:         extracting C:\Program Files\NetBeans-20\netbeans\ide\config\ModuleAutoDeps\org-netbeans-modules-ide-kit.xml
[2024-01-15 15:51:24.432]:         extracting C:\Program Files\NetBeans-20\netbeans\ide\config\ModuleAutoDeps\org-netbeans-modules-csl-api.xml
[2024-01-15 15:51:24.432]:         extracting C:\Program Files\NetBeans-20\netbeans\ide\config\Modules\org-netbeans-modules-languages-diff.xml
[2024-01-15 15:51:24.432]:         extracting C:\Program Files\NetBeans-20\netbeans\ide\config\Modules\org-netbeans-modules-xml-wsdl-model.xml
[2024-01-15 15:51:24.432]:         extracting C:\Program Files\NetBeans-20\netbeans\ide\config\Modules\org-netbeans-modules-gsf-testrunner.xml
[2024-01-15 15:51:24.432]:         extracting C:\Program Files\NetBeans-20\netbeans\ide\config\Modules\org-netbeans-modules-project-ant-ui.xml
[2024-01-15 15:51:24.432]:         extracting C:\Program Files\NetBeans-20\netbeans\ide\config\Modules\org-netbeans-modules-editor-actions.xml
[2024-01-15 15:51:24.432]:         extracting C:\Program Files\NetBeans-20\netbeans\ide\config\Modules\org-netbeans-modules-options-editor.xml
[2024-01-15 15:51:24.432]:         extracting C:\Program Files\NetBeans-20\netbeans\ide\config\Modules\org-netbeans-modules-jellytools-ide.xml
[2024-01-15 15:51:24.448]:         extracting C:\Program Files\NetBeans-20\netbeans\ide\config\Modules\org-netbeans-modules-xml-catalog-ui.xml
[2024-01-15 15:51:24.448]:         extracting C:\Program Files\NetBeans-20\netbeans\ide\config\Modules\org-netbeans-core-multitabs-project.xml
[2024-01-15 15:51:24.448]:         extracting C:\Program Files\NetBeans-20\netbeans\ide\config\Modules\org-netbeans-modules-lexer-nbbridge.xml
[2024-01-15 15:51:24.448]:         extracting C:\Program Files\NetBeans-20\netbeans\ide\config\Modules\org-netbeans-modules-languages-toml.xml
[2024-01-15 15:51:24.448]:         extracting C:\Program Files\NetBeans-20\netbeans\ide\config\Modules\org-netbeans-modules-textmate-lexer.xml
[2024-01-15 15:51:24.448]:         extracting C:\Program Files\NetBeans-20\netbeans\ide\config\Modules\org-netbeans-modules-parsing-lucene.xml
[2024-01-15 15:51:24.448]:         extracting C:\Program Files\NetBeans-20\netbeans\ide\config\Modules\org-netbeans-modules-languages-yaml.xml
[2024-01-15 15:51:24.448]:         extracting C:\Program Files\NetBeans-20\netbeans\platform\update_tracking\org-netbeans-modules-sendopts.xml
[2024-01-15 15:51:24.448]:         extracting C:\Program Files\NetBeans-20\netbeans\platform\update_tracking\org-netbeans-modules-javahelp.xml
[2024-01-15 15:51:24.448]:         extracting C:\Program Files\NetBeans-20\netbeans\platform\update_tracking\org-openide-execution-compat8.xml
[2024-01-15 15:51:24.448]:         extracting C:\Program Files\NetBeans-20\netbeans\platform\update_tracking\org-netbeans-modules-core-kit.xml
[2024-01-15 15:51:24.448]:         extracting C:\Program Files\NetBeans-20\netbeans\platform\update_tracking\org-netbeans-modules-masterfs.xml
[2024-01-15 15:51:24.448]:         extracting C:\Program Files\NetBeans-20\netbeans\platform\update_tracking\org-netbeans-modules-junitlib.xml
[2024-01-15 15:51:24.448]:         extracting C:\Program Files\NetBeans-20\netbeans\platform\update_tracking\org-netbeans-modules-settings.xml
[2024-01-15 15:51:24.448]:         extracting C:\Program Files\NetBeans-20\netbeans\platform\update_tracking\org-netbeans-modules-netbinox.xml
[2024-01-15 15:51:24.448]:         extracting C:\Program Files\NetBeans-20\netbeans\platform\update_tracking\org-netbeans-swing-tabcontrol.xml
[2024-01-15 15:51:24.448]:         extracting C:\Program Files\NetBeans-20\netbeans\platform\update_tracking\org-apache-commons-commons_io.xml
[2024-01-15 15:51:24.448]:         extracting C:\Program Files\NetBeans-20\netbeans\platform\modules\org-netbeans-modules-keyring-fallback.jar
[2024-01-15 15:51:24.448]:         extracting C:\Program Files\NetBeans-20\netbeans\platform\modules\org-netbeans-modules-masterfs-windows.jar
[2024-01-15 15:51:24.448]:         extracting C:\Program Files\NetBeans-20\netbeans\platform\config\ModuleAutoDeps\org-openide-filesystems.xml
[2024-01-15 15:51:24.448]:         extracting C:\Program Files\NetBeans-20\netbeans\platform\config\Modules\org-netbeans-libs-jna-platform.xml
[2024-01-15 15:51:24.448]:         extracting C:\Program Files\NetBeans-20\netbeans\platform\config\Modules\org-netbeans-modules-uihandler.xml
[2024-01-15 15:51:24.448]:         extracting C:\Program Files\NetBeans-20\netbeans\platform\config\Modules\org-netbeans-swing-laf-flatlaf.xml
[2024-01-15 15:51:24.448]:         extracting C:\Program Files\NetBeans-20\netbeans\platform\config\Modules\org-netbeans-core-nativeaccess.xml
[2024-01-15 15:51:24.448]:         extracting C:\Program Files\NetBeans-20\netbeans\platform\config\Modules\org-netbeans-modules-applemenu.xml
[2024-01-15 15:51:24.448]:         extracting C:\Program Files\NetBeans-20\netbeans\platform\config\Modules\org-netbeans-modules-favorites.xml
[2024-01-15 15:51:24.463]:         extracting C:\Program Files\NetBeans-20\netbeans\platform\config\Modules\org-netbeans-modules-templates.xml
[2024-01-15 15:51:24.463]:         extracting C:\Program Files\NetBeans-20\netbeans\harness\nbi\stub\ext\engine\nbproject\genfiles.properties
[2024-01-15 15:51:24.463]:         extracting C:\Program Files\NetBeans-20\netbeans\harness\nbi\stub\ext\engine\src\native\launcher\unix\i18n
[2024-01-15 15:51:24.463]:         extracting C:\Program Files\NetBeans-20\netbeans\nb\update_tracking\org-netbeans-modules-updatecenters.xml
[2024-01-15 15:51:24.463]:         extracting C:\Program Files\NetBeans-20\netbeans\nb\modules\locale\org-netbeans-modules-options-api_nb.jar
[2024-01-15 15:51:24.463]:         extracting C:\Program Files\NetBeans-20\netbeans\cpplite\modules\org-netbeans-modules-cpplite-debugger.jar
[2024-01-15 15:51:24.463]:         extracting C:\Program Files\NetBeans-20\netbeans\ide\update_tracking\org-netbeans-modules-team-commons.xml
[2024-01-15 15:51:24.463]:         extracting C:\Program Files\NetBeans-20\netbeans\ide\update_tracking\org-netbeans-modules-localhistory.xml
[2024-01-15 15:51:24.463]:         extracting C:\Program Files\NetBeans-20\netbeans\ide\update_tracking\org-netbeans-libs-jsch-agentproxy.xml
[2024-01-15 15:51:24.463]:         extracting C:\Program Files\NetBeans-20\netbeans\ide\update_tracking\org-netbeans-modules-xml-jaxb-api.xml
[2024-01-15 15:51:24.463]:         extracting C:\Program Files\NetBeans-20\netbeans\ide\update_tracking\org-netbeans-core-browser-webview.xml
[2024-01-15 15:51:24.463]:         extracting C:\Program Files\NetBeans-20\netbeans\ide\update_tracking\org-netbeans-modules-schema2beans.xml
[2024-01-15 15:51:24.463]:         extracting C:\Program Files\NetBeans-20\netbeans\ide\update_tracking\org-netbeans-modules-print-editor.xml
[2024-01-15 15:51:24.463]:         extracting C:\Program Files\NetBeans-20\netbeans\ide\update_tracking\org-netbeans-modules-languages-go.xml
[2024-01-15 15:51:24.463]:         extracting C:\Program Files\NetBeans-20\netbeans\ide\update_tracking\org-netbeans-modules-projectuiapi.xml
[2024-01-15 15:51:24.463]:         extracting C:\Program Files\NetBeans-20\netbeans\ide\update_tracking\org-netbeans-modules-editor-plain.xml
[2024-01-15 15:51:24.463]:         extracting C:\Program Files\NetBeans-20\netbeans\ide\update_tracking\org-netbeans-modules-lexer-antlr4.xml
[2024-01-15 15:51:24.463]:         extracting C:\Program Files\NetBeans-20\netbeans\ide\update_tracking\org-netbeans-modules-extexecution.xml
[2024-01-15 15:51:24.463]:         extracting C:\Program Files\NetBeans-20\netbeans\ide\update_tracking\org-netbeans-modules-spellchecker.xml
[2024-01-15 15:51:24.463]:         extracting C:\Program Files\NetBeans-20\netbeans\ide\update_tracking\org-netbeans-lib-terminalemulator.xml
[2024-01-15 15:51:24.463]:         extracting C:\Program Files\NetBeans-20\netbeans\ide\update_tracking\org-netbeans-libs-graalsdk-system.xml
[2024-01-15 15:51:24.463]:         extracting C:\Program Files\NetBeans-20\netbeans\ide\update_tracking\org-netbeans-modules-tasklist-kit.xml
[2024-01-15 15:51:24.463]:         extracting C:\Program Files\NetBeans-20\netbeans\ide\modules\lib\aarch64\libjunixsocket-native-2.5.1.dylib
[2024-01-15 15:51:24.463]:         extracting C:\Program Files\NetBeans-20\netbeans\ide\modules\org-netbeans-libs-svnClientAdapter-javahl.jar
[2024-01-15 15:51:24.479]:         extracting C:\Program Files\NetBeans-20\netbeans\ide\modules\org-netbeans-modules-editor-codetemplates.jar
[2024-01-15 15:51:24.479]:         extracting C:\Program Files\NetBeans-20\netbeans\ide\modules\org-netbeans-modules-editor-global-format.jar
[2024-01-15 15:51:24.479]:         extracting C:\Program Files\NetBeans-20\netbeans\ide\modules\org-netbeans-modules-project-libraries-ui.jar
[2024-01-15 15:51:24.479]:         extracting C:\Program Files\NetBeans-20\netbeans\ide\modules\org-netbeans-modules-javascript2-debug-ui.jar
[2024-01-15 15:51:24.479]:         extracting C:\Program Files\NetBeans-20\netbeans\ide\modules\org-netbeans-modules-web-webkit-debugging.jar
[2024-01-15 15:51:24.479]:         extracting C:\Program Files\NetBeans-20\netbeans\ide\modules\org-netbeans-modules-editor-tools-storage.jar
[2024-01-15 15:51:24.479]:         extracting C:\Program Files\NetBeans-20\netbeans\ide\modules\org-netbeans-modules-extexecution-process.jar
[2024-01-15 15:51:24.479]:         extracting C:\Program Files\NetBeans-20\netbeans\ide\config\ModuleAutoDeps\org-netbeans-modules-editor.xml
[2024-01-15 15:51:24.479]:         extracting C:\Program Files\NetBeans-20\netbeans\ide\config\Modules\org-netbeans-modules-projectapi-nb.xml
[2024-01-15 15:51:24.479]:         extracting C:\Program Files\NetBeans-20\netbeans\ide\config\Modules\org-netbeans-modules-editor-indent.xml
[2024-01-15 15:51:24.479]:         extracting C:\Program Files\NetBeans-20\netbeans\ide\config\Modules\org-netbeans-libs-svnClientAdapter.xml
[2024-01-15 15:51:24.479]:         extracting C:\Program Files\NetBeans-20\netbeans\ide\config\Modules\org-netbeans-modules-web-common-ui.xml
[2024-01-15 15:51:24.479]:         extracting C:\Program Files\NetBeans-20\netbeans\ide\config\Modules\org-netbeans-modules-tasklist-todo.xml
[2024-01-15 15:51:24.479]:         extracting C:\Program Files\NetBeans-20\netbeans\ide\config\Modules\org-netbeans-libs-snakeyaml_engine.xml
[2024-01-15 15:51:24.479]:         extracting C:\Program Files\NetBeans-20\netbeans\ide\config\Modules\org-netbeans-modules-notifications.xml
[2024-01-15 15:51:24.479]:         extracting C:\Program Files\NetBeans-20\netbeans\ide\config\Modules\org-netbeans-modules-code-analysis.xml
[2024-01-15 15:51:24.479]:         extracting C:\Program Files\NetBeans-20\netbeans\ide\config\Modules\org-netbeans-modules-editor-guards.xml
[2024-01-15 15:51:24.495]:         extracting C:\Program Files\NetBeans-20\netbeans\ide\config\Modules\org-netbeans-libs-commons_compress.xml
[2024-01-15 15:51:24.495]:         extracting C:\Program Files\NetBeans-20\netbeans\ide\config\Modules\org-netbeans-modules-editor-macros.xml
[2024-01-15 15:51:24.495]:         extracting C:\Program Files\NetBeans-20\netbeans\ide\config\Modules\org-netbeans-modules-xml-multiview.xml
[2024-01-15 15:51:24.495]:         extracting C:\Program Files\NetBeans-20\netbeans\ide\config\Modules\org-netbeans-modules-db-sql-editor.xml
[2024-01-15 15:51:24.495]:         extracting C:\Program Files\NetBeans-20\netbeans\ide\config\Modules\org-netbeans-modules-editor-search.xml
[2024-01-15 15:51:24.495]:         extracting C:\Program Files\NetBeans-20\netbeans\ide\config\Modules\org-netbeans-modules-versioning-ui.xml
[2024-01-15 15:51:24.495]:         extracting C:\Program Files\NetBeans-20\netbeans\ide\config\Modules\org-netbeans-modules-docker-editor.xml
[2024-01-15 15:51:24.495]:         extracting C:\Program Files\NetBeans-20\netbeans\ide\config\Modules\org-netbeans-modules-languages-hcl.xml
[2024-01-15 15:51:24.495]:         extracting C:\Program Files\NetBeans-20\netbeans\ide\config\Modules\org-netbeans-modules-html-indexing.xml
[2024-01-15 15:51:24.495]:         extracting C:\Program Files\NetBeans-20\netbeans\ide\config\Modules\org-netbeans-modules-xml-retriever.xml
[2024-01-15 15:51:24.495]:         extracting C:\Program Files\NetBeans-20\netbeans\platform\update_tracking\org-netbeans-api-progress-nb.xml
[2024-01-15 15:51:24.495]:         extracting C:\Program Files\NetBeans-20\netbeans\platform\update_tracking\org-netbeans-modules-keyring.xml
[2024-01-15 15:51:24.495]:         extracting C:\Program Files\NetBeans-20\netbeans\platform\update_tracking\org-netbeans-modules-janitor.xml
[2024-01-15 15:51:24.495]:         extracting C:\Program Files\NetBeans-20\netbeans\platform\update_tracking\org-netbeans-libs-batik-read.xml
[2024-01-15 15:51:24.495]:         extracting C:\Program Files\NetBeans-20\netbeans\platform\update_tracking\org-netbeans-modules-sampler.xml
[2024-01-15 15:51:24.495]:         extracting C:\Program Files\NetBeans-20\netbeans\platform\update_tracking\org-netbeans-spi-quicksearch.xml
[2024-01-15 15:51:24.495]:         extracting C:\Program Files\NetBeans-20\netbeans\platform\update_tracking\org-netbeans-modules-queries.xml
[2024-01-15 15:51:24.495]:         extracting C:\Program Files\NetBeans-20\netbeans\platform\modules\org-netbeans-modules-masterfs-macosx.jar
[2024-01-15 15:51:24.495]:         extracting C:\Program Files\NetBeans-20\netbeans\platform\config\Modules\org-netbeans-modules-sendopts.xml
[2024-01-15 15:51:24.495]:         extracting C:\Program Files\NetBeans-20\netbeans\platform\config\Modules\org-netbeans-modules-javahelp.xml
[2024-01-15 15:51:24.495]:         extracting C:\Program Files\NetBeans-20\netbeans\platform\config\Modules\org-openide-execution-compat8.xml
[2024-01-15 15:51:24.495]:         extracting C:\Program Files\NetBeans-20\netbeans\platform\config\Modules\org-netbeans-modules-core-kit.xml
[2024-01-15 15:51:24.495]:         extracting C:\Program Files\NetBeans-20\netbeans\platform\config\Modules\org-netbeans-modules-masterfs.xml
[2024-01-15 15:51:24.495]:         extracting C:\Program Files\NetBeans-20\netbeans\platform\config\Modules\org-netbeans-modules-junitlib.xml
[2024-01-15 15:51:24.495]:         extracting C:\Program Files\NetBeans-20\netbeans\platform\config\Modules\org-netbeans-modules-settings.xml
[2024-01-15 15:51:24.495]:         extracting C:\Program Files\NetBeans-20\netbeans\platform\config\Modules\org-netbeans-modules-netbinox.xml
[2024-01-15 15:51:24.495]:         extracting C:\Program Files\NetBeans-20\netbeans\platform\config\Modules\org-netbeans-swing-tabcontrol.xml
[2024-01-15 15:51:24.495]:         extracting C:\Program Files\NetBeans-20\netbeans\platform\config\Modules\org-apache-commons-commons_io.xml
[2024-01-15 15:51:24.495]:         extracting C:\Program Files\NetBeans-20\netbeans\harness\update_tracking\org-netbeans-modules-nbjunit.xml
[2024-01-15 15:51:24.510]:         extracting C:\Program Files\NetBeans-20\netbeans\harness\update_tracking\org-netbeans-libs-nbi-engine.xml
[2024-01-15 15:51:24.510]:         extracting C:\Program Files\NetBeans-20\netbeans\harness\nbi\stub\ext\engine\nbproject\project.properties
[2024-01-15 15:51:24.510]:         extracting C:\Program Files\NetBeans-20\netbeans\harness\nbi\stub\ext\infra\build\engine\build.properties
[2024-01-15 15:51:24.510]:         extracting C:\Program Files\NetBeans-20\netbeans\harness\nbi\stub\ext\components\products\helloworld\data
[2024-01-15 15:51:24.510]:         extracting C:\Program Files\NetBeans-20\netbeans\nb\update_tracking\org-netbeans-modules-ide-branding.xml
[2024-01-15 15:51:24.510]:         extracting C:\Program Files\NetBeans-20\netbeans\nb\config\Modules\org-netbeans-modules-updatecenters.xml
[2024-01-15 15:51:24.510]:         extracting C:\Program Files\NetBeans-20\netbeans\cpplite\modules\org-netbeans-modules-cpplite-project.jar
[2024-01-15 15:51:24.510]:         extracting C:\Program Files\NetBeans-20\netbeans\ide\update_tracking\org-netbeans-libs-antlr3-runtime.xml
[2024-01-15 15:51:24.510]:         extracting C:\Program Files\NetBeans-20\netbeans\ide\update_tracking\org-netbeans-modules-editor-util.xml
[2024-01-15 15:51:24.510]:         extracting C:\Program Files\NetBeans-20\netbeans\ide\update_tracking\org-netbeans-modules-bugtracking.xml
[2024-01-15 15:51:24.510]:         extracting C:\Program Files\NetBeans-20\netbeans\ide\update_tracking\org-netbeans-modules-html-editor.xml
[2024-01-15 15:51:24.510]:         extracting C:\Program Files\NetBeans-20\netbeans\ide\update_tracking\com-googlecode-javaewah-JavaEWAH.xml
[2024-01-15 15:51:24.510]:         extracting C:\Program Files\NetBeans-20\netbeans\ide\update_tracking\org-netbeans-modules-html-custom.xml
[2024-01-15 15:51:24.510]:         extracting C:\Program Files\NetBeans-20\netbeans\ide\update_tracking\org-netbeans-modules-parsing-api.xml
[2024-01-15 15:51:24.510]:         extracting C:\Program Files\NetBeans-20\netbeans\ide\update_tracking\org-netbeans-modules-xml-catalog.xml
[2024-01-15 15:51:24.510]:         extracting C:\Program Files\NetBeans-20\netbeans\ide\update_tracking\org-netbeans-modules-terminal-nb.xml
[2024-01-15 15:51:24.510]:         extracting C:\Program Files\NetBeans-20\netbeans\ide\update_tracking\org-netbeans-modules-editor-fold.xml
[2024-01-15 15:51:24.510]:         extracting C:\Program Files\NetBeans-20\netbeans\ide\update_tracking\org-netbeans-modules-project-ant.xml
[2024-01-15 15:51:24.510]:         extracting C:\Program Files\NetBeans-20\netbeans\ide\update_tracking\org-netbeans-modules-db-dataview.xml
[2024-01-15 15:51:24.510]:         extracting C:\Program Files\NetBeans-20\netbeans\ide\update_tracking\org-netbeans-libs-antlr4-runtime.xml
[2024-01-15 15:51:24.510]:         extracting C:\Program Files\NetBeans-20\netbeans\ide\update_tracking\org-netbeans-modules-html-parser.xml
[2024-01-15 15:51:24.510]:         extracting C:\Program Files\NetBeans-20\netbeans\ide\update_tracking\org-netbeans-modules-tasklist-ui.xml
[2024-01-15 15:51:24.510]:         extracting C:\Program Files\NetBeans-20\netbeans\ide\update_tracking\org-eclipse-mylyn-commons-xmlrpc.xml
[2024-01-15 15:51:24.510]:         extracting C:\Program Files\NetBeans-20\netbeans\ide\update_tracking\org-netbeans-modules-editor-lib2.xml
[2024-01-15 15:51:24.510]:         extracting C:\Program Files\NetBeans-20\netbeans\ide\modules\org-netbeans-modules-editor-settings-lib.jar
[2024-01-15 15:51:24.510]:         extracting C:\Program Files\NetBeans-20\netbeans\ide\modules\lib\x86_64\libjunixsocket-native-2.5.1.dylib
[2024-01-15 15:51:24.526]:         extracting C:\Program Files\NetBeans-20\netbeans\ide\modules\org-eclipse-mylyn-wikitext-markdown-core.jar
[2024-01-15 15:51:24.526]:         extracting C:\Program Files\NetBeans-20\netbeans\ide\modules\org-netbeans-modules-xml-text-obsolete90.jar
[2024-01-15 15:51:24.526]:         extracting C:\Program Files\NetBeans-20\netbeans\ide\modules\org-netbeans-modules-projectui-buildmenu.jar
[2024-01-15 15:51:24.526]:         extracting C:\Program Files\NetBeans-20\netbeans\ide\modules\org-netbeans-modules-tasklist-projectint.jar
[2024-01-15 15:51:24.526]:         extracting C:\Program Files\NetBeans-20\netbeans\ide\modules\org-netbeans-modules-bugtracking-commons.jar
[2024-01-15 15:51:24.526]:         extracting C:\Program Files\NetBeans-20\netbeans\ide\modules\org-netbeans-modules-versioning-masterfs.jar
[2024-01-15 15:51:24.526]:         extracting C:\Program Files\NetBeans-20\netbeans\ide\modules\org-netbeans-modules-db-sql-visualeditor.jar
[2024-01-15 15:51:24.526]:         extracting C:\Program Files\NetBeans-20\netbeans\ide\modules\org-netbeans-modules-project-ant-compat8.jar
[2024-01-15 15:51:24.526]:         extracting C:\Program Files\NetBeans-20\netbeans\ide\config\Modules\org-netbeans-modules-team-commons.xml
[2024-01-15 15:51:24.526]:         extracting C:\Program Files\NetBeans-20\netbeans\ide\config\Modules\org-netbeans-modules-localhistory.xml
[2024-01-15 15:51:24.526]:         extracting C:\Program Files\NetBeans-20\netbeans\ide\config\Modules\org-netbeans-libs-jsch-agentproxy.xml
[2024-01-15 15:51:24.526]:         extracting C:\Program Files\NetBeans-20\netbeans\ide\config\Modules\org-netbeans-modules-xml-jaxb-api.xml
[2024-01-15 15:51:24.526]:         extracting C:\Program Files\NetBeans-20\netbeans\ide\config\Modules\org-netbeans-core-browser-webview.xml
[2024-01-15 15:51:24.526]:         extracting C:\Program Files\NetBeans-20\netbeans\ide\config\Modules\org-netbeans-modules-schema2beans.xml
[2024-01-15 15:51:24.526]:         extracting C:\Program Files\NetBeans-20\netbeans\ide\config\Modules\org-netbeans-modules-print-editor.xml
[2024-01-15 15:51:24.526]:         extracting C:\Program Files\NetBeans-20\netbeans\ide\config\Modules\org-netbeans-modules-languages-go.xml
[2024-01-15 15:51:24.526]:         extracting C:\Program Files\NetBeans-20\netbeans\ide\config\Modules\org-netbeans-modules-projectuiapi.xml
[2024-01-15 15:51:24.541]:         extracting C:\Program Files\NetBeans-20\netbeans\ide\config\Modules\org-netbeans-modules-editor-plain.xml
[2024-01-15 15:51:24.541]:         extracting C:\Program Files\NetBeans-20\netbeans\ide\config\Modules\org-netbeans-modules-lexer-antlr4.xml
[2024-01-15 15:51:24.541]:         extracting C:\Program Files\NetBeans-20\netbeans\ide\config\Modules\org-netbeans-modules-extexecution.xml
[2024-01-15 15:51:24.541]:         extracting C:\Program Files\NetBeans-20\netbeans\ide\config\Modules\org-netbeans-modules-spellchecker.xml
[2024-01-15 15:51:24.541]:         extracting C:\Program Files\NetBeans-20\netbeans\ide\config\Modules\org-netbeans-lib-terminalemulator.xml
[2024-01-15 15:51:24.541]:         extracting C:\Program Files\NetBeans-20\netbeans\ide\config\Modules\org-netbeans-libs-graalsdk-system.xml
[2024-01-15 15:51:24.541]:         extracting C:\Program Files\NetBeans-20\netbeans\ide\config\Modules\org-netbeans-modules-tasklist-kit.xml
[2024-01-15 15:51:24.541]:         extracting C:\Program Files\NetBeans-20\netbeans\platform\update_tracking\org-netbeans-core-multitabs.xml
[2024-01-15 15:51:24.541]:         extracting C:\Program Files\NetBeans-20\netbeans\platform\update_tracking\org-netbeans-modules-htmlui.xml
[2024-01-15 15:51:24.541]:         extracting C:\Program Files\NetBeans-20\netbeans\platform\update_tracking\org-netbeans-core-execution.xml
[2024-01-15 15:51:24.541]:         extracting C:\Program Files\NetBeans-20\netbeans\platform\update_tracking\org-netbeans-core-multiview.xml
[2024-01-15 15:51:24.541]:         extracting C:\Program Files\NetBeans-20\netbeans\platform\update_tracking\org-netbeans-swing-laf-dark.xml
[2024-01-15 15:51:24.541]:         extracting C:\Program Files\NetBeans-20\netbeans\platform\modules\org-netbeans-api-annotations-common.jar
[2024-01-15 15:51:24.541]:         extracting C:\Program Files\NetBeans-20\netbeans\platform\modules\org-netbeans-modules-options-keymap.jar
[2024-01-15 15:51:24.541]:         extracting C:\Program Files\NetBeans-20\netbeans\platform\modules\org-netbeans-modules-autoupdate-cli.jar
[2024-01-15 15:51:24.541]:         extracting C:\Program Files\NetBeans-20\netbeans\platform\modules\org-netbeans-modules-masterfs-linux.jar
[2024-01-15 15:51:24.541]:         extracting C:\Program Files\NetBeans-20\netbeans\platform\config\ModuleAutoDeps\org-openide-execution.xml
[2024-01-15 15:51:24.541]:         extracting C:\Program Files\NetBeans-20\netbeans\platform\config\Modules\org-netbeans-api-progress-nb.xml
[2024-01-15 15:51:24.541]:         extracting C:\Program Files\NetBeans-20\netbeans\platform\config\Modules\org-netbeans-modules-keyring.xml
[2024-01-15 15:51:24.541]:         extracting C:\Program Files\NetBeans-20\netbeans\platform\config\Modules\org-netbeans-modules-janitor.xml
[2024-01-15 15:51:24.541]:         extracting C:\Program Files\NetBeans-20\netbeans\platform\config\Modules\org-netbeans-libs-batik-read.xml
[2024-01-15 15:51:24.541]:         extracting C:\Program Files\NetBeans-20\netbeans\platform\config\Modules\org-netbeans-modules-sampler.xml
[2024-01-15 15:51:24.541]:         extracting C:\Program Files\NetBeans-20\netbeans\platform\config\Modules\org-netbeans-spi-quicksearch.xml
[2024-01-15 15:51:24.541]:         extracting C:\Program Files\NetBeans-20\netbeans\platform\config\Modules\org-netbeans-modules-queries.xml
[2024-01-15 15:51:24.557]:         extracting C:\Program Files\NetBeans-20\netbeans\harness\nbi\stub\ext\engine\src\org\mycompany\installer
[2024-01-15 15:51:24.557]:         extracting C:\Program Files\NetBeans-20\netbeans\harness\nbi\stub\ext\engine\src\native\launcher\windows
[2024-01-15 15:51:24.557]:         extracting C:\Program Files\NetBeans-20\netbeans\harness\nbi\stub\ext\components\products\helloworld\src
[2024-01-15 15:51:24.557]:         extracting C:\Program Files\NetBeans-20\netbeans\harness\config\Modules\org-netbeans-modules-nbjunit.xml
[2024-01-15 15:51:24.557]:         extracting C:\Program Files\NetBeans-20\netbeans\harness\config\Modules\org-netbeans-libs-nbi-engine.xml
[2024-01-15 15:51:24.557]:         extracting C:\Program Files\NetBeans-20\netbeans\nb\modules\locale\org-netbeans-modules-uihandler_nb.jar
[2024-01-15 15:51:24.557]:         extracting C:\Program Files\NetBeans-20\netbeans\nb\config\Modules\org-netbeans-modules-ide-branding.xml
[2024-01-15 15:51:24.557]:         extracting C:\Program Files\NetBeans-20\netbeans\cpplite\modules\org-netbeans-modules-cpplite-editor.jar
[2024-01-15 15:51:24.557]:         extracting C:\Program Files\NetBeans-20\netbeans\ide\update_tracking\org-netbeans-modules-hudson-git.xml
[2024-01-15 15:51:24.557]:         extracting C:\Program Files\NetBeans-20\netbeans\ide\update_tracking\org-netbeans-modules-usersguide.xml
[2024-01-15 15:51:24.557]:         extracting C:\Program Files\NetBeans-20\netbeans\ide\update_tracking\org-netbeans-modules-web-common.xml
[2024-01-15 15:51:24.557]:         extracting C:\Program Files\NetBeans-20\netbeans\ide\update_tracking\org-netbeans-modules-editor-kit.xml
[2024-01-15 15:51:24.557]:         extracting C:\Program Files\NetBeans-20\netbeans\ide\update_tracking\org-netbeans-modules-httpserver.xml
[2024-01-15 15:51:24.557]:         extracting C:\Program Files\NetBeans-20\netbeans\ide\update_tracking\org-netbeans-modules-css-visual.xml
[2024-01-15 15:51:24.557]:         extracting C:\Program Files\NetBeans-20\netbeans\ide\update_tracking\org-netbeans-modules-web-indent.xml
[2024-01-15 15:51:24.557]:         extracting C:\Program Files\NetBeans-20\netbeans\ide\update_tracking\org-netbeans-modules-properties.xml
[2024-01-15 15:51:24.557]:         extracting C:\Program Files\NetBeans-20\netbeans\ide\update_tracking\org-netbeans-modules-subversion.xml
[2024-01-15 15:51:24.557]:         extracting C:\Program Files\NetBeans-20\netbeans\ide\update_tracking\org-netbeans-modules-parsing-ui.xml
[2024-01-15 15:51:24.557]:         extracting C:\Program Files\NetBeans-20\netbeans\ide\update_tracking\org-eclipse-equinox-preferences.xml
[2024-01-15 15:51:24.557]:         extracting C:\Program Files\NetBeans-20\netbeans\ide\update_tracking\libs-c-kohlschutter-junixsocket.xml
[2024-01-15 15:51:24.557]:         extracting C:\Program Files\NetBeans-20\netbeans\ide\update_tracking\org-netbeans-modules-projectapi.xml
[2024-01-15 15:51:24.557]:         extracting C:\Program Files\NetBeans-20\netbeans\ide\update_tracking\org-netbeans-modules-servletapi.xml
[2024-01-15 15:51:24.557]:         extracting C:\Program Files\NetBeans-20\netbeans\ide\update_tracking\org-netbeans-api-java-classpath.xml
[2024-01-15 15:51:24.557]:         extracting C:\Program Files\NetBeans-20\netbeans\ide\update_tracking\org-netbeans-modules-localtasks.xml
[2024-01-15 15:51:24.557]:         extracting C:\Program Files\NetBeans-20\netbeans\ide\update_tracking\org-netbeans-modules-db-drivers.xml
[2024-01-15 15:51:24.557]:         extracting C:\Program Files\NetBeans-20\netbeans\ide\update_tracking\org-netbeans-modules-css-editor.xml
[2024-01-15 15:51:24.573]:         extracting C:\Program Files\NetBeans-20\netbeans\ide\update_tracking\org-netbeans-modules-html-lexer.xml
[2024-01-15 15:51:24.573]:         extracting C:\Program Files\NetBeans-20\netbeans\ide\update_tracking\org-netbeans-modules-extbrowser.xml
[2024-01-15 15:51:24.573]:         extracting C:\Program Files\NetBeans-20\netbeans\ide\update_tracking\org-netbeans-modules-parsing-nb.xml
[2024-01-15 15:51:24.573]:         extracting C:\Program Files\NetBeans-20\netbeans\ide\update_tracking\org-netbeans-modules-lsp-client.xml
[2024-01-15 15:51:24.573]:         extracting C:\Program Files\NetBeans-20\netbeans\ide\update_tracking\org-eclipse-mylyn-bugzilla-core.xml
[2024-01-15 15:51:24.573]:         extracting C:\Program Files\NetBeans-20\netbeans\ide\update_tracking\org-eclipse-mylyn-wikitext-core.xml
[2024-01-15 15:51:24.573]:         extracting C:\Program Files\NetBeans-20\netbeans\ide\update_tracking\org-netbeans-modules-versioning.xml
[2024-01-15 15:51:24.573]:         extracting C:\Program Files\NetBeans-20\netbeans\ide\update_tracking\org-netbeans-modules-editor-lib.xml
[2024-01-15 15:51:24.573]:         extracting C:\Program Files\NetBeans-20\netbeans\ide\update_tracking\org-netbeans-modules-docker-api.xml
[2024-01-15 15:51:24.573]:         extracting C:\Program Files\NetBeans-20\netbeans\ide\update_tracking\org-netbeans-modules-mylyn-util.xml
[2024-01-15 15:51:24.573]:         extracting C:\Program Files\NetBeans-20\netbeans\ide\modules\org-netbeans-modules-editor-breadcrumbs.jar
[2024-01-15 15:51:24.573]:         extracting C:\Program Files\NetBeans-20\netbeans\ide\modules\org-netbeans-modules-project-dependency.jar
[2024-01-15 15:51:24.573]:         extracting C:\Program Files\NetBeans-20\netbeans\ide\modules\org-netbeans-modules-bugtracking-bridge.jar
[2024-01-15 15:51:24.573]:         extracting C:\Program Files\NetBeans-20\netbeans\ide\modules\org-netbeans-modules-project-spi-intern.jar
[2024-01-15 15:51:24.573]:         extracting C:\Program Files\NetBeans-20\netbeans\ide\modules\org-netbeans-modules-languages-manifest.jar
[2024-01-15 15:51:24.573]:         extracting C:\Program Files\NetBeans-20\netbeans\ide\modules\org-netbeans-modules-editor-errorstripe.jar
[2024-01-15 15:51:24.573]:         extracting C:\Program Files\NetBeans-20\netbeans\ide\modules\org-eclipse-mylyn-wikitext-textile-core.jar
[2024-01-15 15:51:24.573]:         extracting C:\Program Files\NetBeans-20\netbeans\ide\config\Modules\org-netbeans-libs-antlr3-runtime.xml
[2024-01-15 15:51:24.573]:         extracting C:\Program Files\NetBeans-20\netbeans\ide\config\Modules\org-netbeans-modules-editor-util.xml
[2024-01-15 15:51:24.573]:         extracting C:\Program Files\NetBeans-20\netbeans\ide\config\Modules\org-netbeans-modules-bugtracking.xml
[2024-01-15 15:51:24.573]:         extracting C:\Program Files\NetBeans-20\netbeans\ide\config\Modules\org-netbeans-modules-html-editor.xml
[2024-01-15 15:51:24.573]:         extracting C:\Program Files\NetBeans-20\netbeans\ide\config\Modules\com-googlecode-javaewah-JavaEWAH.xml
[2024-01-15 15:51:24.573]:         extracting C:\Program Files\NetBeans-20\netbeans\ide\config\Modules\org-netbeans-modules-html-custom.xml
[2024-01-15 15:51:24.588]:         extracting C:\Program Files\NetBeans-20\netbeans\ide\config\Modules\org-netbeans-modules-parsing-api.xml
[2024-01-15 15:51:24.588]:         extracting C:\Program Files\NetBeans-20\netbeans\ide\config\Modules\org-netbeans-modules-xml-catalog.xml
[2024-01-15 15:51:24.588]:         extracting C:\Program Files\NetBeans-20\netbeans\ide\config\Modules\org-netbeans-modules-terminal-nb.xml
[2024-01-15 15:51:24.588]:         extracting C:\Program Files\NetBeans-20\netbeans\ide\config\Modules\org-netbeans-modules-editor-fold.xml
[2024-01-15 15:51:24.588]:         extracting C:\Program Files\NetBeans-20\netbeans\ide\config\Modules\org-netbeans-modules-project-ant.xml
[2024-01-15 15:51:24.588]:         extracting C:\Program Files\NetBeans-20\netbeans\ide\config\Modules\org-netbeans-modules-db-dataview.xml
[2024-01-15 15:51:24.588]:         extracting C:\Program Files\NetBeans-20\netbeans\ide\config\Modules\org-netbeans-libs-antlr4-runtime.xml
[2024-01-15 15:51:24.588]:         extracting C:\Program Files\NetBeans-20\netbeans\ide\config\Modules\org-netbeans-modules-html-parser.xml
[2024-01-15 15:51:24.588]:         extracting C:\Program Files\NetBeans-20\netbeans\ide\config\Modules\org-netbeans-modules-tasklist-ui.xml
[2024-01-15 15:51:24.588]:         extracting C:\Program Files\NetBeans-20\netbeans\ide\config\Modules\org-eclipse-mylyn-commons-xmlrpc.xml
[2024-01-15 15:51:24.588]:         extracting C:\Program Files\NetBeans-20\netbeans\ide\config\Modules\org-netbeans-modules-editor-lib2.xml
[2024-01-15 15:51:24.588]:         extracting C:\Program Files\NetBeans-20\netbeans\platform\update_tracking\org-netbeans-api-scripting.xml
[2024-01-15 15:51:24.588]:         extracting C:\Program Files\NetBeans-20\netbeans\platform\update_tracking\org-apache-commons-logging.xml
[2024-01-15 15:51:24.588]:         extracting C:\Program Files\NetBeans-20\netbeans\platform\update_tracking\org-netbeans-swing-outline.xml
[2024-01-15 15:51:24.588]:         extracting C:\Program Files\NetBeans-20\netbeans\platform\update_tracking\org-openide-filesystems-nb.xml
[2024-01-15 15:51:24.588]:         extracting C:\Program Files\NetBeans-20\netbeans\platform\update_tracking\org-netbeans-api-templates.xml
[2024-01-15 15:51:24.588]:         extracting C:\Program Files\NetBeans-20\netbeans\platform\update_tracking\org-netbeans-modules-print.xml
[2024-01-15 15:51:24.588]:         extracting C:\Program Files\NetBeans-20\netbeans\platform\update_tracking\org-netbeans-lib-uihandler.xml
[2024-01-15 15:51:24.588]:         extracting C:\Program Files\NetBeans-20\netbeans\platform\modules\lib\riscv64\linux\libjnidispatch-nb.so
[2024-01-15 15:51:24.588]:         extracting C:\Program Files\NetBeans-20\netbeans\platform\modules\lib\aarch64\linux\libjnidispatch-nb.so
[2024-01-15 15:51:24.588]:         extracting C:\Program Files\NetBeans-20\netbeans\platform\modules\org-netbeans-modules-autoupdate-ui.jar
[2024-01-15 15:51:24.604]:         extracting C:\Program Files\NetBeans-20\netbeans\platform\modules\org-netbeans-modules-masterfs-nio2.jar
[2024-01-15 15:51:24.604]:         extracting C:\Program Files\NetBeans-20\netbeans\platform\config\ModuleAutoDeps\org-openide-explorer.xml
[2024-01-15 15:51:24.604]:         extracting C:\Program Files\NetBeans-20\netbeans\platform\config\Modules\org-netbeans-core-multitabs.xml
[2024-01-15 15:51:24.604]:         extracting C:\Program Files\NetBeans-20\netbeans\platform\config\Modules\org-netbeans-modules-htmlui.xml
[2024-01-15 15:51:24.604]:         extracting C:\Program Files\NetBeans-20\netbeans\platform\config\Modules\org-netbeans-core-execution.xml
[2024-01-15 15:51:24.604]:         extracting C:\Program Files\NetBeans-20\netbeans\platform\config\Modules\org-netbeans-core-multiview.xml
[2024-01-15 15:51:24.604]:         extracting C:\Program Files\NetBeans-20\netbeans\platform\config\Modules\org-netbeans-swing-laf-dark.xml
[2024-01-15 15:51:24.604]:         extracting C:\Program Files\NetBeans-20\netbeans\extide\update_tracking\org-netbeans-modules-gradle.xml
[2024-01-15 15:51:24.604]:         extracting C:\Program Files\NetBeans-20\netbeans\extide\update_tracking\org-apache-tools-ant-module.xml
[2024-01-15 15:51:24.604]:         extracting C:\Program Files\NetBeans-20\netbeans\harness\update_tracking\org-netbeans-modules-jemmy.xml
[2024-01-15 15:51:24.604]:         extracting C:\Program Files\NetBeans-20\netbeans\harness\nbi\stub\ext\engine\src\data\engine.properties
[2024-01-15 15:51:24.604]:         extracting C:\Program Files\NetBeans-20\netbeans\ide\update_tracking\org-netbeans-modules-csl-types.xml
[2024-01-15 15:51:24.604]:         extracting C:\Program Files\NetBeans-20\netbeans\ide\update_tracking\org-netbeans-modules-docker-ui.xml
[2024-01-15 15:51:24.604]:         extracting C:\Program Files\NetBeans-20\netbeans\ide\update_tracking\org-netbeans-modules-mercurial.xml
[2024-01-15 15:51:24.604]:         extracting C:\Program Files\NetBeans-20\netbeans\ide\update_tracking\org-netbeans-modules-css-model.xml
[2024-01-15 15:51:24.604]:         extracting C:\Program Files\NetBeans-20\netbeans\ide\update_tracking\org-netbeans-modules-xml-tools.xml
[2024-01-15 15:51:24.604]:         extracting C:\Program Files\NetBeans-20\netbeans\ide\update_tracking\org-netbeans-modules-xml-lexer.xml
[2024-01-15 15:51:24.604]:         extracting C:\Program Files\NetBeans-20\netbeans\ide\update_tracking\org-netbeans-modules-selenium2.xml
[2024-01-15 15:51:24.604]:         extracting C:\Program Files\NetBeans-20\netbeans\ide\update_tracking\org-netbeans-modules-projectui.xml
[2024-01-15 15:51:24.604]:         extracting C:\Program Files\NetBeans-20\netbeans\ide\update_tracking\org-netbeans-modules-hudson-ui.xml
[2024-01-15 15:51:24.604]:         extracting C:\Program Files\NetBeans-20\netbeans\ide\update_tracking\com-google-guava-failureaccess.xml
[2024-01-15 15:51:24.604]:         extracting C:\Program Files\NetBeans-20\netbeans\ide\update_tracking\org-netbeans-modules-languages.xml
[2024-01-15 15:51:24.604]:         extracting C:\Program Files\NetBeans-20\netbeans\ide\update_tracking\org-eclipse-mylyn-commons-core.xml
[2024-01-15 15:51:24.620]:         extracting C:\Program Files\NetBeans-20\netbeans\ide\update_tracking\org-netbeans-modules-utilities.xml
[2024-01-15 15:51:24.620]:         extracting C:\Program Files\NetBeans-20\netbeans\ide\modules\org-netbeans-modules-extexecution-base.jar
[2024-01-15 15:51:24.620]:         extracting C:\Program Files\NetBeans-20\netbeans\ide\modules\org-netbeans-modules-project-libraries.jar
[2024-01-15 15:51:24.620]:         extracting C:\Program Files\NetBeans-20\netbeans\ide\modules\org-netbeans-modules-gsf-testrunner-ui.jar
[2024-01-15 15:51:24.620]:         extracting C:\Program Files\NetBeans-20\netbeans\ide\modules\ext\org.eclipse.xtext.xbase.lib-2.24.0.jar
[2024-01-15 15:51:24.620]:         extracting C:\Program Files\NetBeans-20\netbeans\ide\modules\ext\org.eclipse.xtend.lib.macro-2.24.0.jar
[2024-01-15 15:51:24.620]:         extracting C:\Program Files\NetBeans-20\netbeans\ide\modules\ext\org.eclipse.lsp4j.generator-0.13.0.jar
[2024-01-15 15:51:24.620]:         extracting C:\Program Files\NetBeans-20\netbeans\ide\modules\org-netbeans-modules-projectuiapi-base.jar
[2024-01-15 15:51:24.620]:         extracting C:\Program Files\NetBeans-20\netbeans\ide\modules\org-netbeans-modules-editor-completion.jar
[2024-01-15 15:51:24.620]:         extracting C:\Program Files\NetBeans-20\netbeans\ide\modules\org-netbeans-modules-extexecution-impl.jar
[2024-01-15 15:51:24.620]:         extracting C:\Program Files\NetBeans-20\netbeans\ide\modules\org-netbeans-modules-properties-syntax.jar
[2024-01-15 15:51:24.620]:         extracting C:\Program Files\NetBeans-20\netbeans\ide\modules\org-netbeans-modules-hudson-subversion.jar
[2024-01-15 15:51:24.635]:         extracting C:\Program Files\NetBeans-20\netbeans\ide\modules\org-netbeans-modules-db-metadata-model.jar
[2024-01-15 15:51:24.635]:         extracting C:\Program Files\NetBeans-20\netbeans\ide\modules\org-netbeans-spi-editor-hints-projects.jar
[2024-01-15 15:51:24.635]:         extracting C:\Program Files\NetBeans-20\netbeans\ide\modules\org-netbeans-modules-javascript2-debug.jar
[2024-01-15 15:51:24.635]:         extracting C:\Program Files\NetBeans-20\netbeans\ide\modules\org-netbeans-modules-utilities-project.jar
[2024-01-15 15:51:24.635]:         extracting C:\Program Files\NetBeans-20\netbeans\ide\config\ModuleAutoDeps\org-netbeans-spi-palette.xml
[2024-01-15 15:51:24.635]:         extracting C:\Program Files\NetBeans-20\netbeans\ide\config\Modules\org-netbeans-modules-hudson-git.xml
[2024-01-15 15:51:24.635]:         extracting C:\Program Files\NetBeans-20\netbeans\ide\config\Modules\org-netbeans-modules-usersguide.xml
[2024-01-15 15:51:24.635]:         extracting C:\Program Files\NetBeans-20\netbeans\ide\config\Modules\org-netbeans-modules-web-common.xml
[2024-01-15 15:51:24.635]:         extracting C:\Program Files\NetBeans-20\netbeans\ide\config\Modules\org-netbeans-modules-editor-kit.xml
[2024-01-15 15:51:24.635]:         extracting C:\Program Files\NetBeans-20\netbeans\ide\config\Modules\org-netbeans-modules-httpserver.xml
[2024-01-15 15:51:24.635]:         extracting C:\Program Files\NetBeans-20\netbeans\ide\config\Modules\org-netbeans-modules-css-visual.xml
[2024-01-15 15:51:24.635]:         extracting C:\Program Files\NetBeans-20\netbeans\ide\config\Modules\org-netbeans-modules-web-indent.xml
[2024-01-15 15:51:24.635]:         extracting C:\Program Files\NetBeans-20\netbeans\ide\config\Modules\org-netbeans-modules-properties.xml
[2024-01-15 15:51:24.635]:         extracting C:\Program Files\NetBeans-20\netbeans\ide\config\Modules\org-netbeans-modules-subversion.xml
[2024-01-15 15:51:24.635]:         extracting C:\Program Files\NetBeans-20\netbeans\ide\config\Modules\org-netbeans-modules-parsing-ui.xml
[2024-01-15 15:51:24.635]:         extracting C:\Program Files\NetBeans-20\netbeans\ide\config\Modules\org-eclipse-equinox-preferences.xml
[2024-01-15 15:51:24.635]:         extracting C:\Program Files\NetBeans-20\netbeans\ide\config\Modules\libs-c-kohlschutter-junixsocket.xml
[2024-01-15 15:51:24.635]:         extracting C:\Program Files\NetBeans-20\netbeans\ide\config\Modules\org-netbeans-modules-projectapi.xml
[2024-01-15 15:51:24.635]:         extracting C:\Program Files\NetBeans-20\netbeans\ide\config\Modules\org-netbeans-modules-servletapi.xml
[2024-01-15 15:51:24.635]:         extracting C:\Program Files\NetBeans-20\netbeans\ide\config\Modules\org-netbeans-api-java-classpath.xml
[2024-01-15 15:51:24.635]:         extracting C:\Program Files\NetBeans-20\netbeans\ide\config\Modules\org-netbeans-modules-localtasks.xml
[2024-01-15 15:51:24.635]:         extracting C:\Program Files\NetBeans-20\netbeans\ide\config\Modules\org-netbeans-modules-db-drivers.xml
[2024-01-15 15:51:24.635]:         extracting C:\Program Files\NetBeans-20\netbeans\ide\config\Modules\org-netbeans-modules-css-editor.xml
[2024-01-15 15:51:24.651]:         extracting C:\Program Files\NetBeans-20\netbeans\ide\config\Modules\org-netbeans-modules-html-lexer.xml
[2024-01-15 15:51:24.651]:         extracting C:\Program Files\NetBeans-20\netbeans\ide\config\Modules\org-netbeans-modules-extbrowser.xml
[2024-01-15 15:51:24.651]:         extracting C:\Program Files\NetBeans-20\netbeans\ide\config\Modules\org-netbeans-modules-parsing-nb.xml
[2024-01-15 15:51:24.651]:         extracting C:\Program Files\NetBeans-20\netbeans\ide\config\Modules\org-netbeans-modules-lsp-client.xml
[2024-01-15 15:51:24.651]:         extracting C:\Program Files\NetBeans-20\netbeans\ide\config\Modules\org-eclipse-mylyn-bugzilla-core.xml
[2024-01-15 15:51:24.651]:         extracting C:\Program Files\NetBeans-20\netbeans\ide\config\Modules\org-eclipse-mylyn-wikitext-core.xml
[2024-01-15 15:51:24.651]:         extracting C:\Program Files\NetBeans-20\netbeans\ide\config\Modules\org-netbeans-modules-versioning.xml
[2024-01-15 15:51:24.651]:         extracting C:\Program Files\NetBeans-20\netbeans\ide\config\Modules\org-netbeans-modules-editor-lib.xml
[2024-01-15 15:51:24.651]:         extracting C:\Program Files\NetBeans-20\netbeans\ide\config\Modules\org-netbeans-modules-docker-api.xml
[2024-01-15 15:51:24.651]:         extracting C:\Program Files\NetBeans-20\netbeans\ide\config\Modules\org-netbeans-modules-mylyn-util.xml
[2024-01-15 15:51:24.651]:         extracting C:\Program Files\NetBeans-20\netbeans\platform\update_tracking\org-netbeans-core-netigso.xml
[2024-01-15 15:51:24.651]:         extracting C:\Program Files\NetBeans-20\netbeans\platform\update_tracking\org-netbeans-core-output2.xml
[2024-01-15 15:51:24.651]:         extracting C:\Program Files\NetBeans-20\netbeans\platform\update_tracking\org-netbeans-core-network.xml
[2024-01-15 15:51:24.651]:         extracting C:\Program Files\NetBeans-20\netbeans\platform\update_tracking\org-netbeans-libs-flatlaf.xml
[2024-01-15 15:51:24.651]:         extracting C:\Program Files\NetBeans-20\netbeans\platform\update_tracking\org-netbeans-core-startup.xml
[2024-01-15 15:51:24.651]:         extracting C:\Program Files\NetBeans-20\netbeans\platform\update_tracking\org-netbeans-api-progress.xml
[2024-01-15 15:51:24.651]:         extracting C:\Program Files\NetBeans-20\netbeans\platform\update_tracking\net-java-html-boot-script.xml
[2024-01-15 15:51:24.651]:         extracting C:\Program Files\NetBeans-20\netbeans\platform\update_tracking\org-netbeans-core-windows.xml
[2024-01-15 15:51:24.651]:         extracting C:\Program Files\NetBeans-20\netbeans\platform\modules\org-netbeans-modules-keyring-impl.jar
[2024-01-15 15:51:24.651]:         extracting C:\Program Files\NetBeans-20\netbeans\platform\modules\org-netbeans-api-progress-compat8.jar
[2024-01-15 15:51:24.651]:         extracting C:\Program Files\NetBeans-20\netbeans\platform\config\ModuleAutoDeps\org-openide-loaders.xml
[2024-01-15 15:51:24.651]:         extracting C:\Program Files\NetBeans-20\netbeans\platform\config\ModuleAutoDeps\org-openide-modules.xml
[2024-01-15 15:51:24.651]:         extracting C:\Program Files\NetBeans-20\netbeans\platform\config\Modules\org-netbeans-api-scripting.xml
[2024-01-15 15:51:24.651]:         extracting C:\Program Files\NetBeans-20\netbeans\platform\config\Modules\org-apache-commons-logging.xml
[2024-01-15 15:51:24.651]:         extracting C:\Program Files\NetBeans-20\netbeans\platform\config\Modules\org-netbeans-swing-outline.xml
[2024-01-15 15:51:24.651]:         extracting C:\Program Files\NetBeans-20\netbeans\platform\config\Modules\org-openide-filesystems-nb.xml
[2024-01-15 15:51:24.651]:         extracting C:\Program Files\NetBeans-20\netbeans\platform\config\Modules\org-netbeans-api-templates.xml
[2024-01-15 15:51:24.682]:         extracting C:\Program Files\NetBeans-20\netbeans\platform\config\Modules\org-netbeans-modules-print.xml
[2024-01-15 15:51:24.682]:         extracting C:\Program Files\NetBeans-20\netbeans\platform\config\Modules\org-netbeans-lib-uihandler.xml
[2024-01-15 15:51:24.682]:         extracting C:\Program Files\NetBeans-20\netbeans\extide\modules\org-netbeans-modules-gradle-editor.jar
[2024-01-15 15:51:24.682]:         extracting C:\Program Files\NetBeans-20\netbeans\extide\config\Modules\org-netbeans-modules-gradle.xml
[2024-01-15 15:51:24.682]:         extracting C:\Program Files\NetBeans-20\netbeans\extide\config\Modules\org-apache-tools-ant-module.xml
[2024-01-15 15:51:24.682]:         extracting C:\Program Files\NetBeans-20\netbeans\harness\update_tracking\org-netbeans-libs-nbi-ant.xml
[2024-01-15 15:51:24.682]:         extracting C:\Program Files\NetBeans-20\netbeans\harness\config\Modules\org-netbeans-modules-jemmy.xml
[2024-01-15 15:51:24.682]:         extracting C:\Program Files\NetBeans-20\netbeans\nb\modules\org-netbeans-modules-deadlock-detector.jar
[2024-01-15 15:51:24.698]:         extracting C:\Program Files\NetBeans-20\netbeans\nb\modules\locale\org-netbeans-spi-quicksearch_nb.jar
[2024-01-15 15:51:24.698]:         extracting C:\Program Files\NetBeans-20\netbeans\ide\update_tracking\org-netbeans-libs-commons_net.xml
[2024-01-15 15:51:24.698]:         extracting C:\Program Files\NetBeans-20\netbeans\ide\update_tracking\org-netbeans-spi-editor-hints.xml
[2024-01-15 15:51:24.698]:         extracting C:\Program Files\NetBeans-20\netbeans\ide\update_tracking\org-netbeans-modules-team-ide.xml
[2024-01-15 15:51:24.698]:         extracting C:\Program Files\NetBeans-20\netbeans\ide\update_tracking\org-netbeans-modules-markdown.xml
[2024-01-15 15:51:24.698]:         extracting C:\Program Files\NetBeans-20\netbeans\ide\update_tracking\org-netbeans-libs-json_simple.xml
[2024-01-15 15:51:24.698]:         extracting C:\Program Files\NetBeans-20\netbeans\ide\update_tracking\org-netbeans-modules-xml-text.xml
[2024-01-15 15:51:24.698]:         extracting C:\Program Files\NetBeans-20\netbeans\ide\update_tracking\org-netbeans-modules-terminal.xml
[2024-01-15 15:51:24.698]:         extracting C:\Program Files\NetBeans-20\netbeans\ide\update_tracking\org-netbeans-modules-db-mysql.xml
[2024-01-15 15:51:24.698]:         extracting C:\Program Files\NetBeans-20\netbeans\ide\update_tracking\org-netbeans-modules-bugzilla.xml
[2024-01-15 15:51:24.698]:         extracting C:\Program Files\NetBeans-20\netbeans\ide\update_tracking\org-netbeans-modules-xml-core.xml
[2024-01-15 15:51:24.698]:         extracting C:\Program Files\NetBeans-20\netbeans\ide\update_tracking\org-eclipse-mylyn-commons-net.xml
[2024-01-15 15:51:24.698]:         extracting C:\Program Files\NetBeans-20\netbeans\ide\update_tracking\org-netbeans-modules-gototest.xml
[2024-01-15 15:51:24.698]:         extracting C:\Program Files\NetBeans-20\netbeans\ide\update_tracking\org-netbeans-modules-css-prep.xml
[2024-01-15 15:51:24.698]:         extracting C:\Program Files\NetBeans-20\netbeans\ide\update_tracking\org-netbeans-modules-defaults.xml
[2024-01-15 15:51:24.698]:         extracting C:\Program Files\NetBeans-20\netbeans\ide\update_tracking\org-apache-commons-httpclient.xml
[2024-01-15 15:51:24.698]:         extracting C:\Program Files\NetBeans-20\netbeans\ide\update_tracking\org-netbeans-swing-dirchooser.xml
[2024-01-15 15:51:24.698]:         extracting C:\Program Files\NetBeans-20\netbeans\ide\modules\org-netbeans-modules-gsf-codecoverage.jar
[2024-01-15 15:51:24.698]:         extracting C:\Program Files\NetBeans-20\netbeans\ide\modules\org-netbeans-modules-editor-bookmarks.jar
[2024-01-15 15:51:24.698]:         extracting C:\Program Files\NetBeans-20\netbeans\ide\modules\org-netbeans-modules-parsing-indexing.jar
[2024-01-15 15:51:24.713]:         extracting C:\Program Files\NetBeans-20\netbeans\ide\modules\org-netbeans-modules-selenium2-server.jar
[2024-01-15 15:51:24.713]:         extracting C:\Program Files\NetBeans-20\netbeans\ide\modules\org-netbeans-modules-xml-schema-model.jar
[2024-01-15 15:51:24.713]:         extracting C:\Program Files\NetBeans-20\netbeans\ide\modules\ext\org.eclipse.tm4e.core-0.4.1-pack1.jar
[2024-01-15 15:51:24.713]:         extracting C:\Program Files\NetBeans-20\netbeans\ide\modules\ext\flexmark-html2md-converter-0.64.6.jar
[2024-01-15 15:51:24.713]:         extracting C:\Program Files\NetBeans-20\netbeans\ide\modules\org-netbeans-modules-hudson-mercurial.jar
[2024-01-15 15:51:24.713]:         extracting C:\Program Files\NetBeans-20\netbeans\ide\modules\org-netbeans-modules-editor-plain-lib.jar
[2024-01-15 15:51:24.713]:         extracting C:\Program Files\NetBeans-20\netbeans\ide\modules\org-netbeans-modules-spellchecker-kit.jar
[2024-01-15 15:51:24.713]:         extracting C:\Program Files\NetBeans-20\netbeans\ide\modules\org-netbeans-modules-editor-fold-nbui.jar
[2024-01-15 15:51:24.713]:         extracting C:\Program Files\NetBeans-20\netbeans\ide\modules\org-netbeans-modules-swing-validation.jar
[2024-01-15 15:51:24.713]:         extracting C:\Program Files\NetBeans-20\netbeans\ide\modules\org-netbeans-modules-editor-structure.jar
[2024-01-15 15:51:24.713]:         extracting C:\Program Files\NetBeans-20\netbeans\ide\config\ModuleAutoDeps\org-netbeans-modules-db.xml
[2024-01-15 15:51:24.713]:         extracting C:\Program Files\NetBeans-20\netbeans\ide\config\Modules\org-netbeans-modules-csl-types.xml
[2024-01-15 15:51:24.713]:         extracting C:\Program Files\NetBeans-20\netbeans\ide\config\Modules\org-netbeans-modules-docker-ui.xml
[2024-01-15 15:51:24.713]:         extracting C:\Program Files\NetBeans-20\netbeans\ide\config\Modules\org-netbeans-modules-mercurial.xml
[2024-01-15 15:51:24.729]:         extracting C:\Program Files\NetBeans-20\netbeans\ide\config\Modules\org-netbeans-modules-css-model.xml
[2024-01-15 15:51:24.729]:         extracting C:\Program Files\NetBeans-20\netbeans\ide\config\Modules\org-netbeans-modules-xml-tools.xml
[2024-01-15 15:51:24.729]:         extracting C:\Program Files\NetBeans-20\netbeans\ide\config\Modules\org-netbeans-modules-xml-lexer.xml
[2024-01-15 15:51:24.729]:         extracting C:\Program Files\NetBeans-20\netbeans\ide\config\Modules\org-netbeans-modules-selenium2.xml
[2024-01-15 15:51:24.729]:         extracting C:\Program Files\NetBeans-20\netbeans\ide\config\Modules\org-netbeans-modules-projectui.xml
[2024-01-15 15:51:24.729]:         extracting C:\Program Files\NetBeans-20\netbeans\ide\config\Modules\org-netbeans-modules-hudson-ui.xml
[2024-01-15 15:51:24.729]:         extracting C:\Program Files\NetBeans-20\netbeans\ide\config\Modules\com-google-guava-failureaccess.xml
[2024-01-15 15:51:24.729]:         extracting C:\Program Files\NetBeans-20\netbeans\ide\config\Modules\org-netbeans-modules-languages.xml
[2024-01-15 15:51:24.729]:         extracting C:\Program Files\NetBeans-20\netbeans\ide\config\Modules\org-eclipse-mylyn-commons-core.xml
[2024-01-15 15:51:24.729]:         extracting C:\Program Files\NetBeans-20\netbeans\ide\config\Modules\org-netbeans-modules-utilities.xml
[2024-01-15 15:51:24.729]:         extracting C:\Program Files\NetBeans-20\netbeans\platform\update_tracking\org-apache-commons-codec.xml
[2024-01-15 15:51:24.729]:         extracting C:\Program Files\NetBeans-20\netbeans\platform\update_tracking\org-netbeans-libs-junit5.xml
[2024-01-15 15:51:24.729]:         extracting C:\Program Files\NetBeans-20\netbeans\platform\update_tracking\org-netbeans-libs-testng.xml
[2024-01-15 15:51:24.729]:         extracting C:\Program Files\NetBeans-20\netbeans\platform\update_tracking\org-netbeans-libs-jsr223.xml
[2024-01-15 15:51:24.729]:         extracting C:\Program Files\NetBeans-20\netbeans\platform\update_tracking\org-netbeans-libs-junit4.xml
[2024-01-15 15:51:24.729]:         extracting C:\Program Files\NetBeans-20\netbeans\platform\update_tracking\org-netbeans-libs-javafx.xml
[2024-01-15 15:51:24.729]:         extracting C:\Program Files\NetBeans-20\netbeans\platform\update_tracking\org-apache-commons-lang3.xml
[2024-01-15 15:51:24.729]:         extracting C:\Program Files\NetBeans-20\netbeans\platform\modules\lib\amd64\linux\libjnidispatch-nb.so
[2024-01-15 15:51:24.729]:         extracting C:\Program Files\NetBeans-20\netbeans\platform\modules\lib\aarch64\libjnidispatch-nb.jnilib
[2024-01-15 15:51:24.729]:         extracting C:\Program Files\NetBeans-20\netbeans\platform\modules\org-netbeans-modules-spi-actions.jar
[2024-01-15 15:51:24.729]:         extracting C:\Program Files\NetBeans-20\netbeans\platform\modules\org-netbeans-modules-progress-ui.jar
[2024-01-15 15:51:24.729]:         extracting C:\Program Files\NetBeans-20\netbeans\platform\modules\org-netbeans-html-presenters-spi.jar
[2024-01-15 15:51:24.729]:         extracting C:\Program Files\NetBeans-20\netbeans\platform\modules\org-netbeans-modules-options-api.jar
[2024-01-15 15:51:24.745]:         extracting C:\Program Files\NetBeans-20\netbeans\platform\modules\org-netbeans-modules-templatesui.jar
[2024-01-15 15:51:24.745]:         extracting C:\Program Files\NetBeans-20\netbeans\platform\modules\org-netbeans-modules-masterfs-ui.jar
[2024-01-15 15:51:24.745]:         extracting C:\Program Files\NetBeans-20\netbeans\platform\config\Modules\org-netbeans-core-netigso.xml
[2024-01-15 15:51:24.745]:         extracting C:\Program Files\NetBeans-20\netbeans\platform\config\Modules\org-netbeans-core-output2.xml
[2024-01-15 15:51:24.745]:         extracting C:\Program Files\NetBeans-20\netbeans\platform\config\Modules\org-netbeans-core-network.xml
[2024-01-15 15:51:24.745]:         extracting C:\Program Files\NetBeans-20\netbeans\platform\config\Modules\org-netbeans-libs-flatlaf.xml
[2024-01-15 15:51:24.745]:         extracting C:\Program Files\NetBeans-20\netbeans\platform\config\Modules\org-netbeans-api-progress.xml
[2024-01-15 15:51:24.745]:         extracting C:\Program Files\NetBeans-20\netbeans\platform\config\Modules\net-java-html-boot-script.xml
[2024-01-15 15:51:24.745]:         extracting C:\Program Files\NetBeans-20\netbeans\platform\config\Modules\org-netbeans-core-windows.xml
[2024-01-15 15:51:24.745]:         extracting C:\Program Files\NetBeans-20\netbeans\extide\modules\org-netbeans-modules-options-java.jar
[2024-01-15 15:51:24.745]:         extracting C:\Program Files\NetBeans-20\netbeans\extide\modules\org-netbeans-modules-gradle-dists.jar
[2024-01-15 15:51:24.745]:         extracting C:\Program Files\NetBeans-20\netbeans\harness\nbi\stub\ext\engine\nbproject\build-impl.xml
[2024-01-15 15:51:24.745]:         extracting C:\Program Files\NetBeans-20\netbeans\harness\nbi\stub\ext\engine\src\native\launcher\unix
[2024-01-15 15:51:24.745]:         extracting C:\Program Files\NetBeans-20\netbeans\harness\nbi\stub\ext\infra\build\products\helloworld
[2024-01-15 15:51:24.745]:         extracting C:\Program Files\NetBeans-20\netbeans\harness\config\Modules\org-netbeans-libs-nbi-ant.xml
[2024-01-15 15:51:24.745]:         extracting C:\Program Files\NetBeans-20\netbeans\nb\modules\org-netbeans-modules-ide-branding-kit.jar
[2024-01-15 15:51:24.745]:         extracting C:\Program Files\NetBeans-20\netbeans\cpplite\modules\org-netbeans-modules-cpplite-kit.jar
[2024-01-15 15:51:24.745]:         extracting C:\Program Files\NetBeans-20\netbeans\ide\bin\nativeexecution\SunOS-sparc_64\process_start
[2024-01-15 15:51:24.745]:         extracting C:\Program Files\NetBeans-20\netbeans\ide\bin\nativeexecution\Linux-sparc_64\process_start
[2024-01-15 15:51:24.760]:         extracting C:\Program Files\NetBeans-20\netbeans\ide\bin\nativeexecution\Windows-x86_64\process_start
[2024-01-15 15:51:24.760]:         extracting C:\Program Files\NetBeans-20\netbeans\ide\bin\nativeexecution\MacOSX-x86_64\unbuffer.dylib
[2024-01-15 15:51:24.760]:         extracting C:\Program Files\NetBeans-20\netbeans\ide\bin\nativeexecution\MacOSX-arm_64\unbuffer.dylib
[2024-01-15 15:51:24.760]:         extracting C:\Program Files\NetBeans-20\netbeans\ide\update_tracking\org-netbeans-libs-freemarker.xml
[2024-01-15 15:51:24.760]:         extracting C:\Program Files\NetBeans-20\netbeans\ide\update_tracking\org-eclipse-equinox-security.xml
[2024-01-15 15:51:24.760]:         extracting C:\Program Files\NetBeans-20\netbeans\ide\update_tracking\org-netbeans-modules-ide-kit.xml
[2024-01-15 15:51:24.760]:         extracting C:\Program Files\NetBeans-20\netbeans\ide\update_tracking\org-netbeans-modules-xml-xam.xml
[2024-01-15 15:51:24.760]:         extracting C:\Program Files\NetBeans-20\netbeans\ide\update_tracking\org-netbeans-spi-debugger-ui.xml
[2024-01-15 15:51:24.760]:         extracting C:\Program Files\NetBeans-20\netbeans\ide\update_tracking\org-eclipse-core-contenttype.xml
[2024-01-15 15:51:24.760]:         extracting C:\Program Files\NetBeans-20\netbeans\ide\update_tracking\org-eclipse-equinox-registry.xml
[2024-01-15 15:51:24.760]:         extracting C:\Program Files\NetBeans-20\netbeans\ide\update_tracking\org-netbeans-libs-truffleapi.xml
[2024-01-15 15:51:24.760]:         extracting C:\Program Files\NetBeans-20\netbeans\ide\update_tracking\org-netbeans-modules-csl-api.xml
[2024-01-15 15:51:24.760]:         extracting C:\Program Files\NetBeans-20\netbeans\ide\update_tracking\org-netbeans-modules-xml-axi.xml
[2024-01-15 15:51:24.760]:         extracting C:\Program Files\NetBeans-20\netbeans\ide\update_tracking\org-netbeans-modules-css-lib.xml
[2024-01-15 15:51:24.760]:         extracting C:\Program Files\NetBeans-20\netbeans\ide\update_tracking\org-netbeans-modules-go-lang.xml
[2024-01-15 15:51:24.760]:         extracting C:\Program Files\NetBeans-20\netbeans\ide\update_tracking\org-netbeans-modules-db-core.xml
[2024-01-15 15:51:24.760]:         extracting C:\Program Files\NetBeans-20\netbeans\ide\update_tracking\org-eclipse-mylyn-tasks-core.xml
[2024-01-15 15:51:24.760]:         extracting C:\Program Files\NetBeans-20\netbeans\ide\update_tracking\org-netbeans-modules-xml-tax.xml
[2024-01-15 15:51:24.760]:         extracting C:\Program Files\NetBeans-20\netbeans\ide\update_tracking\org-netbeans-modules-xml-xdm.xml
[2024-01-15 15:51:24.760]:         extracting C:\Program Files\NetBeans-20\netbeans\ide\modules\lib\aarch64\junixsocket-native-2.5.1.dll
[2024-01-15 15:51:24.760]:         extracting C:\Program Files\NetBeans-20\netbeans\ide\modules\org-netbeans-modules-nativeimage-api.jar
[2024-01-15 15:51:24.760]:         extracting C:\Program Files\NetBeans-20\netbeans\ide\modules\org-netbeans-modules-editor-settings.jar
[2024-01-15 15:51:24.760]:         extracting C:\Program Files\NetBeans-20\netbeans\ide\modules\org-netbeans-modules-web-browser-api.jar
[2024-01-15 15:51:24.776]:         extracting C:\Program Files\NetBeans-20\netbeans\ide\modules\org-netbeans-modules-refactoring-api.jar
[2024-01-15 15:51:24.776]:         extracting C:\Program Files\NetBeans-20\netbeans\ide\modules\org-netbeans-modules-html-validation.jar
[2024-01-15 15:51:24.776]:         extracting C:\Program Files\NetBeans-20\netbeans\ide\modules\org-netbeans-modules-target-iterator.jar
[2024-01-15 15:51:24.776]:         extracting C:\Program Files\NetBeans-20\netbeans\ide\modules\ext\flexmark-ext-gfm-tasklist-0.64.6.jar
[2024-01-15 15:51:24.776]:         extracting C:\Program Files\NetBeans-20\netbeans\ide\modules\ext\org.eclipse.lsp4j.jsonrpc-0.13.0.jar
[2024-01-15 15:51:24.776]:         extracting C:\Program Files\NetBeans-20\netbeans\ide\modules\dict\wordlist-en_US-large-2017.08.24.zip
[2024-01-15 15:51:24.776]:         extracting C:\Program Files\NetBeans-20\netbeans\ide\modules\dict\wordlist-en_GB-large-2017.08.24.zip
[2024-01-15 15:51:24.776]:         extracting C:\Program Files\NetBeans-20\netbeans\ide\modules\org-netbeans-modules-versioning-util.jar
[2024-01-15 15:51:24.791]:         extracting C:\Program Files\NetBeans-20\netbeans\ide\modules\org-netbeans-modules-editor-document.jar
[2024-01-15 15:51:24.791]:         extracting C:\Program Files\NetBeans-20\netbeans\ide\modules\org-netbeans-modules-html-editor-lib.jar
[2024-01-15 15:51:24.791]:         extracting C:\Program Files\NetBeans-20\netbeans\ide\modules\org-netbeans-modules-dlight-terminal.jar
[2024-01-15 15:51:24.791]:         extracting C:\Program Files\NetBeans-20\netbeans\ide\modules\docs\org-netbeans-modules-usersguide.jar
[2024-01-15 15:51:24.807]:         extracting C:\Program Files\NetBeans-20\netbeans\ide\modules\org-netbeans-modules-hudson-tasklist.jar
[2024-01-15 15:51:24.807]:         extracting C:\Program Files\NetBeans-20\netbeans\ide\modules\org-netbeans-modules-editor-autosave.jar
[2024-01-15 15:51:24.807]:         extracting C:\Program Files\NetBeans-20\netbeans\ide\modules\org-netbeans-modules-versioning-core.jar
[2024-01-15 15:51:24.807]:         extracting C:\Program Files\NetBeans-20\netbeans\ide\config\Modules\org-netbeans-libs-commons_net.xml
[2024-01-15 15:51:24.807]:         extracting C:\Program Files\NetBeans-20\netbeans\ide\config\Modules\org-netbeans-spi-editor-hints.xml
[2024-01-15 15:51:24.807]:         extracting C:\Program Files\NetBeans-20\netbeans\ide\config\Modules\org-netbeans-modules-team-ide.xml
[2024-01-15 15:51:24.807]:         extracting C:\Program Files\NetBeans-20\netbeans\ide\config\Modules\org-netbeans-modules-markdown.xml
[2024-01-15 15:51:24.807]:         extracting C:\Program Files\NetBeans-20\netbeans\ide\config\Modules\org-netbeans-libs-json_simple.xml
[2024-01-15 15:51:24.807]:         extracting C:\Program Files\NetBeans-20\netbeans\ide\config\Modules\org-netbeans-modules-xml-text.xml
[2024-01-15 15:51:24.807]:         extracting C:\Program Files\NetBeans-20\netbeans\ide\config\Modules\org-netbeans-modules-terminal.xml
[2024-01-15 15:51:24.807]:         extracting C:\Program Files\NetBeans-20\netbeans\ide\config\Modules\org-netbeans-modules-db-mysql.xml
[2024-01-15 15:51:24.807]:         extracting C:\Program Files\NetBeans-20\netbeans\ide\config\Modules\org-netbeans-modules-bugzilla.xml
[2024-01-15 15:51:24.807]:         extracting C:\Program Files\NetBeans-20\netbeans\ide\config\Modules\org-netbeans-modules-xml-core.xml
[2024-01-15 15:51:24.807]:         extracting C:\Program Files\NetBeans-20\netbeans\ide\config\Modules\org-eclipse-mylyn-commons-net.xml
[2024-01-15 15:51:24.807]:         extracting C:\Program Files\NetBeans-20\netbeans\ide\config\Modules\org-netbeans-modules-gototest.xml
[2024-01-15 15:51:24.807]:         extracting C:\Program Files\NetBeans-20\netbeans\ide\config\Modules\org-netbeans-modules-css-prep.xml
[2024-01-15 15:51:24.807]:         extracting C:\Program Files\NetBeans-20\netbeans\ide\config\Modules\org-netbeans-modules-defaults.xml
[2024-01-15 15:51:24.807]:         extracting C:\Program Files\NetBeans-20\netbeans\ide\config\Modules\org-apache-commons-httpclient.xml
[2024-01-15 15:51:24.807]:         extracting C:\Program Files\NetBeans-20\netbeans\ide\config\Modules\org-netbeans-swing-dirchooser.xml
[2024-01-15 15:51:24.807]:         extracting C:\Program Files\NetBeans-20\netbeans\platform\docs\junit-jupiter-engine-5.6.0-javadoc.jar
[2024-01-15 15:51:24.823]:         extracting C:\Program Files\NetBeans-20\netbeans\platform\docs\junit-jupiter-params-5.6.0-sources.jar
[2024-01-15 15:51:24.823]:         extracting C:\Program Files\NetBeans-20\netbeans\platform\docs\junit-jupiter-params-5.6.0-javadoc.jar
[2024-01-15 15:51:24.823]:         extracting C:\Program Files\NetBeans-20\netbeans\platform\docs\junit-jupiter-engine-5.6.0-sources.jar
[2024-01-15 15:51:24.823]:         extracting C:\Program Files\NetBeans-20\netbeans\platform\update_tracking\org-openide-util-ui-svg.xml
[2024-01-15 15:51:24.823]:         extracting C:\Program Files\NetBeans-20\netbeans\platform\update_tracking\org-netbeans-api-visual.xml
[2024-01-15 15:51:24.823]:         extracting C:\Program Files\NetBeans-20\netbeans\platform\update_tracking\org-netbeans-api-intent.xml
[2024-01-15 15:51:24.823]:         extracting C:\Program Files\NetBeans-20\netbeans\platform\update_tracking\org-netbeans-api-htmlui.xml
[2024-01-15 15:51:24.823]:         extracting C:\Program Files\NetBeans-20\netbeans\platform\update_tracking\org-openide-filesystems.xml
[2024-01-15 15:51:24.823]:         extracting C:\Program Files\NetBeans-20\netbeans\platform\update_tracking\org-netbeans-api-search.xml
[2024-01-15 15:51:24.823]:         extracting C:\Program Files\NetBeans-20\netbeans\platform\update_tracking\org-netbeans-libs-felix.xml
[2024-01-15 15:51:24.823]:         extracting C:\Program Files\NetBeans-20\netbeans\platform\update_tracking\org-netbeans-html-xhr4j.xml
[2024-01-15 15:51:24.823]:         extracting C:\Program Files\NetBeans-20\netbeans\platform\update_tracking\org-netbeans-swing-plaf.xml
[2024-01-15 15:51:24.823]:         extracting C:\Program Files\NetBeans-20\netbeans\platform\update_tracking\org-netbeans-core-io-ui.xml
[2024-01-15 15:51:24.823]:         extracting C:\Program Files\NetBeans-20\netbeans\platform\update_tracking\org-openide-util-lookup.xml
[2024-01-15 15:51:24.838]:         extracting C:\Program Files\NetBeans-20\netbeans\platform\modules\lib\i386\linux\libjnidispatch-nb.so
[2024-01-15 15:51:24.838]:         extracting C:\Program Files\NetBeans-20\netbeans\platform\modules\lib\x86_64\libjnidispatch-nb.jnilib
[2024-01-15 15:51:24.838]:         extracting C:\Program Files\NetBeans-20\netbeans\platform\modules\ext\org.apache.felix.main-7.0.3.jar
[2024-01-15 15:51:24.838]:         extracting C:\Program Files\NetBeans-20\netbeans\platform\config\ModuleAutoDeps\org-openide-nodes.xml
[2024-01-15 15:51:24.838]:         extracting C:\Program Files\NetBeans-20\netbeans\platform\config\ModuleAutoDeps\org-netbeans-core.xml
[2024-01-15 15:51:24.838]:         extracting C:\Program Files\NetBeans-20\netbeans\platform\config\Modules\org-apache-commons-codec.xml
[2024-01-15 15:51:24.838]:         extracting C:\Program Files\NetBeans-20\netbeans\platform\config\Modules\org-netbeans-libs-junit5.xml
[2024-01-15 15:51:24.838]:         extracting C:\Program Files\NetBeans-20\netbeans\platform\config\Modules\org-netbeans-libs-testng.xml
[2024-01-15 15:51:24.838]:         extracting C:\Program Files\NetBeans-20\netbeans\platform\config\Modules\org-netbeans-libs-jsr223.xml
[2024-01-15 15:51:24.838]:         extracting C:\Program Files\NetBeans-20\netbeans\platform\config\Modules\org-netbeans-libs-junit4.xml
[2024-01-15 15:51:24.838]:         extracting C:\Program Files\NetBeans-20\netbeans\platform\config\Modules\org-netbeans-libs-javafx.xml
[2024-01-15 15:51:24.838]:         extracting C:\Program Files\NetBeans-20\netbeans\platform\config\Modules\org-apache-commons-lang3.xml
[2024-01-15 15:51:24.854]:         extracting C:\Program Files\NetBeans-20\netbeans\extide\modules\org-netbeans-modules-libs-gradle.jar
[2024-01-15 15:51:24.854]:         extracting C:\Program Files\NetBeans-20\netbeans\extide\modules\gradle\daemon-loader\settings.gradle
[2024-01-15 15:51:24.854]:         extracting C:\Program Files\NetBeans-20\netbeans\harness\nbi\stub\ext\components\products\helloworld
[2024-01-15 15:51:24.854]:         extracting C:\Program Files\NetBeans-20\netbeans\nb\update_tracking\org-netbeans-modules-welcome.xml
[2024-01-15 15:51:24.854]:         extracting C:\Program Files\NetBeans-20\netbeans\ide\bin\nativeexecution\Windows-x86_64\unbuffer.dll
[2024-01-15 15:51:24.854]:         extracting C:\Program Files\NetBeans-20\netbeans\ide\bin\nativeexecution\MacOSX-x86_64\process_start
[2024-01-15 15:51:24.854]:         extracting C:\Program Files\NetBeans-20\netbeans\ide\bin\nativeexecution\Linux-aarch64\process_start
[2024-01-15 15:51:24.854]:         extracting C:\Program Files\NetBeans-20\netbeans\ide\bin\nativeexecution\MacOSX-arm_64\process_start
[2024-01-15 15:51:24.854]:         extracting C:\Program Files\NetBeans-20\netbeans\ide\update_tracking\org-netbeans-modules-hudson.xml
[2024-01-15 15:51:24.854]:         extracting C:\Program Files\NetBeans-20\netbeans\ide\update_tracking\org-netbeans-modules-jumpto.xml
[2024-01-15 15:51:24.854]:         extracting C:\Program Files\NetBeans-20\netbeans\ide\update_tracking\org-netbeans-modules-db-kit.xml
[2024-01-15 15:51:24.854]:         extracting C:\Program Files\NetBeans-20\netbeans\ide\update_tracking\org-netbeans-modules-editor.xml
[2024-01-15 15:51:24.854]:         extracting C:\Program Files\NetBeans-20\netbeans\ide\update_tracking\org-netbeans-modules-server.xml
[2024-01-15 15:51:24.854]:         extracting C:\Program Files\NetBeans-20\netbeans\ide\modules\org-netbeans-modules-xml-wsdl-model.jar
[2024-01-15 15:51:24.854]:         extracting C:\Program Files\NetBeans-20\netbeans\ide\modules\org-netbeans-modules-textmate-lexer.jar
[2024-01-15 15:51:24.854]:         extracting C:\Program Files\NetBeans-20\netbeans\ide\modules\org-netbeans-modules-languages-yaml.jar
[2024-01-15 15:51:24.870]:         extracting C:\Program Files\NetBeans-20\netbeans\ide\modules\org-netbeans-modules-jellytools-ide.jar
[2024-01-15 15:51:24.870]:         extracting C:\Program Files\NetBeans-20\netbeans\ide\modules\org-netbeans-modules-xml-catalog-ui.jar
[2024-01-15 15:51:24.870]:         extracting C:\Program Files\NetBeans-20\netbeans\ide\modules\ext\flexmark-util-collection-0.64.6.jar
[2024-01-15 15:51:24.870]:         extracting C:\Program Files\NetBeans-20\netbeans\ide\modules\ext\flexmark-util-dependency-0.64.6.jar
[2024-01-15 15:51:24.870]:         extracting C:\Program Files\NetBeans-20\netbeans\ide\modules\ext\junixsocket-native-common-2.5.1.jar
[2024-01-15 15:51:24.870]:         extracting C:\Program Files\NetBeans-20\netbeans\ide\modules\org-netbeans-modules-editor-actions.jar
[2024-01-15 15:51:24.870]:         extracting C:\Program Files\NetBeans-20\netbeans\ide\modules\org-netbeans-core-multitabs-project.jar
[2024-01-15 15:51:24.870]:         extracting C:\Program Files\NetBeans-20\netbeans\ide\modules\org-netbeans-modules-lexer-nbbridge.jar
[2024-01-15 15:51:24.870]:         extracting C:\Program Files\NetBeans-20\netbeans\ide\modules\org-netbeans-modules-project-ant-ui.jar
[2024-01-15 15:51:24.885]:         extracting C:\Program Files\NetBeans-20\netbeans\ide\modules\org-netbeans-modules-options-editor.jar
[2024-01-15 15:51:24.885]:         extracting C:\Program Files\NetBeans-20\netbeans\ide\modules\org-netbeans-modules-languages-toml.jar
[2024-01-15 15:51:24.885]:         extracting C:\Program Files\NetBeans-20\netbeans\ide\modules\org-netbeans-modules-gsf-testrunner.jar
[2024-01-15 15:51:24.885]:         extracting C:\Program Files\NetBeans-20\netbeans\ide\modules\org-netbeans-modules-parsing-lucene.jar
[2024-01-15 15:51:24.885]:         extracting C:\Program Files\NetBeans-20\netbeans\ide\modules\org-netbeans-modules-languages-diff.jar
[2024-01-15 15:51:24.885]:         extracting C:\Program Files\NetBeans-20\netbeans\ide\config\Modules\org-netbeans-libs-freemarker.xml
[2024-01-15 15:51:24.885]:         extracting C:\Program Files\NetBeans-20\netbeans\ide\config\Modules\org-eclipse-equinox-security.xml
[2024-01-15 15:51:24.885]:         extracting C:\Program Files\NetBeans-20\netbeans\ide\config\Modules\org-netbeans-modules-ide-kit.xml
[2024-01-15 15:51:24.885]:         extracting C:\Program Files\NetBeans-20\netbeans\ide\config\Modules\org-netbeans-modules-xml-xam.xml
[2024-01-15 15:51:24.885]:         extracting C:\Program Files\NetBeans-20\netbeans\ide\config\Modules\org-netbeans-spi-debugger-ui.xml
[2024-01-15 15:51:24.885]:         extracting C:\Program Files\NetBeans-20\netbeans\ide\config\Modules\org-eclipse-core-contenttype.xml
[2024-01-15 15:51:24.885]:         extracting C:\Program Files\NetBeans-20\netbeans\ide\config\Modules\org-eclipse-equinox-registry.xml
[2024-01-15 15:51:24.885]:         extracting C:\Program Files\NetBeans-20\netbeans\ide\config\Modules\org-netbeans-libs-truffleapi.xml
[2024-01-15 15:51:24.885]:         extracting C:\Program Files\NetBeans-20\netbeans\ide\config\Modules\org-netbeans-modules-csl-api.xml
[2024-01-15 15:51:24.885]:         extracting C:\Program Files\NetBeans-20\netbeans\ide\config\Modules\org-netbeans-modules-xml-axi.xml
[2024-01-15 15:51:24.885]:         extracting C:\Program Files\NetBeans-20\netbeans\ide\config\Modules\org-netbeans-modules-css-lib.xml
[2024-01-15 15:51:24.885]:         extracting C:\Program Files\NetBeans-20\netbeans\ide\config\Modules\org-netbeans-modules-go-lang.xml
[2024-01-15 15:51:24.885]:         extracting C:\Program Files\NetBeans-20\netbeans\ide\config\Modules\org-netbeans-modules-db-core.xml
[2024-01-15 15:51:24.885]:         extracting C:\Program Files\NetBeans-20\netbeans\ide\config\Modules\org-eclipse-mylyn-tasks-core.xml
[2024-01-15 15:51:24.901]:         extracting C:\Program Files\NetBeans-20\netbeans\ide\config\Modules\org-netbeans-modules-xml-tax.xml
[2024-01-15 15:51:24.901]:         extracting C:\Program Files\NetBeans-20\netbeans\ide\config\Modules\org-netbeans-modules-xml-xdm.xml
[2024-01-15 15:51:24.901]:         extracting C:\Program Files\NetBeans-20\netbeans\platform\update_tracking\org-netbeans-bootstrap.xml
[2024-01-15 15:51:24.901]:         extracting C:\Program Files\NetBeans-20\netbeans\platform\update_tracking\org-netbeans-libs-osgi.xml
[2024-01-15 15:51:24.901]:         extracting C:\Program Files\NetBeans-20\netbeans\platform\update_tracking\org-netbeans-html-ko4j.xml
[2024-01-15 15:51:24.901]:         extracting C:\Program Files\NetBeans-20\netbeans\platform\update_tracking\org-netbeans-core-osgi.xml
[2024-01-15 15:51:24.901]:         extracting C:\Program Files\NetBeans-20\netbeans\platform\modules\org-netbeans-libs-jna-platform.jar
[2024-01-15 15:51:24.901]:         extracting C:\Program Files\NetBeans-20\netbeans\platform\modules\org-netbeans-modules-applemenu.jar
[2024-01-15 15:51:24.901]:         extracting C:\Program Files\NetBeans-20\netbeans\platform\modules\ext\org.eclipse.osgi_3.9.1.nb9.jar
[2024-01-15 15:51:24.901]:         extracting C:\Program Files\NetBeans-20\netbeans\platform\modules\ext\junit-jupiter-engine-5.6.0.jar
[2024-01-15 15:51:24.901]:         extracting C:\Program Files\NetBeans-20\netbeans\platform\modules\ext\junit-jupiter-params-5.6.0.jar
[2024-01-15 15:51:24.916]:         extracting C:\Program Files\NetBeans-20\netbeans\platform\modules\org-netbeans-modules-favorites.jar
[2024-01-15 15:51:24.916]:         extracting C:\Program Files\NetBeans-20\netbeans\platform\modules\org-netbeans-core-nativeaccess.jar
[2024-01-15 15:51:24.916]:         extracting C:\Program Files\NetBeans-20\netbeans\platform\modules\org-netbeans-modules-uihandler.jar
[2024-01-15 15:51:24.916]:         extracting C:\Program Files\NetBeans-20\netbeans\platform\modules\org-netbeans-modules-templates.jar
[2024-01-15 15:51:24.916]:         extracting C:\Program Files\NetBeans-20\netbeans\platform\modules\org-netbeans-swing-laf-flatlaf.jar
[2024-01-15 15:51:24.916]:         extracting C:\Program Files\NetBeans-20\netbeans\platform\config\ModuleAutoDeps\org-openide-text.xml
[2024-01-15 15:51:24.916]:         extracting C:\Program Files\NetBeans-20\netbeans\platform\config\ModuleAutoDeps\org-openide-util.xml
[2024-01-15 15:51:24.916]:         extracting C:\Program Files\NetBeans-20\netbeans\platform\config\Modules\org-openide-util-ui-svg.xml
[2024-01-15 15:51:24.916]:         extracting C:\Program Files\NetBeans-20\netbeans\platform\config\Modules\org-netbeans-api-visual.xml
[2024-01-15 15:51:24.916]:         extracting C:\Program Files\NetBeans-20\netbeans\platform\config\Modules\org-netbeans-api-intent.xml
[2024-01-15 15:51:24.916]:         extracting C:\Program Files\NetBeans-20\netbeans\platform\config\Modules\org-netbeans-api-htmlui.xml
[2024-01-15 15:51:24.916]:         extracting C:\Program Files\NetBeans-20\netbeans\platform\config\Modules\org-netbeans-api-search.xml
[2024-01-15 15:51:24.916]:         extracting C:\Program Files\NetBeans-20\netbeans\platform\config\Modules\org-netbeans-libs-felix.xml
[2024-01-15 15:51:24.916]:         extracting C:\Program Files\NetBeans-20\netbeans\platform\config\Modules\org-netbeans-html-xhr4j.xml
[2024-01-15 15:51:24.916]:         extracting C:\Program Files\NetBeans-20\netbeans\platform\config\Modules\org-netbeans-swing-plaf.xml
[2024-01-15 15:51:24.916]:         extracting C:\Program Files\NetBeans-20\netbeans\platform\config\Modules\org-netbeans-core-io-ui.xml
[2024-01-15 15:51:24.916]:         extracting C:\Program Files\NetBeans-20\netbeans\nb\modules\locale\org-netbeans-core-netigso_nb.jar
[2024-01-15 15:51:24.916]:         extracting C:\Program Files\NetBeans-20\netbeans\nb\modules\locale\org-netbeans-core-windows_nb.jar
[2024-01-15 15:51:24.916]:         extracting C:\Program Files\NetBeans-20\netbeans\nb\config\Modules\org-netbeans-modules-welcome.xml
[2024-01-15 15:51:24.916]:         extracting C:\Program Files\NetBeans-20\netbeans\ide\bin\nativeexecution\SunOS-sparc_64\unbuffer.so
[2024-01-15 15:51:24.916]:         extracting C:\Program Files\NetBeans-20\netbeans\ide\bin\nativeexecution\Linux-x86_64\process_start
[2024-01-15 15:51:24.932]:         extracting C:\Program Files\NetBeans-20\netbeans\ide\bin\nativeexecution\Linux-sparc_64\unbuffer.so
[2024-01-15 15:51:24.932]:         extracting C:\Program Files\NetBeans-20\netbeans\ide\bin\nativeexecution\SunOS-x86_64\process_start
[2024-01-15 15:51:24.932]:         extracting C:\Program Files\NetBeans-20\netbeans\ide\update_tracking\org-netbeans-spi-viewmodel.xml
[2024-01-15 15:51:24.932]:         extracting C:\Program Files\NetBeans-20\netbeans\ide\update_tracking\org-netbeans-libs-jcodings.xml
[2024-01-15 15:51:24.932]:         extracting C:\Program Files\NetBeans-20\netbeans\ide\update_tracking\org-eclipse-equinox-common.xml
[2024-01-15 15:51:24.932]:         extracting C:\Program Files\NetBeans-20\netbeans\ide\update_tracking\org-netbeans-spi-navigator.xml
[2024-01-15 15:51:24.932]:         extracting C:\Program Files\NetBeans-20\netbeans\ide\update_tracking\org-netbeans-modules-dbapi.xml
[2024-01-15 15:51:24.932]:         extracting C:\Program Files\NetBeans-20\netbeans\ide\update_tracking\org-netbeans-modules-image.xml
[2024-01-15 15:51:24.932]:         extracting C:\Program Files\NetBeans-20\netbeans\ide\update_tracking\org-netbeans-libs-graalsdk.xml
[2024-01-15 15:51:24.932]:         extracting C:\Program Files\NetBeans-20\netbeans\ide\update_tracking\org-apache-ws-commons-util.xml
[2024-01-15 15:51:24.932]:         extracting C:\Program Files\NetBeans-20\netbeans\ide\update_tracking\org-netbeans-modules-derby.xml
[2024-01-15 15:51:24.932]:         extracting C:\Program Files\NetBeans-20\netbeans\ide\update_tracking\org-netbeans-modules-lexer.xml
[2024-01-15 15:51:24.932]:         extracting C:\Program Files\NetBeans-20\netbeans\ide\update_tracking\org-netbeans-libs-flexmark.xml
[2024-01-15 15:51:24.932]:         extracting C:\Program Files\NetBeans-20\netbeans\ide\modules\org-netbeans-modules-editor-search.jar
[2024-01-15 15:51:24.932]:         extracting C:\Program Files\NetBeans-20\netbeans\ide\modules\org-netbeans-modules-web-common-ui.jar
[2024-01-15 15:51:24.932]:         extracting C:\Program Files\NetBeans-20\netbeans\ide\modules\org-netbeans-modules-notifications.jar
[2024-01-15 15:51:24.932]:         extracting C:\Program Files\NetBeans-20\netbeans\ide\modules\lib\amd64\junixsocket-native-2.5.1.dll
[2024-01-15 15:51:24.932]:         extracting C:\Program Files\NetBeans-20\netbeans\ide\modules\org-netbeans-modules-tasklist-todo.jar
[2024-01-15 15:51:24.948]:         extracting C:\Program Files\NetBeans-20\netbeans\ide\modules\org-netbeans-modules-xml-multiview.jar
[2024-01-15 15:51:24.948]:         extracting C:\Program Files\NetBeans-20\netbeans\ide\modules\org-netbeans-modules-versioning-ui.jar
[2024-01-15 15:51:24.948]:         extracting C:\Program Files\NetBeans-20\netbeans\ide\modules\org-netbeans-libs-commons_compress.jar
[2024-01-15 15:51:24.948]:         extracting C:\Program Files\NetBeans-20\netbeans\ide\modules\org-netbeans-modules-xml-retriever.jar
[2024-01-15 15:51:24.956]:         extracting C:\Program Files\NetBeans-20\netbeans\ide\modules\ext\org.eclipse.lsp4j.debug-0.13.0.jar
[2024-01-15 15:51:24.959]:         extracting C:\Program Files\NetBeans-20\netbeans\ide\modules\ext\flexmark-ext-anchorlink-0.64.6.jar
[2024-01-15 15:51:24.960]:         extracting C:\Program Files\NetBeans-20\netbeans\ide\modules\org-netbeans-libs-snakeyaml_engine.jar
[2024-01-15 15:51:24.961]:         extracting C:\Program Files\NetBeans-20\netbeans\ide\modules\org-netbeans-modules-db-sql-editor.jar
[2024-01-15 15:51:24.963]:         extracting C:\Program Files\NetBeans-20\netbeans\ide\modules\org-netbeans-modules-editor-indent.jar
[2024-01-15 15:51:24.964]:         extracting C:\Program Files\NetBeans-20\netbeans\ide\modules\org-netbeans-libs-svnClientAdapter.jar
[2024-01-15 15:51:24.965]:         extracting C:\Program Files\NetBeans-20\netbeans\ide\modules\org-netbeans-modules-editor-macros.jar
[2024-01-15 15:51:24.967]:         extracting C:\Program Files\NetBeans-20\netbeans\ide\modules\org-netbeans-modules-projectapi-nb.jar
[2024-01-15 15:51:24.969]:         extracting C:\Program Files\NetBeans-20\netbeans\ide\modules\org-netbeans-modules-docker-editor.jar
[2024-01-15 15:51:24.971]:         extracting C:\Program Files\NetBeans-20\netbeans\ide\modules\org-netbeans-modules-html-indexing.jar
[2024-01-15 15:51:24.972]:         extracting C:\Program Files\NetBeans-20\netbeans\ide\modules\org-netbeans-modules-languages-hcl.jar
[2024-01-15 15:51:24.974]:         extracting C:\Program Files\NetBeans-20\netbeans\ide\modules\org-netbeans-modules-code-analysis.jar
[2024-01-15 15:51:24.976]:         extracting C:\Program Files\NetBeans-20\netbeans\ide\modules\org-netbeans-modules-editor-guards.jar
[2024-01-15 15:51:24.978]:         extracting C:\Program Files\NetBeans-20\netbeans\ide\config\ModuleAutoDeps\org-netbeans-api-xml.xml
[2024-01-15 15:51:24.978]:         extracting C:\Program Files\NetBeans-20\netbeans\ide\config\Modules\org-netbeans-modules-hudson.xml
[2024-01-15 15:51:24.979]:         extracting C:\Program Files\NetBeans-20\netbeans\ide\config\Modules\org-netbeans-modules-jumpto.xml
[2024-01-15 15:51:24.979]:         extracting C:\Program Files\NetBeans-20\netbeans\ide\config\Modules\org-netbeans-modules-db-kit.xml
[2024-01-15 15:51:24.980]:         extracting C:\Program Files\NetBeans-20\netbeans\ide\config\Modules\org-netbeans-modules-editor.xml
[2024-01-15 15:51:24.980]:         extracting C:\Program Files\NetBeans-20\netbeans\ide\config\Modules\org-netbeans-modules-server.xml
[2024-01-15 15:51:24.981]:         extracting C:\Program Files\NetBeans-20\netbeans\platform\update_tracking\org-openide-execution.xml
[2024-01-15 15:51:24.982]:         extracting C:\Program Files\NetBeans-20\netbeans\platform\update_tracking\org-netbeans-libs-asm.xml
[2024-01-15 15:51:24.982]:         extracting C:\Program Files\NetBeans-20\netbeans\platform\update_tracking\net-java-html-boot-fx.xml
[2024-01-15 15:51:24.983]:         extracting C:\Program Files\NetBeans-20\netbeans\platform\update_tracking\org-netbeans-libs-jna.xml
[2024-01-15 15:51:24.983]:         extracting C:\Program Files\NetBeans-20\netbeans\platform\modules\org-netbeans-modules-settings.jar
[2024-01-15 15:51:24.985]:         extracting C:\Program Files\NetBeans-20\netbeans\platform\modules\org-netbeans-swing-tabcontrol.jar
[2024-01-15 15:51:24.991]:         extracting C:\Program Files\NetBeans-20\netbeans\platform\modules\org-netbeans-modules-core-kit.jar
[2024-01-15 15:51:24.992]:         extracting C:\Program Files\NetBeans-20\netbeans\platform\modules\org-openide-execution-compat8.jar
[2024-01-15 15:51:24.993]:         extracting C:\Program Files\NetBeans-20\netbeans\platform\modules\org-netbeans-modules-masterfs.jar
[2024-01-15 15:51:24.996]:         extracting C:\Program Files\NetBeans-20\netbeans\platform\modules\org-apache-commons-commons_io.jar
[2024-01-15 15:51:24.997]:         extracting C:\Program Files\NetBeans-20\netbeans\platform\modules\org-netbeans-modules-junitlib.jar
[2024-01-15 15:51:24.997]:         extracting C:\Program Files\NetBeans-20\netbeans\platform\modules\org-netbeans-modules-javahelp.jar
[2024-01-15 15:51:24.999]:         extracting C:\Program Files\NetBeans-20\netbeans\platform\modules\org-netbeans-modules-sendopts.jar
[2024-01-15 15:51:25.000]:         extracting C:\Program Files\NetBeans-20\netbeans\platform\modules\org-netbeans-modules-netbinox.jar
[2024-01-15 15:51:25.002]:         extracting C:\Program Files\NetBeans-20\netbeans\platform\config\Modules\org-netbeans-libs-osgi.xml
[2024-01-15 15:51:25.003]:         extracting C:\Program Files\NetBeans-20\netbeans\platform\config\Modules\org-netbeans-html-ko4j.xml
[2024-01-15 15:51:25.004]:         extracting C:\Program Files\NetBeans-20\netbeans\platform\config\Modules\org-netbeans-core-osgi.xml
[2024-01-15 15:51:25.004]:         extracting C:\Program Files\NetBeans-20\netbeans\extide\modules\gradle\netbeans-gradle-tooling.jar
[2024-01-15 15:51:25.006]:         extracting C:\Program Files\NetBeans-20\netbeans\harness\nbi\stub\ext\engine\nbproject\project.xml
[2024-01-15 15:51:25.006]:         extracting C:\Program Files\NetBeans-20\netbeans\harness\nbi\stub\ext\infra\build\engine\build.xml
[2024-01-15 15:51:25.007]:         extracting C:\Program Files\NetBeans-20\netbeans\harness\modules\ext\nbi-registries-management.jar
[2024-01-15 15:51:25.008]:         extracting C:\Program Files\NetBeans-20\netbeans\nb\modules\org-netbeans-modules-updatecenters.jar
[2024-01-15 15:51:25.010]:         extracting C:\Program Files\NetBeans-20\netbeans\ide\bin\nativeexecution\Windows-x86\process_start
[2024-01-15 15:51:25.013]:         extracting C:\Program Files\NetBeans-20\netbeans\ide\bin\nativeexecution\Linux-aarch64\unbuffer.so
[2024-01-15 15:51:25.014]:         extracting C:\Program Files\NetBeans-20\netbeans\ide\bin\nativeexecution\MacOSX-x86\unbuffer.dylib
[2024-01-15 15:51:25.015]:         extracting C:\Program Files\NetBeans-20\netbeans\ide\update_tracking\org-netbeans-spi-tasklist.xml
[2024-01-15 15:51:25.016]:         extracting C:\Program Files\NetBeans-20\netbeans\ide\update_tracking\org-netbeans-modules-diff.xml
[2024-01-15 15:51:25.016]:         extracting C:\Program Files\NetBeans-20\netbeans\ide\update_tracking\org-netbeans-core-browser.xml
[2024-01-15 15:51:25.017]:         extracting C:\Program Files\NetBeans-20\netbeans\ide\update_tracking\org-netbeans-api-debugger.xml
[2024-01-15 15:51:25.017]:         extracting C:\Program Files\NetBeans-20\netbeans\ide\update_tracking\org-netbeans-modules-html.xml
[2024-01-15 15:51:25.018]:         extracting C:\Program Files\NetBeans-20\netbeans\ide\update_tracking\org-eclipse-jgit-ssh-jsch.xml
[2024-01-15 15:51:25.019]:         extracting C:\Program Files\NetBeans-20\netbeans\ide\modules\org-netbeans-modules-tasklist-kit.jar
[2024-01-15 15:51:25.020]:         extracting C:\Program Files\NetBeans-20\netbeans\ide\modules\org-netbeans-modules-schema2beans.jar
[2024-01-15 15:51:25.024]:         extracting C:\Program Files\NetBeans-20\netbeans\ide\modules\org-netbeans-modules-xml-jaxb-api.jar
[2024-01-15 15:51:25.024]:         extracting C:\Program Files\NetBeans-20\netbeans\ide\modules\org-netbeans-modules-team-commons.jar
[2024-01-15 15:51:25.024]:         extracting C:\Program Files\NetBeans-20\netbeans\ide\modules\org-netbeans-modules-languages-go.jar
[2024-01-15 15:51:25.024]:         extracting C:\Program Files\NetBeans-20\netbeans\ide\modules\org-netbeans-modules-print-editor.jar
[2024-01-15 15:51:25.024]:         extracting C:\Program Files\NetBeans-20\netbeans\ide\modules\ext\generated-wsdl-xsd-2004.08.24.jar
[2024-01-15 15:51:25.024]:         extracting C:\Program Files\NetBeans-20\netbeans\ide\modules\ext\flexmark-util-sequence-0.64.6.jar
[2024-01-15 15:51:25.024]:         extracting C:\Program Files\NetBeans-20\netbeans\ide\modules\org-netbeans-lib-terminalemulator.jar
[2024-01-15 15:51:25.038]:         extracting C:\Program Files\NetBeans-20\netbeans\ide\modules\org-netbeans-modules-extexecution.jar
[2024-01-15 15:51:25.040]:         extracting C:\Program Files\NetBeans-20\netbeans\ide\modules\org-netbeans-libs-jsch-agentproxy.jar
[2024-01-15 15:51:25.041]:         extracting C:\Program Files\NetBeans-20\netbeans\ide\modules\org-netbeans-modules-localhistory.jar
[2024-01-15 15:51:25.042]:         extracting C:\Program Files\NetBeans-20\netbeans\ide\modules\org-netbeans-modules-lexer-antlr4.jar
[2024-01-15 15:51:25.042]:         extracting C:\Program Files\NetBeans-20\netbeans\ide\modules\org-netbeans-libs-graalsdk-system.jar
[2024-01-15 15:51:25.042]:         extracting C:\Program Files\NetBeans-20\netbeans\ide\modules\org-netbeans-modules-projectuiapi.jar
[2024-01-15 15:51:25.042]:         extracting C:\Program Files\NetBeans-20\netbeans\ide\modules\org-netbeans-modules-spellchecker.jar
[2024-01-15 15:51:25.042]:         extracting C:\Program Files\NetBeans-20\netbeans\ide\modules\org-netbeans-core-browser-webview.jar
[2024-01-15 15:51:25.042]:         extracting C:\Program Files\NetBeans-20\netbeans\ide\modules\org-netbeans-modules-editor-plain.jar
[2024-01-15 15:51:25.051]:         extracting C:\Program Files\NetBeans-20\netbeans\ide\config\Modules\org-netbeans-spi-viewmodel.xml
[2024-01-15 15:51:25.051]:         extracting C:\Program Files\NetBeans-20\netbeans\ide\config\Modules\org-netbeans-libs-jcodings.xml
[2024-01-15 15:51:25.052]:         extracting C:\Program Files\NetBeans-20\netbeans\ide\config\Modules\org-eclipse-equinox-common.xml
[2024-01-15 15:51:25.053]:         extracting C:\Program Files\NetBeans-20\netbeans\ide\config\Modules\org-netbeans-spi-navigator.xml
[2024-01-15 15:51:25.053]:         extracting C:\Program Files\NetBeans-20\netbeans\ide\config\Modules\org-netbeans-modules-dbapi.xml
[2024-01-15 15:51:25.053]:         extracting C:\Program Files\NetBeans-20\netbeans\ide\config\Modules\org-netbeans-modules-image.xml
[2024-01-15 15:51:25.055]:         extracting C:\Program Files\NetBeans-20\netbeans\ide\config\Modules\org-netbeans-libs-graalsdk.xml
[2024-01-15 15:51:25.056]:         extracting C:\Program Files\NetBeans-20\netbeans\ide\config\Modules\org-apache-ws-commons-util.xml
[2024-01-15 15:51:25.056]:         extracting C:\Program Files\NetBeans-20\netbeans\ide\config\Modules\org-netbeans-modules-derby.xml
[2024-01-15 15:51:25.057]:         extracting C:\Program Files\NetBeans-20\netbeans\ide\config\Modules\org-netbeans-modules-lexer.xml
[2024-01-15 15:51:25.057]:         extracting C:\Program Files\NetBeans-20\netbeans\ide\config\Modules\org-netbeans-libs-flexmark.xml
[2024-01-15 15:51:25.058]:         extracting C:\Program Files\NetBeans-20\netbeans\platform\core\org-openide-filesystems-compat8.jar
[2024-01-15 15:51:25.059]:         extracting C:\Program Files\NetBeans-20\netbeans\platform\docs\junit-jupiter-api-5.6.0-javadoc.jar
[2024-01-15 15:51:25.059]:         extracting C:\Program Files\NetBeans-20\netbeans\platform\docs\junit-jupiter-api-5.6.0-sources.jar
[2024-01-15 15:51:25.059]:         extracting C:\Program Files\NetBeans-20\netbeans\platform\update_tracking\org-openide-explorer.xml
[2024-01-15 15:51:25.059]:         extracting C:\Program Files\NetBeans-20\netbeans\platform\update_tracking\org-netbeans-core-ui.xml
[2024-01-15 15:51:25.059]:         extracting C:\Program Files\NetBeans-20\netbeans\platform\modules\org-netbeans-modules-sampler.jar
[2024-01-15 15:51:25.059]:         extracting C:\Program Files\NetBeans-20\netbeans\platform\modules\org-netbeans-api-progress-nb.jar
[2024-01-15 15:51:25.067]:         extracting C:\Program Files\NetBeans-20\netbeans\platform\modules\org-netbeans-modules-keyring.jar
[2024-01-15 15:51:25.068]:         extracting C:\Program Files\NetBeans-20\netbeans\platform\modules\org-netbeans-modules-janitor.jar
[2024-01-15 15:51:25.069]:         extracting C:\Program Files\NetBeans-20\netbeans\platform\modules\org-netbeans-spi-quicksearch.jar
[2024-01-15 15:51:25.072]:         extracting C:\Program Files\NetBeans-20\netbeans\platform\modules\org-netbeans-libs-batik-read.jar
[2024-01-15 15:51:25.073]:         extracting C:\Program Files\NetBeans-20\netbeans\platform\modules\org-netbeans-modules-queries.jar
[2024-01-15 15:51:25.074]:         extracting C:\Program Files\NetBeans-20\netbeans\platform\config\Modules\org-openide-execution.xml
[2024-01-15 15:51:25.074]:         extracting C:\Program Files\NetBeans-20\netbeans\platform\config\Modules\net-java-html-boot-fx.xml
[2024-01-15 15:51:25.075]:         extracting C:\Program Files\NetBeans-20\netbeans\platform\config\Modules\org-netbeans-libs-jna.xml
[2024-01-15 15:51:25.075]:         extracting C:\Program Files\NetBeans-20\netbeans\extide\modules\gradle\daemon-loader\build.gradle
[2024-01-15 15:51:25.075]:         extracting C:\Program Files\NetBeans-20\netbeans\harness\modules\org-netbeans-libs-nbi-engine.jar
[2024-01-15 15:51:25.075]:         extracting C:\Program Files\NetBeans-20\netbeans\harness\modules\org-netbeans-modules-nbjunit.jar
[2024-01-15 15:51:25.075]:         extracting C:\Program Files\NetBeans-20\netbeans\harness\modules\ext\org-netbeans-insane-hook.jar
[2024-01-15 15:51:25.075]:         extracting C:\Program Files\NetBeans-20\netbeans\nb\modules\org-netbeans-modules-ide-branding.jar
[2024-01-15 15:51:25.075]:         extracting C:\Program Files\NetBeans-20\netbeans\nb\modules\locale\org-netbeans-swing-plaf_nb.jar
[2024-01-15 15:51:25.075]:         extracting C:\Program Files\NetBeans-20\netbeans\ide\bin\nativeexecution\Linux-x86_64\unbuffer.so
[2024-01-15 15:51:25.075]:         extracting C:\Program Files\NetBeans-20\netbeans\ide\bin\nativeexecution\Windows-x86\unbuffer.dll
[2024-01-15 15:51:25.075]:         extracting C:\Program Files\NetBeans-20\netbeans\ide\bin\nativeexecution\SunOS-x86_64\unbuffer.so
[2024-01-15 15:51:25.075]:         extracting C:\Program Files\NetBeans-20\netbeans\ide\bin\nativeexecution\MacOSX-x86\process_start
[2024-01-15 15:51:25.075]:         extracting C:\Program Files\NetBeans-20\netbeans\ide\docs\org\netbeans\modules\usersguide\ide.css
[2024-01-15 15:51:25.085]:         extracting C:\Program Files\NetBeans-20\netbeans\ide\update_tracking\org-netbeans-modules-xml.xml
[2024-01-15 15:51:25.086]:         extracting C:\Program Files\NetBeans-20\netbeans\ide\update_tracking\org-netbeans-spi-palette.xml
[2024-01-15 15:51:25.087]:         extracting C:\Program Files\NetBeans-20\netbeans\ide\update_tracking\org-netbeans-libs-lucene.xml
[2024-01-15 15:51:25.087]:         extracting C:\Program Files\NetBeans-20\netbeans\ide\update_tracking\org-eclipse-core-runtime.xml
[2024-01-15 15:51:25.087]:         extracting C:\Program Files\NetBeans-20\netbeans\ide\update_tracking\org-netbeans-modules-git.xml
[2024-01-15 15:51:25.087]:         extracting C:\Program Files\NetBeans-20\netbeans\ide\update_tracking\org-netbeans-modules-xsl.xml
[2024-01-15 15:51:25.089]:         extracting C:\Program Files\NetBeans-20\netbeans\ide\update_tracking\org-netbeans-libs-xerces.xml
[2024-01-15 15:51:25.090]:         extracting C:\Program Files\NetBeans-20\netbeans\ide\modules\org-netbeans-modules-project-ant.jar
[2024-01-15 15:51:25.093]:         extracting C:\Program Files\NetBeans-20\netbeans\ide\modules\org-netbeans-modules-editor-util.jar
[2024-01-15 15:51:25.093]:         extracting C:\Program Files\NetBeans-20\netbeans\ide\modules\org-netbeans-modules-parsing-api.jar
[2024-01-15 15:51:25.093]:         extracting C:\Program Files\NetBeans-20\netbeans\ide\modules\org-netbeans-modules-html-editor.jar
[2024-01-15 15:51:25.103]:         extracting C:\Program Files\NetBeans-20\netbeans\ide\modules\org-netbeans-libs-antlr3-runtime.jar
[2024-01-15 15:51:25.103]:         extracting C:\Program Files\NetBeans-20\netbeans\ide\modules\org-netbeans-modules-terminal-nb.jar
[2024-01-15 15:51:25.103]:         extracting C:\Program Files\NetBeans-20\netbeans\ide\modules\com-googlecode-javaewah-JavaEWAH.jar
[2024-01-15 15:51:25.103]:         extracting C:\Program Files\NetBeans-20\netbeans\ide\modules\org-netbeans-modules-tasklist-ui.jar
[2024-01-15 15:51:25.103]:         extracting C:\Program Files\NetBeans-20\netbeans\ide\modules\ext\org.eclipse.xtend.lib-2.24.0.jar
[2024-01-15 15:51:25.103]:         extracting C:\Program Files\NetBeans-20\netbeans\ide\modules\ext\flexmark-util-visitor-0.64.6.jar
[2024-01-15 15:51:25.103]:         extracting C:\Program Files\NetBeans-20\netbeans\ide\modules\ext\flexmark-util-builder-0.64.6.jar
[2024-01-15 15:51:25.117]:         extracting C:\Program Files\NetBeans-20\netbeans\ide\modules\org-netbeans-modules-editor-fold.jar
[2024-01-15 15:51:25.120]:         extracting C:\Program Files\NetBeans-20\netbeans\ide\modules\org-eclipse-mylyn-commons-xmlrpc.jar
[2024-01-15 15:51:25.120]:         extracting C:\Program Files\NetBeans-20\netbeans\ide\modules\org-netbeans-modules-html-custom.jar
[2024-01-15 15:51:25.123]:         extracting C:\Program Files\NetBeans-20\netbeans\ide\modules\org-netbeans-modules-html-parser.jar
[2024-01-15 15:51:25.126]:         extracting C:\Program Files\NetBeans-20\netbeans\ide\modules\org-netbeans-modules-xml-catalog.jar
[2024-01-15 15:51:25.127]:         extracting C:\Program Files\NetBeans-20\netbeans\ide\modules\org-netbeans-modules-db-dataview.jar
[2024-01-15 15:51:25.127]:         extracting C:\Program Files\NetBeans-20\netbeans\ide\modules\org-netbeans-modules-bugtracking.jar
[2024-01-15 15:51:25.136]:         extracting C:\Program Files\NetBeans-20\netbeans\ide\modules\org-netbeans-modules-editor-lib2.jar
[2024-01-15 15:51:25.136]:         extracting C:\Program Files\NetBeans-20\netbeans\ide\modules\org-netbeans-libs-antlr4-runtime.jar
[2024-01-15 15:51:25.136]:         extracting C:\Program Files\NetBeans-20\netbeans\ide\config\Modules\org-netbeans-spi-tasklist.xml
[2024-01-15 15:51:25.136]:         extracting C:\Program Files\NetBeans-20\netbeans\ide\config\Modules\org-netbeans-modules-diff.xml
[2024-01-15 15:51:25.136]:         extracting C:\Program Files\NetBeans-20\netbeans\ide\config\Modules\org-netbeans-core-browser.xml
[2024-01-15 15:51:25.136]:         extracting C:\Program Files\NetBeans-20\netbeans\ide\config\Modules\org-netbeans-api-debugger.xml
[2024-01-15 15:51:25.136]:         extracting C:\Program Files\NetBeans-20\netbeans\ide\config\Modules\org-netbeans-modules-html.xml
[2024-01-15 15:51:25.136]:         extracting C:\Program Files\NetBeans-20\netbeans\ide\config\Modules\org-eclipse-jgit-ssh-jsch.xml
[2024-01-15 15:51:25.136]:         extracting C:\Program Files\NetBeans-20\netbeans\platform\update_tracking\org-openide-dialogs.xml
[2024-01-15 15:51:25.136]:         extracting C:\Program Files\NetBeans-20\netbeans\platform\update_tracking\org-netbeans-api-io.xml
[2024-01-15 15:51:25.151]:         extracting C:\Program Files\NetBeans-20\netbeans\platform\update_tracking\org-openide-loaders.xml
[2024-01-15 15:51:25.152]:         extracting C:\Program Files\NetBeans-20\netbeans\platform\update_tracking\org-openide-util-ui.xml
[2024-01-15 15:51:25.153]:         extracting C:\Program Files\NetBeans-20\netbeans\platform\update_tracking\org-openide-windows.xml
[2024-01-15 15:51:25.154]:         extracting C:\Program Files\NetBeans-20\netbeans\platform\update_tracking\org-openide-options.xml
[2024-01-15 15:51:25.154]:         extracting C:\Program Files\NetBeans-20\netbeans\platform\update_tracking\org-openide-actions.xml
[2024-01-15 15:51:25.154]:         extracting C:\Program Files\NetBeans-20\netbeans\platform\update_tracking\net-java-html-sound.xml
[2024-01-15 15:51:25.157]:         extracting C:\Program Files\NetBeans-20\netbeans\platform\update_tracking\org-openide-modules.xml
[2024-01-15 15:51:25.158]:         extracting C:\Program Files\NetBeans-20\netbeans\platform\modules\ext\xmlgraphics-commons-2.7.jar
[2024-01-15 15:51:25.161]:         extracting C:\Program Files\NetBeans-20\netbeans\platform\modules\ext\junit-jupiter-api-5.6.0.jar
[2024-01-15 15:51:25.161]:         extracting C:\Program Files\NetBeans-20\netbeans\platform\modules\org-netbeans-swing-laf-dark.jar
[2024-01-15 15:51:25.161]:         extracting C:\Program Files\NetBeans-20\netbeans\platform\modules\org-netbeans-core-multitabs.jar
[2024-01-15 15:51:25.167]:         extracting C:\Program Files\NetBeans-20\netbeans\platform\modules\org-netbeans-modules-htmlui.jar
[2024-01-15 15:51:25.169]:         extracting C:\Program Files\NetBeans-20\netbeans\platform\modules\org-netbeans-core-execution.jar
[2024-01-15 15:51:25.170]:         extracting C:\Program Files\NetBeans-20\netbeans\platform\modules\org-netbeans-core-multiview.jar
[2024-01-15 15:51:25.173]:         extracting C:\Program Files\NetBeans-20\netbeans\platform\config\Modules\org-openide-explorer.xml
[2024-01-15 15:51:25.174]:         extracting C:\Program Files\NetBeans-20\netbeans\platform\config\Modules\org-netbeans-core-ui.xml
[2024-01-15 15:51:25.175]:         extracting C:\Program Files\NetBeans-20\netbeans\extide\ant\etc\checkstyle\checkstyle-frames.xsl
[2024-01-15 15:51:25.176]:         extracting C:\Program Files\NetBeans-20\netbeans\harness\update_tracking\org-netbeans-insane.xml
[2024-01-15 15:51:25.176]:         extracting C:\Program Files\NetBeans-20\netbeans\harness\nbi\stub\ext\engine\src\native\launcher
[2024-01-15 15:51:25.177]:         extracting C:\Program Files\NetBeans-20\netbeans\cpplite\modules\ext\cpplite-mi-f8f8250283be.jar
[2024-01-15 15:51:25.177]:         extracting C:\Program Files\NetBeans-20\netbeans\ide\bin\nativeexecution\SunOS-sparc_64\pty_open
[2024-01-15 15:51:25.177]:         extracting C:\Program Files\NetBeans-20\netbeans\ide\bin\nativeexecution\SunOS-sparc_64\sigqueue
[2024-01-15 15:51:25.177]:         extracting C:\Program Files\NetBeans-20\netbeans\ide\bin\nativeexecution\Linux-sparc_64\pty_open
[2024-01-15 15:51:25.177]:         extracting C:\Program Files\NetBeans-20\netbeans\ide\bin\nativeexecution\Linux-sparc_64\sigqueue
[2024-01-15 15:51:25.177]:         extracting C:\Program Files\NetBeans-20\netbeans\ide\bin\nativeexecution\Linux-x86\process_start
[2024-01-15 15:51:25.177]:         extracting C:\Program Files\NetBeans-20\netbeans\ide\bin\nativeexecution\Windows-x86_64\pty_open
[2024-01-15 15:51:25.177]:         extracting C:\Program Files\NetBeans-20\netbeans\ide\bin\nativeexecution\Windows-x86_64\sigqueue
[2024-01-15 15:51:25.177]:         extracting C:\Program Files\NetBeans-20\netbeans\ide\bin\nativeexecution\SunOS-x86\process_start
[2024-01-15 15:51:25.184]:         extracting C:\Program Files\NetBeans-20\netbeans\ide\update_tracking\org-apache-xml-resolver.xml
[2024-01-15 15:51:25.185]:         extracting C:\Program Files\NetBeans-20\netbeans\ide\update_tracking\org-apache-commons-lang.xml
[2024-01-15 15:51:25.186]:         extracting C:\Program Files\NetBeans-20\netbeans\ide\update_tracking\org-eclipse-jgit-gpg-bc.xml
[2024-01-15 15:51:25.187]:         extracting C:\Program Files\NetBeans-20\netbeans\ide\update_tracking\org-netbeans-libs-tomlj.xml
[2024-01-15 15:51:25.187]:         extracting C:\Program Files\NetBeans-20\netbeans\ide\update_tracking\org-netbeans-api-xml-ui.xml
[2024-01-15 15:51:25.187]:         extracting C:\Program Files\NetBeans-20\netbeans\ide\update_tracking\org-netbeans-libs-ini4j.xml
[2024-01-15 15:51:25.189]:         extracting C:\Program Files\NetBeans-20\netbeans\ide\update_tracking\org-eclipse-equinox-app.xml
[2024-01-15 15:51:25.189]:         extracting C:\Program Files\NetBeans-20\netbeans\ide\update_tracking\org-netbeans-modules-db.xml
[2024-01-15 15:51:25.190]:         extracting C:\Program Files\NetBeans-20\netbeans\ide\modules\org-netbeans-modules-css-editor.jar
[2024-01-15 15:51:25.193]:         extracting C:\Program Files\NetBeans-20\netbeans\ide\modules\org-netbeans-modules-projectapi.jar
[2024-01-15 15:51:25.193]:         extracting C:\Program Files\NetBeans-20\netbeans\ide\modules\org-netbeans-modules-localtasks.jar
[2024-01-15 15:51:25.193]:         extracting C:\Program Files\NetBeans-20\netbeans\ide\modules\org-netbeans-modules-hudson-git.jar
[2024-01-15 15:51:25.202]:         extracting C:\Program Files\NetBeans-20\netbeans\ide\modules\org-netbeans-modules-web-common.jar
[2024-01-15 15:51:25.204]:         extracting C:\Program Files\NetBeans-20\netbeans\ide\modules\libs-c-kohlschutter-junixsocket.jar
[2024-01-15 15:51:25.206]:         extracting C:\Program Files\NetBeans-20\netbeans\ide\modules\org-netbeans-api-java-classpath.jar
[2024-01-15 15:51:25.208]:         extracting C:\Program Files\NetBeans-20\netbeans\ide\modules\ext\flexmark-util-format-0.64.6.jar
[2024-01-15 15:51:25.210]:         extracting C:\Program Files\NetBeans-20\netbeans\ide\modules\org-eclipse-mylyn-wikitext-core.jar
[2024-01-15 15:51:25.211]:         extracting C:\Program Files\NetBeans-20\netbeans\ide\modules\org-netbeans-modules-lsp-client.jar
[2024-01-15 15:51:25.211]:         extracting C:\Program Files\NetBeans-20\netbeans\ide\modules\org-netbeans-modules-versioning.jar
[2024-01-15 15:51:25.211]:         extracting C:\Program Files\NetBeans-20\netbeans\ide\modules\org-eclipse-equinox-preferences.jar
[2024-01-15 15:51:25.218]:         extracting C:\Program Files\NetBeans-20\netbeans\ide\modules\org-netbeans-modules-properties.jar
[2024-01-15 15:51:25.221]:         extracting C:\Program Files\NetBeans-20\netbeans\ide\modules\org-netbeans-modules-subversion.jar
[2024-01-15 15:51:25.236]:         extracting C:\Program Files\NetBeans-20\netbeans\ide\modules\org-netbeans-modules-httpserver.jar
[2024-01-15 15:51:25.236]:         extracting C:\Program Files\NetBeans-20\netbeans\ide\modules\org-netbeans-modules-html-lexer.jar
[2024-01-15 15:51:25.236]:         extracting C:\Program Files\NetBeans-20\netbeans\ide\modules\org-netbeans-modules-db-drivers.jar
[2024-01-15 15:51:25.236]:         extracting C:\Program Files\NetBeans-20\netbeans\ide\modules\org-netbeans-modules-servletapi.jar
[2024-01-15 15:51:25.236]:         extracting C:\Program Files\NetBeans-20\netbeans\ide\modules\org-netbeans-modules-editor-lib.jar
[2024-01-15 15:51:25.251]:         extracting C:\Program Files\NetBeans-20\netbeans\ide\modules\org-netbeans-modules-extbrowser.jar
[2024-01-15 15:51:25.253]:         extracting C:\Program Files\NetBeans-20\netbeans\ide\modules\org-netbeans-modules-web-indent.jar
[2024-01-15 15:51:25.256]:         extracting C:\Program Files\NetBeans-20\netbeans\ide\modules\org-eclipse-mylyn-bugzilla-core.jar
[2024-01-15 15:51:25.257]:         extracting C:\Program Files\NetBeans-20\netbeans\ide\modules\org-netbeans-modules-usersguide.jar
[2024-01-15 15:51:25.257]:         extracting C:\Program Files\NetBeans-20\netbeans\ide\modules\org-netbeans-modules-docker-api.jar
[2024-01-15 15:51:25.257]:         extracting C:\Program Files\NetBeans-20\netbeans\ide\modules\org-netbeans-modules-editor-kit.jar
[2024-01-15 15:51:25.257]:         extracting C:\Program Files\NetBeans-20\netbeans\ide\modules\org-netbeans-modules-parsing-nb.jar
[2024-01-15 15:51:25.257]:         extracting C:\Program Files\NetBeans-20\netbeans\ide\modules\org-netbeans-modules-css-visual.jar
[2024-01-15 15:51:25.257]:         extracting C:\Program Files\NetBeans-20\netbeans\ide\modules\org-netbeans-modules-parsing-ui.jar
[2024-01-15 15:51:25.268]:         extracting C:\Program Files\NetBeans-20\netbeans\ide\modules\org-netbeans-modules-mylyn-util.jar
[2024-01-15 15:51:25.270]:         extracting C:\Program Files\NetBeans-20\netbeans\ide\config\Modules\org-netbeans-modules-xml.xml
[2024-01-15 15:51:25.271]:         extracting C:\Program Files\NetBeans-20\netbeans\ide\config\Modules\org-netbeans-spi-palette.xml
[2024-01-15 15:51:25.272]:         extracting C:\Program Files\NetBeans-20\netbeans\ide\config\Modules\org-netbeans-libs-lucene.xml
[2024-01-15 15:51:25.272]:         extracting C:\Program Files\NetBeans-20\netbeans\ide\config\Modules\org-eclipse-core-runtime.xml
[2024-01-15 15:51:25.273]:         extracting C:\Program Files\NetBeans-20\netbeans\ide\config\Modules\org-netbeans-modules-git.xml
[2024-01-15 15:51:25.274]:         extracting C:\Program Files\NetBeans-20\netbeans\ide\config\Modules\org-netbeans-modules-xsl.xml
[2024-01-15 15:51:25.274]:         extracting C:\Program Files\NetBeans-20\netbeans\ide\config\Modules\org-netbeans-libs-xerces.xml
[2024-01-15 15:51:25.275]:         extracting C:\Program Files\NetBeans-20\netbeans\platform\update_tracking\net-java-html-json.xml
[2024-01-15 15:51:25.275]:         extracting C:\Program Files\NetBeans-20\netbeans\platform\update_tracking\net-java-html-boot.xml
[2024-01-15 15:51:25.275]:         extracting C:\Program Files\NetBeans-20\netbeans\platform\update_tracking\org-openide-compat.xml
[2024-01-15 15:51:25.275]:         extracting C:\Program Files\NetBeans-20\netbeans\platform\modules\lib\flatlaf-windows-x86_64.dll
[2024-01-15 15:51:25.275]:         extracting C:\Program Files\NetBeans-20\netbeans\platform\modules\lib\libflatlaf-linux-x86_64.so
[2024-01-15 15:51:25.275]:         extracting C:\Program Files\NetBeans-20\netbeans\platform\modules\lib\aarch64\jnidispatch-nb.dll
[2024-01-15 15:51:25.275]:         extracting C:\Program Files\NetBeans-20\netbeans\platform\modules\org-netbeans-modules-print.jar
[2024-01-15 15:51:25.275]:         extracting C:\Program Files\NetBeans-20\netbeans\platform\modules\org-openide-filesystems-nb.jar
[2024-01-15 15:51:25.275]:         extracting C:\Program Files\NetBeans-20\netbeans\platform\modules\org-netbeans-api-templates.jar
[2024-01-15 15:51:25.275]:         extracting C:\Program Files\NetBeans-20\netbeans\platform\modules\org-netbeans-lib-uihandler.jar
[2024-01-15 15:51:25.286]:         extracting C:\Program Files\NetBeans-20\netbeans\platform\modules\org-netbeans-api-scripting.jar
[2024-01-15 15:51:25.288]:         extracting C:\Program Files\NetBeans-20\netbeans\platform\modules\org-apache-commons-logging.jar
[2024-01-15 15:51:25.289]:         extracting C:\Program Files\NetBeans-20\netbeans\platform\modules\org-netbeans-swing-outline.jar
[2024-01-15 15:51:25.292]:         extracting C:\Program Files\NetBeans-20\netbeans\platform\config\Modules\org-openide-dialogs.xml
[2024-01-15 15:51:25.292]:         extracting C:\Program Files\NetBeans-20\netbeans\platform\config\Modules\org-netbeans-api-io.xml
[2024-01-15 15:51:25.292]:         extracting C:\Program Files\NetBeans-20\netbeans\platform\config\Modules\org-openide-loaders.xml
[2024-01-15 15:51:25.292]:         extracting C:\Program Files\NetBeans-20\netbeans\platform\config\Modules\org-openide-windows.xml
[2024-01-15 15:51:25.292]:         extracting C:\Program Files\NetBeans-20\netbeans\platform\config\Modules\org-openide-options.xml
[2024-01-15 15:51:25.292]:         extracting C:\Program Files\NetBeans-20\netbeans\platform\config\Modules\org-openide-actions.xml
[2024-01-15 15:51:25.292]:         extracting C:\Program Files\NetBeans-20\netbeans\platform\config\Modules\net-java-html-sound.xml
[2024-01-15 15:51:25.292]:         extracting C:\Program Files\NetBeans-20\netbeans\extide\modules\org-netbeans-modules-gradle.jar
[2024-01-15 15:51:25.302]:         extracting C:\Program Files\NetBeans-20\netbeans\extide\modules\org-apache-tools-ant-module.jar
[2024-01-15 15:51:25.302]:         extracting C:\Program Files\NetBeans-20\netbeans\harness\modules\org-netbeans-modules-jemmy.jar
[2024-01-15 15:51:25.302]:         extracting C:\Program Files\NetBeans-20\netbeans\harness\config\Modules\org-netbeans-insane.xml
[2024-01-15 15:51:25.302]:         extracting C:\Program Files\NetBeans-20\netbeans\ide\bin\nativeexecution\SunOS-sparc_64\killall
[2024-01-15 15:51:25.302]:         extracting C:\Program Files\NetBeans-20\netbeans\ide\bin\nativeexecution\Linux-sparc_64\killall
[2024-01-15 15:51:25.302]:         extracting C:\Program Files\NetBeans-20\netbeans\ide\bin\nativeexecution\Windows-x86_64\killall
[2024-01-15 15:51:25.302]:         extracting C:\Program Files\NetBeans-20\netbeans\ide\bin\nativeexecution\MacOSX-x86_64\pty_open
[2024-01-15 15:51:25.302]:         extracting C:\Program Files\NetBeans-20\netbeans\ide\bin\nativeexecution\Linux-aarch64\pty_open
[2024-01-15 15:51:25.302]:         extracting C:\Program Files\NetBeans-20\netbeans\ide\bin\nativeexecution\Linux-aarch64\sigqueue
[2024-01-15 15:51:25.302]:         extracting C:\Program Files\NetBeans-20\netbeans\ide\bin\nativeexecution\MacOSX-arm_64\pty_open
[2024-01-15 15:51:25.302]:         extracting C:\Program Files\NetBeans-20\netbeans\ide\update_tracking\org-netbeans-libs-jaxb.xml
[2024-01-15 15:51:25.302]:         extracting C:\Program Files\NetBeans-20\netbeans\ide\modules\org-netbeans-modules-docker-ui.jar
[2024-01-15 15:51:25.318]:         extracting C:\Program Files\NetBeans-20\netbeans\ide\modules\org-netbeans-modules-utilities.jar
[2024-01-15 15:51:25.321]:         extracting C:\Program Files\NetBeans-20\netbeans\ide\modules\ext\flexmark-ext-tables-0.64.6.jar
[2024-01-15 15:51:25.321]:         extracting C:\Program Files\NetBeans-20\netbeans\ide\modules\org-netbeans-modules-xml-lexer.jar
[2024-01-15 15:51:25.324]:         extracting C:\Program Files\NetBeans-20\netbeans\ide\modules\org-netbeans-modules-projectui.jar
[2024-01-15 15:51:25.325]:         extracting C:\Program Files\NetBeans-20\netbeans\ide\modules\org-netbeans-modules-xml-tools.jar
[2024-01-15 15:51:25.325]:         extracting C:\Program Files\NetBeans-20\netbeans\ide\modules\org-netbeans-modules-selenium2.jar
[2024-01-15 15:51:25.325]:         extracting C:\Program Files\NetBeans-20\netbeans\ide\modules\org-netbeans-modules-css-model.jar
[2024-01-15 15:51:25.334]:         extracting C:\Program Files\NetBeans-20\netbeans\ide\modules\org-netbeans-modules-languages.jar
[2024-01-15 15:51:25.340]:         extracting C:\Program Files\NetBeans-20\netbeans\ide\modules\com-google-guava-failureaccess.jar
[2024-01-15 15:51:25.341]:         extracting C:\Program Files\NetBeans-20\netbeans\ide\modules\org-netbeans-modules-mercurial.jar
[2024-01-15 15:51:25.353]:         extracting C:\Program Files\NetBeans-20\netbeans\ide\modules\org-netbeans-modules-hudson-ui.jar
[2024-01-15 15:51:25.353]:         extracting C:\Program Files\NetBeans-20\netbeans\ide\modules\org-netbeans-modules-csl-types.jar
[2024-01-15 15:51:25.353]:         extracting C:\Program Files\NetBeans-20\netbeans\ide\modules\org-eclipse-mylyn-commons-core.jar
[2024-01-15 15:51:25.353]:         extracting C:\Program Files\NetBeans-20\netbeans\ide\config\Modules\org-apache-xml-resolver.xml
[2024-01-15 15:51:25.353]:         extracting C:\Program Files\NetBeans-20\netbeans\ide\config\Modules\org-apache-commons-lang.xml
[2024-01-15 15:51:25.353]:         extracting C:\Program Files\NetBeans-20\netbeans\ide\config\Modules\org-eclipse-jgit-gpg-bc.xml
[2024-01-15 15:51:25.353]:         extracting C:\Program Files\NetBeans-20\netbeans\ide\config\Modules\org-netbeans-libs-tomlj.xml
[2024-01-15 15:51:25.353]:         extracting C:\Program Files\NetBeans-20\netbeans\ide\config\Modules\org-netbeans-api-xml-ui.xml
[2024-01-15 15:51:25.353]:         extracting C:\Program Files\NetBeans-20\netbeans\ide\config\Modules\org-netbeans-libs-ini4j.xml
[2024-01-15 15:51:25.353]:         extracting C:\Program Files\NetBeans-20\netbeans\ide\config\Modules\org-eclipse-equinox-app.xml
[2024-01-15 15:51:25.353]:         extracting C:\Program Files\NetBeans-20\netbeans\ide\config\Modules\org-netbeans-modules-db.xml
[2024-01-15 15:51:25.353]:         extracting C:\Program Files\NetBeans-20\netbeans\platform\update_tracking\org-openide-nodes.xml
[2024-01-15 15:51:25.353]:         extracting C:\Program Files\NetBeans-20\netbeans\platform\update_tracking\org-netbeans-core.xml
[2024-01-15 15:51:25.353]:         extracting C:\Program Files\NetBeans-20\netbeans\platform\update_tracking\net-java-html-geo.xml
[2024-01-15 15:51:25.353]:         extracting C:\Program Files\NetBeans-20\netbeans\platform\modules\lib\flatlaf-windows-arm64.dll
[2024-01-15 15:51:25.353]:         extracting C:\Program Files\NetBeans-20\netbeans\platform\modules\org-netbeans-libs-flatlaf.jar
[2024-01-15 15:51:25.353]:         extracting C:\Program Files\NetBeans-20\netbeans\platform\modules\org-netbeans-core-windows.jar
[2024-01-15 15:51:25.373]:         extracting C:\Program Files\NetBeans-20\netbeans\platform\modules\org-netbeans-core-netigso.jar
[2024-01-15 15:51:25.373]:         extracting C:\Program Files\NetBeans-20\netbeans\platform\modules\org-netbeans-core-network.jar
[2024-01-15 15:51:25.373]:         extracting C:\Program Files\NetBeans-20\netbeans\platform\modules\org-netbeans-api-progress.jar
[2024-01-15 15:51:25.373]:         extracting C:\Program Files\NetBeans-20\netbeans\platform\modules\net-java-html-boot-script.jar
[2024-01-15 15:51:25.384]:         extracting C:\Program Files\NetBeans-20\netbeans\platform\modules\org-netbeans-core-output2.jar
[2024-01-15 15:51:25.387]:         extracting C:\Program Files\NetBeans-20\netbeans\platform\config\Modules\net-java-html-json.xml
[2024-01-15 15:51:25.387]:         extracting C:\Program Files\NetBeans-20\netbeans\platform\config\Modules\net-java-html-boot.xml
[2024-01-15 15:51:25.387]:         extracting C:\Program Files\NetBeans-20\netbeans\platform\config\Modules\org-openide-compat.xml
[2024-01-15 15:51:25.387]:         extracting C:\Program Files\NetBeans-20\netbeans\extide\ant\etc\checkstyle\checkstyle-xdoc.xsl
[2024-01-15 15:51:25.387]:         extracting C:\Program Files\NetBeans-20\netbeans\extide\ant\etc\checkstyle\checkstyle-text.xsl
[2024-01-15 15:51:25.387]:         extracting C:\Program Files\NetBeans-20\netbeans\harness\nbi\stub\ext\engine\src\org\mycompany
[2024-01-15 15:51:25.387]:         extracting C:\Program Files\NetBeans-20\netbeans\harness\modules\org-netbeans-libs-nbi-ant.jar
[2024-01-15 15:51:25.387]:         extracting C:\Program Files\NetBeans-20\netbeans\nb\modules\locale\org-netbeans-core-ui_nb.jar
[2024-01-15 15:51:25.387]:         extracting C:\Program Files\NetBeans-20\netbeans\ide\bin\nativeexecution\Linux-x86_64\pty_open
[2024-01-15 15:51:25.387]:         extracting C:\Program Files\NetBeans-20\netbeans\ide\bin\nativeexecution\Linux-x86_64\sigqueue
[2024-01-15 15:51:25.387]:         extracting C:\Program Files\NetBeans-20\netbeans\ide\bin\nativeexecution\Linux-x86\unbuffer.so
[2024-01-15 15:51:25.387]:         extracting C:\Program Files\NetBeans-20\netbeans\ide\bin\nativeexecution\MacOSX-x86_64\killall
[2024-01-15 15:51:25.387]:         extracting C:\Program Files\NetBeans-20\netbeans\ide\bin\nativeexecution\SunOS-x86\unbuffer.so
[2024-01-15 15:51:25.387]:         extracting C:\Program Files\NetBeans-20\netbeans\ide\bin\nativeexecution\Linux-aarch64\killall
[2024-01-15 15:51:25.387]:         extracting C:\Program Files\NetBeans-20\netbeans\ide\bin\nativeexecution\SunOS-x86_64\pty_open
[2024-01-15 15:51:25.387]:         extracting C:\Program Files\NetBeans-20\netbeans\ide\bin\nativeexecution\SunOS-x86_64\sigqueue
[2024-01-15 15:51:25.387]:         extracting C:\Program Files\NetBeans-20\netbeans\ide\update_tracking\org-netbeans-core-ide.xml
[2024-01-15 15:51:25.387]:         extracting C:\Program Files\NetBeans-20\netbeans\ide\update_tracking\org-eclipse-core-jobs.xml
[2024-01-15 15:51:25.387]:         extracting C:\Program Files\NetBeans-20\netbeans\ide\update_tracking\org-netbeans-libs-git.xml
[2024-01-15 15:51:25.401]:         extracting C:\Program Files\NetBeans-20\netbeans\ide\modules\org-netbeans-libs-json_simple.jar
[2024-01-15 15:51:25.401]:         extracting C:\Program Files\NetBeans-20\netbeans\ide\modules\org-netbeans-modules-bugzilla.jar
[2024-01-15 15:51:25.405]:         extracting C:\Program Files\NetBeans-20\netbeans\ide\modules\org-netbeans-modules-defaults.jar
[2024-01-15 15:51:25.406]:         extracting C:\Program Files\NetBeans-20\netbeans\ide\modules\org-apache-commons-httpclient.jar
[2024-01-15 15:51:25.408]:         extracting C:\Program Files\NetBeans-20\netbeans\ide\modules\org-netbeans-spi-editor-hints.jar
[2024-01-15 15:51:25.410]:         extracting C:\Program Files\NetBeans-20\netbeans\ide\modules\ext\flexmark-util-data-0.64.6.jar
[2024-01-15 15:51:25.410]:         extracting C:\Program Files\NetBeans-20\netbeans\ide\modules\ext\flexmark-util-misc-0.64.6.jar
[2024-01-15 15:51:25.411]:         extracting C:\Program Files\NetBeans-20\netbeans\ide\modules\ext\flexmark-ext-emoji-0.64.6.jar
[2024-01-15 15:51:25.412]:         extracting C:\Program Files\NetBeans-20\netbeans\ide\modules\ext\jakarta.servlet-api-4.0.4.jar
[2024-01-15 15:51:25.413]:         extracting C:\Program Files\NetBeans-20\netbeans\ide\modules\ext\flexmark-util-html-0.64.6.jar
[2024-01-15 15:51:25.413]:         extracting C:\Program Files\NetBeans-20\netbeans\ide\modules\dict\dictionary_en_GB.description
[2024-01-15 15:51:25.414]:         extracting C:\Program Files\NetBeans-20\netbeans\ide\modules\dict\dictionary_en_US.description
[2024-01-15 15:51:25.414]:         extracting C:\Program Files\NetBeans-20\netbeans\ide\modules\org-netbeans-modules-xml-text.jar
[2024-01-15 15:51:25.417]:         extracting C:\Program Files\NetBeans-20\netbeans\ide\modules\org-netbeans-modules-markdown.jar
[2024-01-15 15:51:25.418]:         extracting C:\Program Files\NetBeans-20\netbeans\ide\modules\org-netbeans-modules-db-mysql.jar
[2024-01-15 15:51:25.420]:         extracting C:\Program Files\NetBeans-20\netbeans\ide\modules\org-netbeans-modules-gototest.jar
[2024-01-15 15:51:25.421]:         extracting C:\Program Files\NetBeans-20\netbeans\ide\modules\org-netbeans-modules-css-prep.jar
[2024-01-15 15:51:25.424]:         extracting C:\Program Files\NetBeans-20\netbeans\ide\modules\org-netbeans-modules-terminal.jar
[2024-01-15 15:51:25.425]:         extracting C:\Program Files\NetBeans-20\netbeans\ide\modules\org-netbeans-swing-dirchooser.jar
[2024-01-15 15:51:25.426]:         extracting C:\Program Files\NetBeans-20\netbeans\ide\modules\org-netbeans-libs-commons_net.jar
[2024-01-15 15:51:25.427]:         extracting C:\Program Files\NetBeans-20\netbeans\ide\modules\org-netbeans-modules-team-ide.jar
[2024-01-15 15:51:25.428]:         extracting C:\Program Files\NetBeans-20\netbeans\ide\modules\org-eclipse-mylyn-commons-net.jar
[2024-01-15 15:51:25.429]:         extracting C:\Program Files\NetBeans-20\netbeans\ide\modules\org-netbeans-modules-xml-core.jar
[2024-01-15 15:51:25.430]:         extracting C:\Program Files\NetBeans-20\netbeans\ide\config\Modules\org-netbeans-libs-jaxb.xml
[2024-01-15 15:51:25.430]:         extracting C:\Program Files\NetBeans-20\netbeans\platform\update_tracking\org-openide-text.xml
[2024-01-15 15:51:25.431]:         extracting C:\Program Files\NetBeans-20\netbeans\platform\update_tracking\org-openide-util.xml
[2024-01-15 15:51:25.431]:         extracting C:\Program Files\NetBeans-20\netbeans\platform\modules\lib\amd64\jnidispatch-nb.dll
[2024-01-15 15:51:25.433]:         extracting C:\Program Files\NetBeans-20\netbeans\platform\modules\org-apache-commons-lang3.jar
[2024-01-15 15:51:25.436]:         extracting C:\Program Files\NetBeans-20\netbeans\platform\modules\org-netbeans-libs-testng.jar
[2024-01-15 15:51:25.436]:         extracting C:\Program Files\NetBeans-20\netbeans\platform\modules\ext\batik-constants-1.16.jar
[2024-01-15 15:51:25.437]:         extracting C:\Program Files\NetBeans-20\netbeans\platform\modules\org-netbeans-libs-junit4.jar
[2024-01-15 15:51:25.438]:         extracting C:\Program Files\NetBeans-20\netbeans\platform\modules\org-netbeans-libs-junit5.jar
[2024-01-15 15:51:25.439]:         extracting C:\Program Files\NetBeans-20\netbeans\platform\modules\org-apache-commons-codec.jar
[2024-01-15 15:51:25.440]:         extracting C:\Program Files\NetBeans-20\netbeans\platform\modules\org-netbeans-libs-javafx.jar
[2024-01-15 15:51:25.441]:         extracting C:\Program Files\NetBeans-20\netbeans\platform\modules\org-netbeans-libs-jsr223.jar
[2024-01-15 15:51:25.442]:         extracting C:\Program Files\NetBeans-20\netbeans\platform\config\Modules\org-openide-nodes.xml
[2024-01-15 15:51:25.442]:         extracting C:\Program Files\NetBeans-20\netbeans\platform\config\Modules\org-netbeans-core.xml
[2024-01-15 15:51:25.443]:         extracting C:\Program Files\NetBeans-20\netbeans\platform\config\Modules\net-java-html-geo.xml
[2024-01-15 15:51:25.443]:         extracting C:\Program Files\NetBeans-20\netbeans\extide\modules\gradle\gradle-tooling-api.jar
[2024-01-15 15:51:25.452]:         extracting C:\Program Files\NetBeans-20\netbeans\harness\nbi\stub\ext\engine\build.properties
[2024-01-15 15:51:25.455]:         extracting C:\Program Files\NetBeans-20\netbeans\nb\update_tracking\org-netbeans-upgrader.xml
[2024-01-15 15:51:25.456]:         extracting C:\Program Files\NetBeans-20\netbeans\ide\bin\nativeexecution\SunOS-sparc_64\privp
[2024-01-15 15:51:25.457]:         extracting C:\Program Files\NetBeans-20\netbeans\ide\bin\nativeexecution\Linux-x86_64\killall
[2024-01-15 15:51:25.458]:         extracting C:\Program Files\NetBeans-20\netbeans\ide\bin\nativeexecution\Windows-x86\pty_open
[2024-01-15 15:51:25.458]:         extracting C:\Program Files\NetBeans-20\netbeans\ide\bin\nativeexecution\Windows-x86\sigqueue
[2024-01-15 15:51:25.459]:         extracting C:\Program Files\NetBeans-20\netbeans\ide\bin\nativeexecution\SunOS-x86_64\killall
[2024-01-15 15:51:25.459]:         extracting C:\Program Files\NetBeans-20\netbeans\ide\update_tracking\org-netbeans-api-lsp.xml
[2024-01-15 15:51:25.459]:         extracting C:\Program Files\NetBeans-20\netbeans\ide\update_tracking\org-eclipse-core-net.xml
[2024-01-15 15:51:25.459]:         extracting C:\Program Files\NetBeans-20\netbeans\ide\update_tracking\org-netbeans-api-xml.xml
[2024-01-15 15:51:25.459]:         extracting C:\Program Files\NetBeans-20\netbeans\ide\update_tracking\org-eclipse-jgit-lfs.xml
[2024-01-15 15:51:25.459]:         extracting C:\Program Files\NetBeans-20\netbeans\ide\modules\org-eclipse-mylyn-tasks-core.jar
[2024-01-15 15:51:25.459]:         extracting C:\Program Files\NetBeans-20\netbeans\ide\modules\org-netbeans-modules-db-core.jar
[2024-01-15 15:51:25.459]:         extracting C:\Program Files\NetBeans-20\netbeans\ide\modules\org-netbeans-modules-xml-xam.jar
[2024-01-15 15:51:25.470]:         extracting C:\Program Files\NetBeans-20\netbeans\ide\modules\org-netbeans-modules-go-lang.jar
[2024-01-15 15:51:25.470]:         extracting C:\Program Files\NetBeans-20\netbeans\ide\modules\org-netbeans-modules-csl-api.jar
[2024-01-15 15:51:25.470]:         extracting C:\Program Files\NetBeans-20\netbeans\ide\modules\ext\junixsocket-common-2.5.1.jar
[2024-01-15 15:51:25.470]:         extracting C:\Program Files\NetBeans-20\netbeans\ide\modules\ext\flexmark-util-ast-0.64.6.jar
[2024-01-15 15:51:25.470]:         extracting C:\Program Files\NetBeans-20\netbeans\ide\modules\ext\org.eclipse.lsp4j-0.13.0.jar
[2024-01-15 15:51:25.486]:         extracting C:\Program Files\NetBeans-20\netbeans\ide\modules\org-netbeans-libs-truffleapi.jar
[2024-01-15 15:51:25.486]:         extracting C:\Program Files\NetBeans-20\netbeans\ide\modules\org-netbeans-modules-xml-tax.jar
[2024-01-15 15:51:25.486]:         extracting C:\Program Files\NetBeans-20\netbeans\ide\modules\org-eclipse-core-contenttype.jar
[2024-01-15 15:51:25.486]:         extracting C:\Program Files\NetBeans-20\netbeans\ide\modules\org-netbeans-modules-css-lib.jar
[2024-01-15 15:51:25.486]:         extracting C:\Program Files\NetBeans-20\netbeans\ide\modules\org-netbeans-spi-debugger-ui.jar
[2024-01-15 15:51:25.504]:         extracting C:\Program Files\NetBeans-20\netbeans\ide\modules\org-netbeans-modules-xml-xdm.jar
[2024-01-15 15:51:25.506]:         extracting C:\Program Files\NetBeans-20\netbeans\ide\modules\org-eclipse-equinox-security.jar
[2024-01-15 15:51:25.508]:         extracting C:\Program Files\NetBeans-20\netbeans\ide\modules\org-netbeans-modules-ide-kit.jar
[2024-01-15 15:51:25.509]:         extracting C:\Program Files\NetBeans-20\netbeans\ide\modules\org-netbeans-modules-xml-axi.jar
[2024-01-15 15:51:25.511]:         extracting C:\Program Files\NetBeans-20\netbeans\ide\modules\org-netbeans-libs-freemarker.jar
[2024-01-15 15:51:25.512]:         extracting C:\Program Files\NetBeans-20\netbeans\ide\modules\org-eclipse-equinox-registry.jar
[2024-01-15 15:51:25.514]:         extracting C:\Program Files\NetBeans-20\netbeans\ide\config\Modules\org-netbeans-core-ide.xml
[2024-01-15 15:51:25.514]:         extracting C:\Program Files\NetBeans-20\netbeans\ide\config\Modules\org-eclipse-core-jobs.xml
[2024-01-15 15:51:25.515]:         extracting C:\Program Files\NetBeans-20\netbeans\ide\config\Modules\org-netbeans-libs-git.xml
[2024-01-15 15:51:25.516]:         extracting C:\Program Files\NetBeans-20\netbeans\platform\update_tracking\org-openide-awt.xml
[2024-01-15 15:51:25.517]:         extracting C:\Program Files\NetBeans-20\netbeans\platform\modules\lib\flatlaf-windows-x86.dll
[2024-01-15 15:51:25.518]:         extracting C:\Program Files\NetBeans-20\netbeans\platform\modules\org-netbeans-swing-plaf.jar
[2024-01-15 15:51:25.520]:         extracting C:\Program Files\NetBeans-20\netbeans\platform\modules\org-netbeans-api-intent.jar
[2024-01-15 15:51:25.521]:         extracting C:\Program Files\NetBeans-20\netbeans\platform\modules\org-openide-util-ui-svg.jar
[2024-01-15 15:51:25.521]:         extracting C:\Program Files\NetBeans-20\netbeans\platform\modules\ext\batik-awt-util-1.16.jar
[2024-01-15 15:51:25.521]:         extracting C:\Program Files\NetBeans-20\netbeans\platform\modules\ext\jna-platform-5.12.1.jar
[2024-01-15 15:51:25.521]:         extracting C:\Program Files\NetBeans-20\netbeans\platform\modules\ext\xml-apis-ext-1.3.04.jar
[2024-01-15 15:51:25.521]:         extracting C:\Program Files\NetBeans-20\netbeans\platform\modules\org-netbeans-api-visual.jar
[2024-01-15 15:51:25.538]:         extracting C:\Program Files\NetBeans-20\netbeans\platform\modules\org-netbeans-api-search.jar
[2024-01-15 15:51:25.539]:         extracting C:\Program Files\NetBeans-20\netbeans\platform\modules\org-netbeans-libs-felix.jar
[2024-01-15 15:51:25.539]:         extracting C:\Program Files\NetBeans-20\netbeans\platform\modules\org-netbeans-html-xhr4j.jar
[2024-01-15 15:51:25.539]:         extracting C:\Program Files\NetBeans-20\netbeans\platform\modules\org-netbeans-api-htmlui.jar
[2024-01-15 15:51:25.539]:         extracting C:\Program Files\NetBeans-20\netbeans\platform\modules\org-netbeans-core-io-ui.jar
[2024-01-15 15:51:25.539]:         extracting C:\Program Files\NetBeans-20\netbeans\platform\config\Modules\org-openide-text.xml
[2024-01-15 15:51:25.539]:         extracting C:\Program Files\NetBeans-20\netbeans\nb\modules\org-netbeans-modules-welcome.jar
[2024-01-15 15:51:25.551]:         extracting C:\Program Files\NetBeans-20\netbeans\ide\bin\nativeexecution\SunOS-sparc_64\stat
[2024-01-15 15:51:25.552]:         extracting C:\Program Files\NetBeans-20\netbeans\ide\bin\nativeexecution\Linux-sparc_64\stat
[2024-01-15 15:51:25.553]:         extracting C:\Program Files\NetBeans-20\netbeans\ide\bin\nativeexecution\Windows-x86\killall
[2024-01-15 15:51:25.554]:         extracting C:\Program Files\NetBeans-20\netbeans\ide\bin\nativeexecution\MacOSX-x86\pty_open
[2024-01-15 15:51:25.555]:         extracting C:\Program Files\NetBeans-20\netbeans\ide\bin\nativeexecution\MacOSX-arm_64\privp
[2024-01-15 15:51:25.556]:         extracting C:\Program Files\NetBeans-20\netbeans\ide\modules\org-netbeans-modules-hudson.jar
[2024-01-15 15:51:25.558]:         extracting C:\Program Files\NetBeans-20\netbeans\ide\modules\org-netbeans-modules-editor.jar
[2024-01-15 15:51:25.559]:         extracting C:\Program Files\NetBeans-20\netbeans\ide\modules\ext\commons-compress-1.24.0.jar
[2024-01-15 15:51:25.559]:         extracting C:\Program Files\NetBeans-20\netbeans\ide\modules\ext\processtreekiller-2.0.1.jar
[2024-01-15 15:51:25.559]:         extracting C:\Program Files\NetBeans-20\netbeans\ide\modules\org-netbeans-modules-db-kit.jar
[2024-01-15 15:51:25.569]:         extracting C:\Program Files\NetBeans-20\netbeans\ide\modules\org-netbeans-modules-server.jar
[2024-01-15 15:51:25.571]:         extracting C:\Program Files\NetBeans-20\netbeans\ide\modules\org-netbeans-modules-jumpto.jar
[2024-01-15 15:51:25.574]:         extracting C:\Program Files\NetBeans-20\netbeans\ide\config\Modules\org-netbeans-api-lsp.xml
[2024-01-15 15:51:25.574]:         extracting C:\Program Files\NetBeans-20\netbeans\ide\config\Modules\org-eclipse-core-net.xml
[2024-01-15 15:51:25.574]:         extracting C:\Program Files\NetBeans-20\netbeans\ide\config\Modules\org-netbeans-api-xml.xml
[2024-01-15 15:51:25.574]:         extracting C:\Program Files\NetBeans-20\netbeans\ide\config\Modules\org-eclipse-jgit-lfs.xml
[2024-01-15 15:51:25.574]:         extracting C:\Program Files\NetBeans-20\netbeans\platform\update_tracking\org-openide-io.xml
[2024-01-15 15:51:25.574]:         extracting C:\Program Files\NetBeans-20\netbeans\platform\modules\lib\x86\jnidispatch-nb.dll
[2024-01-15 15:51:25.574]:         extracting C:\Program Files\NetBeans-20\netbeans\platform\modules\ext\batik-svg-dom-1.16.jar
[2024-01-15 15:51:25.574]:         extracting C:\Program Files\NetBeans-20\netbeans\platform\modules\org-netbeans-core-osgi.jar
[2024-01-15 15:51:25.574]:         extracting C:\Program Files\NetBeans-20\netbeans\platform\modules\org-netbeans-libs-osgi.jar
[2024-01-15 15:51:25.574]:         extracting C:\Program Files\NetBeans-20\netbeans\platform\modules\org-netbeans-html-ko4j.jar
[2024-01-15 15:51:25.585]:         extracting C:\Program Files\NetBeans-20\netbeans\platform\config\Modules\org-openide-awt.xml
[2024-01-15 15:51:25.585]:         extracting C:\Program Files\NetBeans-20\netbeans\nb\modules\locale\org-netbeans-core_nb.jar
[2024-01-15 15:51:25.586]:         extracting C:\Program Files\NetBeans-20\netbeans\ide\bin\nativeexecution\SunOS-sparc_64\pty
[2024-01-15 15:51:25.587]:         extracting C:\Program Files\NetBeans-20\netbeans\ide\bin\nativeexecution\Linux-sparc_64\pty
[2024-01-15 15:51:25.588]:         extracting C:\Program Files\NetBeans-20\netbeans\ide\bin\nativeexecution\Linux-x86\pty_open
[2024-01-15 15:51:25.588]:         extracting C:\Program Files\NetBeans-20\netbeans\ide\bin\nativeexecution\Linux-x86\sigqueue
[2024-01-15 15:51:25.589]:         extracting C:\Program Files\NetBeans-20\netbeans\ide\bin\nativeexecution\Windows-x86_64\pty
[2024-01-15 15:51:25.589]:         extracting C:\Program Files\NetBeans-20\netbeans\ide\bin\nativeexecution\MacOSX-x86_64\stat
[2024-01-15 15:51:25.590]:         extracting C:\Program Files\NetBeans-20\netbeans\ide\bin\nativeexecution\SunOS-x86\pty_open
[2024-01-15 15:51:25.591]:         extracting C:\Program Files\NetBeans-20\netbeans\ide\bin\nativeexecution\SunOS-x86\sigqueue
[2024-01-15 15:51:25.591]:         extracting C:\Program Files\NetBeans-20\netbeans\ide\bin\nativeexecution\Linux-aarch64\stat
[2024-01-15 15:51:25.592]:         extracting C:\Program Files\NetBeans-20\netbeans\ide\bin\nativeexecution\MacOSX-x86\killall
[2024-01-15 15:51:25.592]:         extracting C:\Program Files\NetBeans-20\netbeans\ide\modules\org-apache-ws-commons-util.jar
[2024-01-15 15:51:25.592]:         extracting C:\Program Files\NetBeans-20\netbeans\ide\modules\org-netbeans-modules-derby.jar
[2024-01-15 15:51:25.592]:         extracting C:\Program Files\NetBeans-20\netbeans\ide\modules\ext\simplevalidation-swing.jar
[2024-01-15 15:51:25.592]:         extracting C:\Program Files\NetBeans-20\netbeans\ide\modules\ext\launcher-common-20.3.0.jar
[2024-01-15 15:51:25.603]:         extracting C:\Program Files\NetBeans-20\netbeans\ide\modules\dict\dictionary_en.description
[2024-01-15 15:51:25.603]:         extracting C:\Program Files\NetBeans-20\netbeans\ide\modules\org-netbeans-libs-graalsdk.jar
[2024-01-15 15:51:25.605]:         extracting C:\Program Files\NetBeans-20\netbeans\ide\modules\org-eclipse-equinox-common.jar
[2024-01-15 15:51:25.606]:         extracting C:\Program Files\NetBeans-20\netbeans\ide\modules\org-netbeans-modules-image.jar
[2024-01-15 15:51:25.608]:         extracting C:\Program Files\NetBeans-20\netbeans\ide\modules\org-netbeans-libs-flexmark.jar
[2024-01-15 15:51:25.609]:         extracting C:\Program Files\NetBeans-20\netbeans\ide\modules\org-netbeans-libs-jcodings.jar
[2024-01-15 15:51:25.610]:         extracting C:\Program Files\NetBeans-20\netbeans\ide\modules\org-netbeans-spi-viewmodel.jar
[2024-01-15 15:51:25.612]:         extracting C:\Program Files\NetBeans-20\netbeans\ide\modules\org-netbeans-spi-navigator.jar
[2024-01-15 15:51:25.613]:         extracting C:\Program Files\NetBeans-20\netbeans\ide\modules\org-netbeans-modules-lexer.jar
[2024-01-15 15:51:25.616]:         extracting C:\Program Files\NetBeans-20\netbeans\ide\modules\org-netbeans-modules-dbapi.jar
[2024-01-15 15:51:25.617]:         extracting C:\Program Files\NetBeans-20\netbeans\platform\update_tracking\net-java-html.xml
[2024-01-15 15:51:25.618]:         extracting C:\Program Files\NetBeans-20\netbeans\platform\modules\net-java-html-boot-fx.jar
[2024-01-15 15:51:25.620]:         extracting C:\Program Files\NetBeans-20\netbeans\platform\modules\ext\batik-script-1.16.jar
[2024-01-15 15:51:25.620]:         extracting C:\Program Files\NetBeans-20\netbeans\platform\modules\ext\hamcrest-core-1.3.jar
[2024-01-15 15:51:25.622]:         extracting C:\Program Files\NetBeans-20\netbeans\platform\modules\ext\batik-parser-1.16.jar
[2024-01-15 15:51:25.623]:         extracting C:\Program Files\NetBeans-20\netbeans\platform\modules\ext\commons-io-2.13.0.jar
[2024-01-15 15:51:25.624]:         extracting C:\Program Files\NetBeans-20\netbeans\platform\modules\ext\batik-bridge-1.16.jar
[2024-01-15 15:51:25.624]:         extracting C:\Program Files\NetBeans-20\netbeans\platform\modules\org-openide-execution.jar
[2024-01-15 15:51:25.624]:         extracting C:\Program Files\NetBeans-20\netbeans\platform\modules\org-netbeans-libs-jna.jar
[2024-01-15 15:51:25.624]:         extracting C:\Program Files\NetBeans-20\netbeans\platform\config\Modules\org-openide-io.xml
[2024-01-15 15:51:25.624]:         extracting C:\Program Files\NetBeans-20\netbeans\harness\nbi\stub\ext\infra\build\products
[2024-01-15 15:51:25.624]:         extracting C:\Program Files\NetBeans-20\netbeans\ide\bin\nativeexecution\Linux-x86_64\stat
[2024-01-15 15:51:25.624]:         extracting C:\Program Files\NetBeans-20\netbeans\ide\bin\nativeexecution\Linux-x86\killall
[2024-01-15 15:51:25.624]:         extracting C:\Program Files\NetBeans-20\netbeans\ide\bin\nativeexecution\MacOSX-x86_64\pty
[2024-01-15 15:51:25.624]:         extracting C:\Program Files\NetBeans-20\netbeans\ide\bin\nativeexecution\SunOS-x86\killall
[2024-01-15 15:51:25.635]:         extracting C:\Program Files\NetBeans-20\netbeans\ide\bin\nativeexecution\Linux-aarch64\pty
[2024-01-15 15:51:25.635]:         extracting C:\Program Files\NetBeans-20\netbeans\ide\bin\nativeexecution\SunOS-x86_64\stat
[2024-01-15 15:51:25.636]:         extracting C:\Program Files\NetBeans-20\netbeans\ide\bin\nativeexecution\MacOSX-arm_64\pty
[2024-01-15 15:51:25.636]:         extracting C:\Program Files\NetBeans-20\netbeans\ide\update_tracking\org-openidex-util.xml
[2024-01-15 15:51:25.637]:         extracting C:\Program Files\NetBeans-20\netbeans\ide\update_tracking\org-apache-xmlrpc.xml
[2024-01-15 15:51:25.637]:         extracting C:\Program Files\NetBeans-20\netbeans\ide\modules\org-netbeans-modules-html.jar
[2024-01-15 15:51:25.639]:         extracting C:\Program Files\NetBeans-20\netbeans\ide\modules\org-eclipse-jgit-ssh-jsch.jar
[2024-01-15 15:51:25.640]:         extracting C:\Program Files\NetBeans-20\netbeans\ide\modules\org-netbeans-modules-diff.jar
[2024-01-15 15:51:25.641]:         extracting C:\Program Files\NetBeans-20\netbeans\ide\modules\org-netbeans-core-browser.jar
[2024-01-15 15:51:25.641]:         extracting C:\Program Files\NetBeans-20\netbeans\ide\modules\ext\antlr4-runtime-4.11.1.jar
[2024-01-15 15:51:25.641]:         extracting C:\Program Files\NetBeans-20\netbeans\ide\modules\ext\webserver-annotations.jar
[2024-01-15 15:51:25.641]:         extracting C:\Program Files\NetBeans-20\netbeans\ide\modules\org-netbeans-api-debugger.jar
[2024-01-15 15:51:25.641]:         extracting C:\Program Files\NetBeans-20\netbeans\ide\modules\org-netbeans-spi-tasklist.jar
[2024-01-15 15:51:25.651]:         extracting C:\Program Files\NetBeans-20\netbeans\platform\core\org-openide-filesystems.jar
[2024-01-15 15:51:25.655]:         extracting C:\Program Files\NetBeans-20\netbeans\platform\modules\org-openide-explorer.jar
[2024-01-15 15:51:25.655]:         extracting C:\Program Files\NetBeans-20\netbeans\platform\modules\org-netbeans-core-ui.jar
[2024-01-15 15:51:25.655]:         extracting C:\Program Files\NetBeans-20\netbeans\platform\config\Modules\net-java-html.xml
[2024-01-15 15:51:25.655]:         extracting C:\Program Files\NetBeans-20\netbeans\harness\nbi\stub\ext\components\products
[2024-01-15 15:51:25.655]:         extracting C:\Program Files\NetBeans-20\netbeans\ide\bin\nativeexecution\Linux-x86_64\pty
[2024-01-15 15:51:25.655]:         extracting C:\Program Files\NetBeans-20\netbeans\ide\bin\nativeexecution\SunOS-x86_64\pty
[2024-01-15 15:51:25.655]:         extracting C:\Program Files\NetBeans-20\netbeans\ide\docs\org\netbeans\modules\usersguide
[2024-01-15 15:51:25.655]:         extracting C:\Program Files\NetBeans-20\netbeans\ide\update_tracking\com-jcraft-jzlib.xml
[2024-01-15 15:51:25.668]:         extracting C:\Program Files\NetBeans-20\netbeans\ide\update_tracking\com-google-guava.xml
[2024-01-15 15:51:25.668]:         extracting C:\Program Files\NetBeans-20\netbeans\ide\update_tracking\org-eclipse-jgit.xml
[2024-01-15 15:51:25.669]:         extracting C:\Program Files\NetBeans-20\netbeans\ide\modules\org-netbeans-modules-xsl.jar
[2024-01-15 15:51:25.671]:         extracting C:\Program Files\NetBeans-20\netbeans\ide\modules\org-netbeans-libs-lucene.jar
[2024-01-15 15:51:25.672]:         extracting C:\Program Files\NetBeans-20\netbeans\ide\modules\org-netbeans-modules-xml.jar
[2024-01-15 15:51:25.674]:         extracting C:\Program Files\NetBeans-20\netbeans\ide\modules\org-netbeans-spi-palette.jar
[2024-01-15 15:51:25.677]:         extracting C:\Program Files\NetBeans-20\netbeans\ide\modules\org-netbeans-modules-git.jar
[2024-01-15 15:51:25.686]:         extracting C:\Program Files\NetBeans-20\netbeans\ide\modules\org-eclipse-core-runtime.jar
[2024-01-15 15:51:25.686]:         extracting C:\Program Files\NetBeans-20\netbeans\ide\modules\org-netbeans-libs-xerces.jar
[2024-01-15 15:51:25.686]:         extracting C:\Program Files\NetBeans-20\netbeans\ide\config\Modules\org-openidex-util.xml
[2024-01-15 15:51:25.686]:         extracting C:\Program Files\NetBeans-20\netbeans\ide\config\Modules\org-apache-xmlrpc.xml
[2024-01-15 15:51:25.686]:         extracting C:\Program Files\NetBeans-20\netbeans\platform\lib\org-openide-util-lookup.jar
[2024-01-15 15:51:25.686]:         extracting C:\Program Files\NetBeans-20\netbeans\platform\modules\org-openide-windows.jar
[2024-01-15 15:51:25.686]:         extracting C:\Program Files\NetBeans-20\netbeans\platform\modules\ext\batik-util-1.16.jar
[2024-01-15 15:51:25.686]:         extracting C:\Program Files\NetBeans-20\netbeans\platform\modules\ext\osgi.cmpn-7.0.0.jar
[2024-01-15 15:51:25.702]:         extracting C:\Program Files\NetBeans-20\netbeans\platform\modules\ext\jcommander-1.78.jar
[2024-01-15 15:51:25.702]:         extracting C:\Program Files\NetBeans-20\netbeans\platform\modules\ext\xml-apis-1.4.01.jar
[2024-01-15 15:51:25.702]:         extracting C:\Program Files\NetBeans-20\netbeans\platform\modules\ext\batik-i18n-1.16.jar
[2024-01-15 15:51:25.702]:         extracting C:\Program Files\NetBeans-20\netbeans\platform\modules\ext\batik-anim-1.16.jar
[2024-01-15 15:51:25.702]:         extracting C:\Program Files\NetBeans-20\netbeans\platform\modules\ext\osgi.core-8.0.0.jar
[2024-01-15 15:51:25.702]:         extracting C:\Program Files\NetBeans-20\netbeans\platform\modules\org-openide-loaders.jar
[2024-01-15 15:51:25.702]:         extracting C:\Program Files\NetBeans-20\netbeans\platform\modules\org-netbeans-api-io.jar
[2024-01-15 15:51:25.718]:         extracting C:\Program Files\NetBeans-20\netbeans\platform\modules\org-openide-actions.jar
[2024-01-15 15:51:25.720]:         extracting C:\Program Files\NetBeans-20\netbeans\platform\modules\org-openide-options.jar
[2024-01-15 15:51:25.721]:         extracting C:\Program Files\NetBeans-20\netbeans\platform\modules\org-openide-dialogs.jar
[2024-01-15 15:51:25.723]:         extracting C:\Program Files\NetBeans-20\netbeans\platform\modules\net-java-html-sound.jar
[2024-01-15 15:51:25.724]:         extracting C:\Program Files\NetBeans-20\netbeans\extide\modules\gradle\nb-tooling.gradle
[2024-01-15 15:51:25.724]:         extracting C:\Program Files\NetBeans-20\netbeans\harness\nbi\stub\ext\engine\manifest.mf
[2024-01-15 15:51:25.725]:         extracting C:\Program Files\NetBeans-20\netbeans\harness\nbi\stub\ext\infra\build\engine
[2024-01-15 15:51:25.725]:         extracting C:\Program Files\NetBeans-20\netbeans\harness\modules\org-netbeans-insane.jar
[2024-01-15 15:51:25.726]:         extracting C:\Program Files\NetBeans-20\netbeans\licenses\MIT-vscode-material-icon-theme
[2024-01-15 15:51:25.726]:         extracting C:\Program Files\NetBeans-20\netbeans\ide\bin\nativeexecution\Windows-x86\pty
[2024-01-15 15:51:25.726]:         extracting C:\Program Files\NetBeans-20\netbeans\ide\bin\nativeexecution\SunOS-x86\privp
[2024-01-15 15:51:25.726]:         extracting C:\Program Files\NetBeans-20\netbeans\ide\bin\nativeexecution\MacOSX-x86\stat
[2024-01-15 15:51:25.726]:         extracting C:\Program Files\NetBeans-20\netbeans\ide\update_tracking\com-jcraft-jsch.xml
[2024-01-15 15:51:25.726]:         extracting C:\Program Files\NetBeans-20\netbeans\ide\update_tracking\com-google-gson.xml
[2024-01-15 15:51:25.726]:         extracting C:\Program Files\NetBeans-20\netbeans\ide\modules\org-netbeans-api-xml-ui.jar
[2024-01-15 15:51:25.726]:         extracting C:\Program Files\NetBeans-20\netbeans\ide\modules\org-eclipse-equinox-app.jar
[2024-01-15 15:51:25.726]:         extracting C:\Program Files\NetBeans-20\netbeans\ide\modules\org-apache-commons-lang.jar
[2024-01-15 15:51:25.726]:         extracting C:\Program Files\NetBeans-20\netbeans\ide\modules\org-netbeans-libs-tomlj.jar
[2024-01-15 15:51:25.735]:         extracting C:\Program Files\NetBeans-20\netbeans\ide\modules\org-apache-xml-resolver.jar
[2024-01-15 15:51:25.735]:         extracting C:\Program Files\NetBeans-20\netbeans\ide\modules\ext\antlr-runtime-3.5.2.jar
[2024-01-15 15:51:25.737]:         extracting C:\Program Files\NetBeans-20\netbeans\ide\modules\org-netbeans-libs-ini4j.jar
[2024-01-15 15:51:25.738]:         extracting C:\Program Files\NetBeans-20\netbeans\ide\modules\org-eclipse-jgit-gpg-bc.jar
[2024-01-15 15:51:25.739]:         extracting C:\Program Files\NetBeans-20\netbeans\ide\modules\org-netbeans-modules-db.jar
[2024-01-15 15:51:25.744]:         extracting C:\Program Files\NetBeans-20\netbeans\ide\config\Modules\com-jcraft-jzlib.xml
[2024-01-15 15:51:25.745]:         extracting C:\Program Files\NetBeans-20\netbeans\ide\config\Modules\com-google-guava.xml
[2024-01-15 15:51:25.745]:         extracting C:\Program Files\NetBeans-20\netbeans\ide\config\Modules\org-eclipse-jgit.xml
[2024-01-15 15:51:25.746]:         extracting C:\Program Files\NetBeans-20\netbeans\platform\core\org-netbeans-libs-asm.jar
[2024-01-15 15:51:25.747]:         extracting C:\Program Files\NetBeans-20\netbeans\platform\docs\testng-6.13.1-javadoc.jar
[2024-01-15 15:51:25.752]:         extracting C:\Program Files\NetBeans-20\netbeans\platform\modules\ext\batik-gvt-1.16.jar
[2024-01-15 15:51:25.752]:         extracting C:\Program Files\NetBeans-20\netbeans\platform\modules\ext\batik-dom-1.16.jar
[2024-01-15 15:51:25.752]:         extracting C:\Program Files\NetBeans-20\netbeans\platform\modules\ext\batik-ext-1.16.jar
[2024-01-15 15:51:25.752]:         extracting C:\Program Files\NetBeans-20\netbeans\platform\modules\ext\batik-css-1.16.jar
[2024-01-15 15:51:25.752]:         extracting C:\Program Files\NetBeans-20\netbeans\platform\modules\ext\batik-xml-1.16.jar
[2024-01-15 15:51:25.752]:         extracting C:\Program Files\NetBeans-20\netbeans\platform\modules\org-openide-compat.jar
[2024-01-15 15:51:25.752]:         extracting C:\Program Files\NetBeans-20\netbeans\platform\modules\net-java-html-json.jar
[2024-01-15 15:51:25.752]:         extracting C:\Program Files\NetBeans-20\netbeans\platform\modules\net-java-html-boot.jar
[2024-01-15 15:51:25.752]:         extracting C:\Program Files\NetBeans-20\netbeans\extide\ant\lib\ant-apache-resolver.jar
[2024-01-15 15:51:25.752]:         extracting C:\Program Files\NetBeans-20\netbeans\extide\ant\lib\ant-commons-logging.jar
[2024-01-15 15:51:25.752]:         extracting C:\Program Files\NetBeans-20\netbeans\extide\ant\etc\junit-frames-xalan1.xsl
[2024-01-15 15:51:25.752]:         extracting C:\Program Files\NetBeans-20\netbeans\harness\nbi\.common\product.properties
[2024-01-15 15:51:25.752]:         extracting C:\Program Files\NetBeans-20\netbeans\harness\nbi\stub\ext\engine\src\native
[2024-01-15 15:51:25.752]:         extracting C:\Program Files\NetBeans-20\netbeans\ide\bin\nativeexecution\SunOS-sparc_64
[2024-01-15 15:51:25.752]:         extracting C:\Program Files\NetBeans-20\netbeans\ide\bin\nativeexecution\Linux-sparc_64
[2024-01-15 15:51:25.752]:         extracting C:\Program Files\NetBeans-20\netbeans\ide\bin\nativeexecution\Linux-x86\stat
[2024-01-15 15:51:25.752]:         extracting C:\Program Files\NetBeans-20\netbeans\ide\bin\nativeexecution\Windows-x86_64
[2024-01-15 15:51:25.752]:         extracting C:\Program Files\NetBeans-20\netbeans\ide\bin\nativeexecution\SunOS-x86\stat
[2024-01-15 15:51:25.752]:         extracting C:\Program Files\NetBeans-20\netbeans\ide\bin\nativeexecution\MacOSX-x86\pty
[2024-01-15 15:51:25.752]:         extracting C:\Program Files\NetBeans-20\netbeans\ide\modules\org-netbeans-libs-jaxb.jar
[2024-01-15 15:51:25.768]:         extracting C:\Program Files\NetBeans-20\netbeans\ide\modules\ext\truffle-api-20.3.0.jar
[2024-01-15 15:51:25.788]:         extracting C:\Program Files\NetBeans-20\netbeans\ide\config\Modules\com-jcraft-jsch.xml
[2024-01-15 15:51:25.789]:         extracting C:\Program Files\NetBeans-20\netbeans\ide\config\Modules\com-google-gson.xml
[2024-01-15 15:51:25.789]:         extracting C:\Program Files\NetBeans-20\netbeans\platform\docs\junit-4.13.2-sources.jar
[2024-01-15 15:51:25.789]:         extracting C:\Program Files\NetBeans-20\netbeans\platform\docs\junit-4.13.2-javadoc.jar
[2024-01-15 15:51:25.789]:         extracting C:\Program Files\NetBeans-20\netbeans\platform\modules\org-netbeans-core.jar
[2024-01-15 15:51:25.801]:         extracting C:\Program Files\NetBeans-20\netbeans\platform\modules\ext\testng-6.14.3.jar
[2024-01-15 15:51:25.805]:         extracting C:\Program Files\NetBeans-20\netbeans\platform\modules\ext\flatlaf-3.2.5.jar
[2024-01-15 15:51:25.809]:         extracting C:\Program Files\NetBeans-20\netbeans\platform\modules\net-java-html-geo.jar
[2024-01-15 15:51:25.810]:         extracting C:\Program Files\NetBeans-20\netbeans\platform\modules\org-openide-nodes.jar
[2024-01-15 15:51:25.813]:         extracting C:\Program Files\NetBeans-20\netbeans\harness\nbi\.common\common.properties
[2024-01-15 15:51:25.813]:         extracting C:\Program Files\NetBeans-20\netbeans\harness\nbi\.common\engine.properties
[2024-01-15 15:51:25.814]:         extracting C:\Program Files\NetBeans-20\netbeans\harness\nbi\stub\ext\engine\nbproject
[2024-01-15 15:51:25.814]:         extracting C:\Program Files\NetBeans-20\netbeans\harness\nbi\stub\ext\engine\build.xml
[2024-01-15 15:51:25.815]:         extracting C:\Program Files\NetBeans-20\netbeans\harness\modules\ext\nbi-ant-tasks.jar
[2024-01-15 15:51:25.816]:         extracting C:\Program Files\NetBeans-20\netbeans\harness\modules\ext\jemmy-2.3.1.1.jar
[2024-01-15 15:51:25.823]:         extracting C:\Program Files\NetBeans-20\netbeans\ide\bin\nativeexecution\Linux-x86\pty
[2024-01-15 15:51:25.823]:         extracting C:\Program Files\NetBeans-20\netbeans\ide\bin\nativeexecution\MacOSX-x86_64
[2024-01-15 15:51:25.823]:         extracting C:\Program Files\NetBeans-20\netbeans\ide\bin\nativeexecution\SunOS-x86\pty
[2024-01-15 15:51:25.824]:         extracting C:\Program Files\NetBeans-20\netbeans\ide\bin\nativeexecution\Linux-aarch64
[2024-01-15 15:51:25.824]:         extracting C:\Program Files\NetBeans-20\netbeans\ide\bin\nativeexecution\MacOSX-arm_64
[2024-01-15 15:51:25.824]:         extracting C:\Program Files\NetBeans-20\netbeans\ide\modules\org-netbeans-libs-git.jar
[2024-01-15 15:51:25.827]:         extracting C:\Program Files\NetBeans-20\netbeans\ide\modules\ext\freemarker-2.3.30.jar
[2024-01-15 15:51:25.835]:         extracting C:\Program Files\NetBeans-20\netbeans\ide\modules\ext\postgresql-42.5.4.jar
[2024-01-15 15:51:25.835]:         extracting C:\Program Files\NetBeans-20\netbeans\ide\modules\ext\json-simple-1.1.1.jar
[2024-01-15 15:51:25.835]:         extracting C:\Program Files\NetBeans-20\netbeans\ide\modules\ext\commons-net-3.8.0.jar
[2024-01-15 15:51:25.835]:         extracting C:\Program Files\NetBeans-20\netbeans\ide\modules\ext\jaxb\api\jaxb-api.jar
[2024-01-15 15:51:25.835]:         extracting C:\Program Files\NetBeans-20\netbeans\ide\modules\ext\lucene-core-3.6.2.jar
[2024-01-15 15:51:25.850]:         extracting C:\Program Files\NetBeans-20\netbeans\ide\modules\ext\fastexcel-0.10.15.jar
[2024-01-15 15:51:25.850]:         extracting C:\Program Files\NetBeans-20\netbeans\ide\modules\org-eclipse-core-jobs.jar
[2024-01-15 15:51:25.850]:         extracting C:\Program Files\NetBeans-20\netbeans\ide\modules\org-netbeans-core-ide.jar
[2024-01-15 15:51:25.850]:         extracting C:\Program Files\NetBeans-20\netbeans\platform\modules\ext\junit-4.13.2.jar
[2024-01-15 15:51:25.850]:         extracting C:\Program Files\NetBeans-20\netbeans\platform\modules\org-openide-text.jar
[2024-01-15 15:51:25.850]:         extracting C:\Program Files\NetBeans-20\netbeans\extide\ant\lib\ant-junitlauncher.jar
[2024-01-15 15:51:25.850]:         extracting C:\Program Files\NetBeans-20\netbeans\extide\ant\lib\ant-apache-xalan2.jar
[2024-01-15 15:51:25.850]:         extracting C:\Program Files\NetBeans-20\netbeans\extide\ant\lib\ant-apache-regexp.jar
[2024-01-15 15:51:25.850]:         extracting C:\Program Files\NetBeans-20\netbeans\harness\nbi\.common\group.properties
[2024-01-15 15:51:25.850]:         extracting C:\Program Files\NetBeans-20\netbeans\harness\nbi\stub\ext\engine\src\data
[2024-01-15 15:51:25.850]:         extracting C:\Program Files\NetBeans-20\netbeans\nb\docs\SwingInteropDescription.html
[2024-01-15 15:51:25.850]:         extracting C:\Program Files\NetBeans-20\netbeans\nb\modules\ext\locale\updater_nb.jar
[2024-01-15 15:51:25.850]:         extracting C:\Program Files\NetBeans-20\netbeans\licenses\Apache-2.0-XML-Commons-APIs
[2024-01-15 15:51:25.850]:         extracting C:\Program Files\NetBeans-20\netbeans\ide\bin\nativeexecution\Linux-x86_64
[2024-01-15 15:51:25.850]:         extracting C:\Program Files\NetBeans-20\netbeans\ide\bin\nativeexecution\SunOS-x86_64
[2024-01-15 15:51:25.850]:         extracting C:\Program Files\NetBeans-20\netbeans\ide\modules\ext\graal-sdk-20.3.0.jar
[2024-01-15 15:51:25.866]:         extracting C:\Program Files\NetBeans-20\netbeans\ide\modules\ext\snakeyaml-engine.jar
[2024-01-15 15:51:25.866]:         extracting C:\Program Files\NetBeans-20\netbeans\ide\modules\ext\org-netbeans-tax.jar
[2024-01-15 15:51:25.866]:         extracting C:\Program Files\NetBeans-20\netbeans\ide\modules\ext\simplevalidation.jar
[2024-01-15 15:51:25.866]:         extracting C:\Program Files\NetBeans-20\netbeans\ide\modules\org-netbeans-api-xml.jar
[2024-01-15 15:51:25.866]:         extracting C:\Program Files\NetBeans-20\netbeans\ide\modules\org-eclipse-jgit-lfs.jar
[2024-01-15 15:51:25.866]:         extracting C:\Program Files\NetBeans-20\netbeans\ide\modules\org-netbeans-api-lsp.jar
[2024-01-15 15:51:25.866]:         extracting C:\Program Files\NetBeans-20\netbeans\ide\modules\org-eclipse-core-net.jar
[2024-01-15 15:51:25.866]:         extracting C:\Program Files\NetBeans-20\netbeans\platform\lib\org-openide-modules.jar
[2024-01-15 15:51:25.866]:         extracting C:\Program Files\NetBeans-20\netbeans\platform\lib\org-openide-util-ui.jar
[2024-01-15 15:51:25.866]:         extracting C:\Program Files\NetBeans-20\netbeans\platform\modules\org-openide-awt.jar
[2024-01-15 15:51:25.882]:         extracting C:\Program Files\NetBeans-20\netbeans\extide\ant\lib\ant-apache-log4j.jar
[2024-01-15 15:51:25.882]:         extracting C:\Program Files\NetBeans-20\netbeans\extide\modules\gradle\daemon-loader
[2024-01-15 15:51:25.882]:         extracting C:\Program Files\NetBeans-20\netbeans\harness\nbi\stub\ext\engine\src\org
[2024-01-15 15:51:25.882]:         extracting C:\Program Files\NetBeans-20\netbeans\nb\docs\GUIExamplesDescription.html
[2024-01-15 15:51:25.882]:         extracting C:\Program Files\NetBeans-20\netbeans\ide\bin\nativeexecution\hostinfo.sh
[2024-01-15 15:51:25.882]:         extracting C:\Program Files\NetBeans-20\netbeans\ide\bin\nativeexecution\Windows-x86
[2024-01-15 15:51:25.882]:         extracting C:\Program Files\NetBeans-20\netbeans\ide\update_tracking\slf4j-jdk14.xml
[2024-01-15 15:51:25.882]:         extracting C:\Program Files\NetBeans-20\netbeans\ide\modules\ext\commons-csv-1.8.jar
[2024-01-15 15:51:25.882]:         extracting C:\Program Files\NetBeans-20\netbeans\ide\modules\ext\flexmark-0.64.6.jar
[2024-01-15 15:51:25.882]:         extracting C:\Program Files\NetBeans-20\netbeans\ide\modules\ext\jcodings-1.0.18.jar
[2024-01-15 15:51:25.882]:         extracting C:\Program Files\NetBeans-20\netbeans\ide\modules\ext\jaxb\activation.jar
[2024-01-15 15:51:25.897]:         extracting C:\Program Files\NetBeans-20\netbeans\platform\modules\org-openide-io.jar
[2024-01-15 15:51:25.897]:         extracting C:\Program Files\NetBeans-20\netbeans\platform\modules\ext\jna-5.12.1.jar
[2024-01-15 15:51:25.897]:         extracting C:\Program Files\NetBeans-20\netbeans\extide\ant\lib\ant-apache-bcel.jar
[2024-01-15 15:51:25.897]:         extracting C:\Program Files\NetBeans-20\netbeans\extide\ant\lib\ant-jakartamail.jar
[2024-01-15 15:51:25.897]:         extracting C:\Program Files\NetBeans-20\netbeans\extide\ant\lib\ant-commons-net.jar
[2024-01-15 15:51:25.897]:         extracting C:\Program Files\NetBeans-20\netbeans\extide\ant\bin\complete-ant-cmd.pl
[2024-01-15 15:51:25.897]:         extracting C:\Program Files\NetBeans-20\netbeans\extide\ant\etc\coverage-frames.xsl
[2024-01-15 15:51:25.897]:         extracting C:\Program Files\NetBeans-20\netbeans\extide\ant\etc\mmetrics-frames.xsl
[2024-01-15 15:51:25.897]:         extracting C:\Program Files\NetBeans-20\netbeans\harness\docs\jemmy-2.3.1.1-src.zip
[2024-01-15 15:51:25.913]:         extracting C:\Program Files\NetBeans-20\netbeans\harness\docs\jemmy-2.3.1.1-doc.zip
[2024-01-15 15:51:25.913]:         extracting C:\Program Files\NetBeans-20\netbeans\harness\modules\ext\nbi-engine.jar
[2024-01-15 15:51:25.913]:         extracting C:\Program Files\NetBeans-20\netbeans\licenses\MIT-cpp-textmate-grammars
[2024-01-15 15:51:25.913]:         extracting C:\Program Files\NetBeans-20\netbeans\ide\bin\nativeexecution\MacOSX-x86
[2024-01-15 15:51:25.913]:         extracting C:\Program Files\NetBeans-20\netbeans\ide\modules\ext\adapter-javahl.jar
[2024-01-15 15:51:25.913]:         extracting C:\Program Files\NetBeans-20\netbeans\ide\modules\ext\jaxb\jaxb-impl.jar
[2024-01-15 15:51:25.928]:         extracting C:\Program Files\NetBeans-20\netbeans\ide\config\Modules\slf4j-jdk14.xml
[2024-01-15 15:51:25.928]:         extracting C:\Program Files\NetBeans-20\netbeans\platform\modules\lib\riscv64\linux
[2024-01-15 15:51:25.928]:         extracting C:\Program Files\NetBeans-20\netbeans\platform\modules\lib\aarch64\linux
[2024-01-15 15:51:25.928]:         extracting C:\Program Files\NetBeans-20\netbeans\platform\modules\net-java-html.jar
[2024-01-15 15:51:25.928]:         extracting C:\Program Files\NetBeans-20\netbeans\extide\ant\lib\ant-apache-oro.jar
[2024-01-15 15:51:25.928]:         extracting C:\Program Files\NetBeans-20\netbeans\extide\ant\lib\ant-apache-bsf.jar
[2024-01-15 15:51:25.928]:         extracting C:\Program Files\NetBeans-20\netbeans\extide\ant\etc\jdepend-frames.xsl
[2024-01-15 15:51:25.928]:         extracting C:\Program Files\NetBeans-20\netbeans\extide\ant\etc\junit-noframes.xsl
[2024-01-15 15:51:25.928]:         extracting C:\Program Files\NetBeans-20\netbeans\harness\nbi\stub\build.properties
[2024-01-15 15:51:25.928]:         extracting C:\Program Files\NetBeans-20\netbeans\nb\core\org-netbeans-upgrader.jar
[2024-01-15 15:51:25.928]:         extracting C:\Program Files\NetBeans-20\netbeans\ide\bin\nativeexecution\Linux-x86
[2024-01-15 15:51:25.928]:         extracting C:\Program Files\NetBeans-20\netbeans\ide\bin\nativeexecution\SunOS-x86
[2024-01-15 15:51:25.928]:         extracting C:\Program Files\NetBeans-20\netbeans\ide\update_tracking\slf4j-api.xml
[2024-01-15 15:51:25.928]:         extracting C:\Program Files\NetBeans-20\netbeans\ide\modules\ext\jaxb\jaxb-xjc.jar
[2024-01-15 15:51:25.944]:         extracting C:\Program Files\NetBeans-20\netbeans\ide\modules\ext\derbysampledb.zip
[2024-01-15 15:51:25.944]:         extracting C:\Program Files\NetBeans-20\netbeans\ide\modules\org-apache-xmlrpc.jar
[2024-01-15 15:51:25.944]:         extracting C:\Program Files\NetBeans-20\netbeans\ide\modules\org-openidex-util.jar
[2024-01-15 15:51:25.944]:         extracting C:\Program Files\NetBeans-20\netbeans\platform\lib\org-openide-util.jar
[2024-01-15 15:51:25.953]:         extracting C:\Program Files\NetBeans-20\netbeans\platform\core\asm-commons-9.5.jar
[2024-01-15 15:51:25.955]:         extracting C:\Program Files\NetBeans-20\netbeans\extide\ant\etc\maudit-frames.xsl
[2024-01-15 15:51:25.956]:         extracting C:\Program Files\NetBeans-20\netbeans\extide\ant\etc\ant-bootstrap.jar
[2024-01-15 15:51:25.956]:         extracting C:\Program Files\NetBeans-20\netbeans\harness\launchers\pre7_app_w.exe
[2024-01-15 15:51:25.958]:         extracting C:\Program Files\NetBeans-20\netbeans\harness\etc\applicationIcon.icns
[2024-01-15 15:51:25.959]:         extracting C:\Program Files\NetBeans-20\netbeans\harness\nbi\stub\tmpl.properties
[2024-01-15 15:51:25.959]:         extracting C:\Program Files\NetBeans-20\netbeans\harness\nbi\stub\ext\infra\build
[2024-01-15 15:51:25.959]:         extracting C:\Program Files\NetBeans-20\netbeans\ide\bin\nativeexecution\dorun.sh
[2024-01-15 15:51:25.960]:         extracting C:\Program Files\NetBeans-20\netbeans\ide\modules\lib\extbrowser64.dll
[2024-01-15 15:51:25.962]:         extracting C:\Program Files\NetBeans-20\netbeans\ide\modules\com-jcraft-jzlib.jar
[2024-01-15 15:51:25.963]:         extracting C:\Program Files\NetBeans-20\netbeans\ide\modules\ext\jsoup-1.15.4.jar
[2024-01-15 15:51:25.965]:         extracting C:\Program Files\NetBeans-20\netbeans\ide\modules\ext\xerces-2.8.0.jar
[2024-01-15 15:51:25.970]:         extracting C:\Program Files\NetBeans-20\netbeans\ide\modules\ext\resolver-1.2.jar
[2024-01-15 15:51:25.970]:         extracting C:\Program Files\NetBeans-20\netbeans\ide\modules\ext\adapter-base.jar
[2024-01-15 15:51:25.970]:         extracting C:\Program Files\NetBeans-20\netbeans\ide\modules\ext\opczip-1.2.0.jar
[2024-01-15 15:51:25.970]:         extracting C:\Program Files\NetBeans-20\netbeans\ide\modules\ext\html5-parser.jar
[2024-01-15 15:51:25.970]:         extracting C:\Program Files\NetBeans-20\netbeans\ide\modules\com-google-guava.jar
[2024-01-15 15:51:25.986]:         extracting C:\Program Files\NetBeans-20\netbeans\ide\modules\org-eclipse-jgit.jar
[2024-01-15 15:51:25.986]:         extracting C:\Program Files\NetBeans-20\netbeans\ide\config\Modules\slf4j-api.xml
[2024-01-15 15:51:25.986]:         extracting C:\Program Files\NetBeans-20\netbeans\platform\modules\lib\amd64\linux
[2024-01-15 15:51:25.986]:         extracting C:\Program Files\NetBeans-20\netbeans\platform\modules\ext\updater.jar
[2024-01-15 15:51:26.001]:         extracting C:\Program Files\NetBeans-20\netbeans\extide\ant\lib\ant-launcher.jar
[2024-01-15 15:51:26.003]:         extracting C:\Program Files\NetBeans-20\netbeans\extide\ant\lib\ant-testutil.jar
[2024-01-15 15:51:26.003]:         extracting C:\Program Files\NetBeans-20\netbeans\extide\ant\lib\ant-javamail.jar
[2024-01-15 15:51:26.004]:         extracting C:\Program Files\NetBeans-20\netbeans\extide\ant\etc\junit-frames.xsl
[2024-01-15 15:51:26.004]:         extracting C:\Program Files\NetBeans-20\netbeans\harness\nbi\.common\product.xml
[2024-01-15 15:51:26.007]:         extracting C:\Program Files\NetBeans-20\netbeans\harness\nbi\stub\ext\engine\src
[2024-01-15 15:51:26.007]:         extracting C:\Program Files\NetBeans-20\netbeans\harness\nbi\stub\ext\components
[2024-01-15 15:51:26.007]:         extracting C:\Program Files\NetBeans-20\netbeans\nb\docs\images\banner-right.png
[2024-01-15 15:51:26.007]:         extracting C:\Program Files\NetBeans-20\netbeans\licenses\Apache-2.0-typescript2
[2024-01-15 15:51:26.007]:         extracting C:\Program Files\NetBeans-20\netbeans\ide\modules\ext\icu4j-4_4_2.jar
[2024-01-15 15:51:26.019]:         extracting C:\Program Files\NetBeans-20\netbeans\ide\modules\ext\ini4j-0.5.1.jar
[2024-01-15 15:51:26.035]:         extracting C:\Program Files\NetBeans-20\netbeans\ide\modules\ext\joni-2.1.11.jar
[2024-01-15 15:51:26.046]:         extracting C:\Program Files\NetBeans-20\netbeans\ide\modules\com-google-gson.jar
[2024-01-15 15:51:26.048]:         extracting C:\Program Files\NetBeans-20\netbeans\ide\modules\com-jcraft-jsch.jar
[2024-01-15 15:51:26.051]:         extracting C:\Program Files\NetBeans-20\netbeans\platform\modules\lib\i386\linux
[2024-01-15 15:51:26.051]:         extracting C:\Program Files\NetBeans-20\netbeans\extide\ant\lib\ant-imageio.jar
[2024-01-15 15:51:26.052]:         extracting C:\Program Files\NetBeans-20\netbeans\extide\ant\lib\ant-jdepend.jar
[2024-01-15 15:51:26.053]:         extracting C:\Program Files\NetBeans-20\netbeans\extide\ant\lib\ant-netrexx.jar
[2024-01-15 15:51:26.053]:         extracting C:\Program Files\NetBeans-20\netbeans\harness\launchers\pre7_app.exe
[2024-01-15 15:51:26.055]:         extracting C:\Program Files\NetBeans-20\netbeans\harness\nbi\.common\engine.xml
[2024-01-15 15:51:26.055]:         extracting C:\Program Files\NetBeans-20\netbeans\harness\nbi\.common\common.xml
[2024-01-15 15:51:26.057]:         extracting C:\Program Files\NetBeans-20\netbeans\harness\jnlp\jnlp-launcher.jar
[2024-01-15 15:51:26.058]:         extracting C:\Program Files\NetBeans-20\netbeans\nb\docs\images\banner-left.png
[2024-01-15 15:51:26.058]:         extracting C:\Program Files\NetBeans-20\netbeans\licenses\CDDL-1.1-MIT-jaxb-xjc
[2024-01-15 15:51:26.058]:         extracting C:\Program Files\NetBeans-20\netbeans\licenses\Apache-2.0+MIT-Bindex
[2024-01-15 15:51:26.058]:         extracting C:\Program Files\NetBeans-20\netbeans\licenses\Apache-2.0-freemarker
[2024-01-15 15:51:26.058]:         extracting C:\Program Files\NetBeans-20\netbeans\licenses\Apache-2.0+MIT+testng
[2024-01-15 15:51:26.058]:         extracting C:\Program Files\NetBeans-20\netbeans\ide\update_tracking\bcpkix.xml
[2024-01-15 15:51:26.058]:         extracting C:\Program Files\NetBeans-20\netbeans\ide\update_tracking\bcprov.xml
[2024-01-15 15:51:26.058]:         extracting C:\Program Files\NetBeans-20\netbeans\ide\update_tracking\bcutil.xml
[2024-01-15 15:51:26.058]:         extracting C:\Program Files\NetBeans-20\netbeans\ide\modules\lib\extbrowser.dll
[2024-01-15 15:51:26.058]:         extracting C:\Program Files\NetBeans-20\netbeans\ide\modules\ext\langdetect.jar
[2024-01-15 15:51:26.058]:         extracting C:\Program Files\NetBeans-20\netbeans\ide\modules\ext\galimatias.jar
[2024-01-15 15:51:26.058]:         extracting C:\Program Files\NetBeans-20\netbeans\platform\core\asm-tree-9.5.jar
[2024-01-15 15:51:26.068]:         extracting C:\Program Files\NetBeans-20\netbeans\platform\config\ModuleAutoDeps
[2024-01-15 15:51:26.068]:         extracting C:\Program Files\NetBeans-20\netbeans\extide\ant\lib\ant-junit4.jar
[2024-01-15 15:51:26.070]:         extracting C:\Program Files\NetBeans-20\netbeans\harness\antlib\bindex-2.2.jar
[2024-01-15 15:51:26.072]:         extracting C:\Program Files\NetBeans-20\netbeans\harness\nbi\.common\group.xml
[2024-01-15 15:51:26.073]:         extracting C:\Program Files\NetBeans-20\netbeans\harness\nbi\stub\template.xml
[2024-01-15 15:51:26.073]:         extracting C:\Program Files\NetBeans-20\netbeans\nb\docs\images\background.png
[2024-01-15 15:51:26.074]:         extracting C:\Program Files\NetBeans-20\netbeans\nb\docs\images\down-right.png
[2024-01-15 15:51:26.079]:         extracting C:\Program Files\NetBeans-20\netbeans\licenses\BSD-antlr-go-grammar
[2024-01-15 15:51:26.080]:         extracting C:\Program Files\NetBeans-20\netbeans\licenses\BSD-antlr-runtime4-2
[2024-01-15 15:51:26.080]:         extracting C:\Program Files\NetBeans-20\netbeans\licenses\EPL-v10-with-commons
[2024-01-15 15:51:26.081]:         extracting C:\Program Files\NetBeans-20\netbeans\ide\docs\org\netbeans\modules
[2024-01-15 15:51:26.081]:         extracting C:\Program Files\NetBeans-20\netbeans\ide\modules\lib\riscv64\linux
[2024-01-15 15:51:26.081]:         extracting C:\Program Files\NetBeans-20\netbeans\ide\modules\lib\aarch64\linux
[2024-01-15 15:51:26.081]:         extracting C:\Program Files\NetBeans-20\netbeans\ide\modules\ext\winp-1.28.jar
[2024-01-15 15:51:26.082]:         extracting C:\Program Files\NetBeans-20\netbeans\ide\modules\ext\salvation.jar
[2024-01-15 15:51:26.084]:         extracting C:\Program Files\NetBeans-20\netbeans\ide\modules\ext\validator.jar
[2024-01-15 15:51:26.090]:         extracting C:\Program Files\NetBeans-20\netbeans\ide\modules\ext\webserver.jar
[2024-01-15 15:51:26.111]:         extracting C:\Program Files\NetBeans-20\netbeans\ide\config\Modules\bcpkix.xml
[2024-01-15 15:51:26.111]:         extracting C:\Program Files\NetBeans-20\netbeans\ide\config\Modules\bcprov.xml
[2024-01-15 15:51:26.112]:         extracting C:\Program Files\NetBeans-20\netbeans\ide\config\Modules\bcutil.xml
[2024-01-15 15:51:26.112]:         extracting C:\Program Files\NetBeans-20\netbeans\extide\ant\lib\ant-antlr.jar
[2024-01-15 15:51:26.113]:         extracting C:\Program Files\NetBeans-20\netbeans\extide\ant\lib\ant-junit.jar
[2024-01-15 15:51:26.114]:         extracting C:\Program Files\NetBeans-20\netbeans\extide\ant\lib\ant-swing.jar
[2024-01-15 15:51:26.115]:         extracting C:\Program Files\NetBeans-20\netbeans\extide\ant\etc\changelog.xsl
[2024-01-15 15:51:26.116]:         extracting C:\Program Files\NetBeans-20\netbeans\nb\docs\images\down-left.png
[2024-01-15 15:51:26.116]:         extracting C:\Program Files\NetBeans-20\netbeans\licenses\EPL-v10-eclipselink
[2024-01-15 15:51:26.117]:         extracting C:\Program Files\NetBeans-20\netbeans\ide\update_tracking\bcpg.xml
[2024-01-15 15:51:26.117]:         extracting C:\Program Files\NetBeans-20\netbeans\ide\modules\ext\isorelax.jar
[2024-01-15 15:51:26.118]:         extracting C:\Program Files\NetBeans-20\netbeans\platform\modules\lib\riscv64
[2024-01-15 15:51:26.118]:         extracting C:\Program Files\NetBeans-20\netbeans\platform\modules\lib\aarch64
[2024-01-15 15:51:26.118]:         extracting C:\Program Files\NetBeans-20\netbeans\extide\ant\lib\ant-jsch.jar
[2024-01-15 15:51:26.120]:         extracting C:\Program Files\NetBeans-20\netbeans\extide\ant\nblib\bridge.jar
[2024-01-15 15:51:26.121]:         extracting C:\Program Files\NetBeans-20\netbeans\harness\launchers\app64.exe
[2024-01-15 15:51:26.123]:         extracting C:\Program Files\NetBeans-20\netbeans\harness\no-testcoverage.xml
[2024-01-15 15:51:26.123]:         extracting C:\Program Files\NetBeans-20\netbeans\harness\nbi\stub\ext\engine
[2024-01-15 15:51:26.123]:         extracting C:\Program Files\NetBeans-20\netbeans\nb\docs\images\up-right.png
[2024-01-15 15:51:26.123]:         extracting C:\Program Files\NetBeans-20\netbeans\licenses\Apache-2.0-spring5
[2024-01-15 15:51:26.123]:         extracting C:\Program Files\NetBeans-20\netbeans\licenses\Apache-2.0-spring4
[2024-01-15 15:51:26.123]:         extracting C:\Program Files\NetBeans-20\netbeans\licenses\BSD-antlr4-grammar
[2024-01-15 15:51:26.123]:         extracting C:\Program Files\NetBeans-20\netbeans\licenses\BSD-antlr-runtime3
[2024-01-15 15:51:26.123]:         extracting C:\Program Files\NetBeans-20\netbeans\licenses\Apache-2.0-spring3
[2024-01-15 15:51:26.123]:         extracting C:\Program Files\NetBeans-20\netbeans\ide\modules\lib\amd64\linux
[2024-01-15 15:51:26.123]:         extracting C:\Program Files\NetBeans-20\netbeans\ide\modules\slf4j-jdk14.jar
[2024-01-15 15:51:26.123]:         extracting C:\Program Files\NetBeans-20\netbeans\ide\config\Modules\bcpg.xml
[2024-01-15 15:51:26.123]:         extracting C:\Program Files\NetBeans-20\netbeans\platform\core\core-base.jar
[2024-01-15 15:51:26.123]:         extracting C:\Program Files\NetBeans-20\netbeans\platform\modules\lib\x86_64
[2024-01-15 15:51:26.123]:         extracting C:\Program Files\NetBeans-20\netbeans\extide\ant\lib\ant-jai.jar
[2024-01-15 15:51:26.123]:         extracting C:\Program Files\NetBeans-20\netbeans\extide\ant\lib\ant-jmf.jar
[2024-01-15 15:51:26.123]:         extracting C:\Program Files\NetBeans-20\netbeans\extide\ant\etc\tagdiff.xsl
[2024-01-15 15:51:26.123]:         extracting C:\Program Files\NetBeans-20\netbeans\extide\ant\etc\jdepend.xsl
[2024-01-15 15:51:26.123]:         extracting C:\Program Files\NetBeans-20\netbeans\harness\nbi\stub\ext\infra
[2024-01-15 15:51:26.123]:         extracting C:\Program Files\NetBeans-20\netbeans\harness\nbi\stub\build.xml
[2024-01-15 15:51:26.123]:         extracting C:\Program Files\NetBeans-20\netbeans\nb\core\locale\core_nb.jar
[2024-01-15 15:51:26.135]:         extracting C:\Program Files\NetBeans-20\netbeans\nb\docs\images\circle3.gif
[2024-01-15 15:51:26.136]:         extracting C:\Program Files\NetBeans-20\netbeans\nb\docs\images\circle4.gif
[2024-01-15 15:51:26.137]:         extracting C:\Program Files\NetBeans-20\netbeans\nb\docs\images\circle2.gif
[2024-01-15 15:51:26.137]:         extracting C:\Program Files\NetBeans-20\netbeans\nb\docs\images\circle1.gif
[2024-01-15 15:51:26.138]:         extracting C:\Program Files\NetBeans-20\netbeans\nb\docs\images\up-left.png
[2024-01-15 15:51:26.138]:         extracting C:\Program Files\NetBeans-20\netbeans\nb\docs\images\circle5.gif
[2024-01-15 15:51:26.139]:         extracting C:\Program Files\NetBeans-20\netbeans\nb\docs\images\circle6.gif
[2024-01-15 15:51:26.139]:         extracting C:\Program Files\NetBeans-20\netbeans\licenses\Apache-2.0-tomcat
[2024-01-15 15:51:26.140]:         extracting C:\Program Files\NetBeans-20\netbeans\licenses\EPL-v10-with-osgi
[2024-01-15 15:51:26.141]:         extracting C:\Program Files\NetBeans-20\netbeans\licenses\Apache-2.0-lucene
[2024-01-15 15:51:26.142]:         extracting C:\Program Files\NetBeans-20\netbeans\licenses\Apache-2.0-groovy
[2024-01-15 15:51:26.142]:         extracting C:\Program Files\NetBeans-20\netbeans\ide\modules\ext\javahl.jar
[2024-01-15 15:51:26.144]:         extracting C:\Program Files\NetBeans-20\netbeans\platform\modules\lib\amd64
[2024-01-15 15:51:26.144]:         extracting C:\Program Files\NetBeans-20\netbeans\extide\ant\lib\ant-xz.jar
[2024-01-15 15:51:26.144]:         extracting C:\Program Files\NetBeans-20\netbeans\extide\ant\bin\antRun.bat
[2024-01-15 15:51:26.145]:         extracting C:\Program Files\NetBeans-20\netbeans\extide\ant\bin\envset.cmd
[2024-01-15 15:51:26.145]:         extracting C:\Program Files\NetBeans-20\netbeans\extide\ant\bin\antenv.cmd
[2024-01-15 15:51:26.146]:         extracting C:\Program Files\NetBeans-20\netbeans\extide\ant\etc\checkstyle
[2024-01-15 15:51:26.146]:         extracting C:\Program Files\NetBeans-20\netbeans\harness\launchers\app.exe
[2024-01-15 15:51:26.148]:         extracting C:\Program Files\NetBeans-20\netbeans\nb\docs\images\spacer.png
[2024-01-15 15:51:26.148]:         extracting C:\Program Files\NetBeans-20\netbeans\licenses\MIT-bouncycastle
[2024-01-15 15:51:26.149]:         extracting C:\Program Files\NetBeans-20\netbeans\licenses\BSD-jsfoundation
[2024-01-15 15:51:26.149]:         extracting C:\Program Files\NetBeans-20\netbeans\licenses\MIT-java-grammar
[2024-01-15 15:51:26.150]:         extracting C:\Program Files\NetBeans-20\netbeans\licenses\BSD-css3-grammar
[2024-01-15 15:51:26.150]:         extracting C:\Program Files\NetBeans-20\netbeans\licenses\MIT-html5-parser
[2024-01-15 15:51:26.151]:         extracting C:\Program Files\NetBeans-20\netbeans\ide\docs\jaxb-api-doc.jar
[2024-01-15 15:51:26.155]:         extracting C:\Program Files\NetBeans-20\netbeans\ide\modules\ext\tomlj.jar
[2024-01-15 15:51:26.156]:         extracting C:\Program Files\NetBeans-20\netbeans\ide\modules\slf4j-api.jar
[2024-01-15 15:51:26.157]:         extracting C:\Program Files\NetBeans-20\netbeans\ide\config\ModuleAutoDeps
[2024-01-15 15:51:26.157]:         extracting C:\Program Files\NetBeans-20\netbeans\platform\lib\nbexec64.exe
[2024-01-15 15:51:26.159]:         extracting C:\Program Files\NetBeans-20\netbeans\platform\lib\nbexec64.dll
[2024-01-15 15:51:26.160]:         extracting C:\Program Files\NetBeans-20\netbeans\platform\core\asm-9.5.jar
[2024-01-15 15:51:26.161]:         extracting C:\Program Files\NetBeans-20\netbeans\platform\modules\lib\i386
[2024-01-15 15:51:26.161]:         extracting C:\Program Files\NetBeans-20\netbeans\extide\ant\bin\runant.pl
[2024-01-15 15:51:26.162]:         extracting C:\Program Files\NetBeans-20\netbeans\extide\ant\bin\runant.py
[2024-01-15 15:51:26.163]:         extracting C:\Program Files\NetBeans-20\netbeans\extide\ant\bin\antRun.pl
[2024-01-15 15:51:26.164]:         extracting C:\Program Files\NetBeans-20\netbeans\extide\ant\bin\runrc.cmd
[2024-01-15 15:51:26.165]:         extracting C:\Program Files\NetBeans-20\netbeans\harness\launchers\app.sh
[2024-01-15 15:51:26.166]:         extracting C:\Program Files\NetBeans-20\netbeans\licenses\MIT-nocopyright
[2024-01-15 15:51:26.166]:         extracting C:\Program Files\NetBeans-20\netbeans\licenses\BSD-antlr-icons
[2024-01-15 15:51:26.167]:         extracting C:\Program Files\NetBeans-20\netbeans\ide\modules\ext\jaxb\api
[2024-01-15 15:51:26.167]:         extracting C:\Program Files\NetBeans-20\netbeans\ide\modules\ext\jing.jar
[2024-01-15 15:51:26.169]:         extracting C:\Program Files\NetBeans-20\netbeans\platform\update_tracking
[2024-01-15 15:51:26.169]:         extracting C:\Program Files\NetBeans-20\netbeans\platform\modules\lib\x86
[2024-01-15 15:51:26.169]:         extracting C:\Program Files\NetBeans-20\netbeans\harness\update_tracking
[2024-01-15 15:51:26.169]:         extracting C:\Program Files\NetBeans-20\netbeans\nb\docs\images\blue.png
[2024-01-15 15:51:26.169]:         extracting C:\Program Files\NetBeans-20\netbeans\licenses\MIT-galimatias
[2024-01-15 15:51:26.169]:         extracting C:\Program Files\NetBeans-20\netbeans\licenses\UPL-Apache-2.0
[2024-01-15 15:51:26.169]:         extracting C:\Program Files\NetBeans-20\netbeans\licenses\Apache-2.0-ant
[2024-01-15 15:51:26.169]:         extracting C:\Program Files\NetBeans-20\netbeans\licenses\BSD-postgresql
[2024-01-15 15:51:26.169]:         extracting C:\Program Files\NetBeans-20\netbeans\cpplite\update_tracking
[2024-01-15 15:51:26.169]:         extracting C:\Program Files\NetBeans-20\netbeans\ide\bin\nativeexecution
[2024-01-15 15:51:26.169]:         extracting C:\Program Files\NetBeans-20\netbeans\ide\docs\css21-spec.zip
[2024-01-15 15:51:26.184]:         extracting C:\Program Files\NetBeans-20\netbeans\ide\modules\lib\riscv64
[2024-01-15 15:51:26.184]:         extracting C:\Program Files\NetBeans-20\netbeans\ide\modules\lib\aarch64
[2024-01-15 15:51:26.184]:         extracting C:\Program Files\NetBeans-20\netbeans\ide\modules\ext\ddl.jar
[2024-01-15 15:51:26.184]:         extracting C:\Program Files\NetBeans-20\netbeans\ide\modules\ext\iri.jar
[2024-01-15 15:51:26.184]:         extracting C:\Program Files\NetBeans-20\netbeans\platform\lib\nbexec.dll
[2024-01-15 15:51:26.184]:         extracting C:\Program Files\NetBeans-20\netbeans\platform\lib\nbexec.exe
[2024-01-15 15:51:26.184]:         extracting C:\Program Files\NetBeans-20\netbeans\platform\config\Modules
[2024-01-15 15:51:26.184]:         extracting C:\Program Files\NetBeans-20\netbeans\extide\ant\lib\ant.jar
[2024-01-15 15:51:26.200]:         extracting C:\Program Files\NetBeans-20\netbeans\extide\ant\bin\ant.cmd
[2024-01-15 15:51:26.200]:         extracting C:\Program Files\NetBeans-20\netbeans\extide\ant\bin\ant.bat
[2024-01-15 15:51:26.200]:         extracting C:\Program Files\NetBeans-20\netbeans\extide\ant\bin\lcp.bat
[2024-01-15 15:51:26.200]:         extracting C:\Program Files\NetBeans-20\netbeans\extide\ant\etc\log.xsl
[2024-01-15 15:51:26.200]:         extracting C:\Program Files\NetBeans-20\netbeans\extide\update_tracking
[2024-01-15 15:51:26.200]:         extracting C:\Program Files\NetBeans-20\netbeans\harness\etc\Info.plist
[2024-01-15 15:51:26.200]:         extracting C:\Program Files\NetBeans-20\netbeans\harness\config\Modules
[2024-01-15 15:51:26.200]:         extracting C:\Program Files\NetBeans-20\netbeans\licenses\BSD-stax2-api
[2024-01-15 15:51:26.200]:         extracting C:\Program Files\NetBeans-20\netbeans\licenses\Maven-EPL-v10
[2024-01-15 15:51:26.200]:         extracting C:\Program Files\NetBeans-20\netbeans\licenses\MIT-validator
[2024-01-15 15:51:26.200]:         extracting C:\Program Files\NetBeans-20\netbeans\licenses\MIT-requirejs
[2024-01-15 15:51:26.200]:         extracting C:\Program Files\NetBeans-20\netbeans\cpplite\config\Modules
[2024-01-15 15:51:26.200]:         extracting C:\Program Files\NetBeans-20\netbeans\ide\docs\html-4.01.zip
[2024-01-15 15:51:26.200]:         extracting C:\Program Files\NetBeans-20\netbeans\ide\docs\css3-spec.zip
[2024-01-15 15:51:26.239]:         extracting C:\Program Files\NetBeans-20\netbeans\ide\modules\lib\x86_64
[2024-01-15 15:51:26.239]:         extracting C:\Program Files\NetBeans-20\netbeans\ide\modules\bcprov.jar
[2024-01-15 15:51:26.266]:         extracting C:\Program Files\NetBeans-20\netbeans\ide\modules\bcpkix.jar
[2024-01-15 15:51:26.272]:         extracting C:\Program Files\NetBeans-20\netbeans\ide\modules\bcutil.jar
[2024-01-15 15:51:26.275]:         extracting C:\Program Files\NetBeans-20\netbeans\platform\core\core.jar
[2024-01-15 15:51:26.279]:         extracting C:\Program Files\NetBeans-20\netbeans\platform\.lastModified
[2024-01-15 15:51:26.279]:         extracting C:\Program Files\NetBeans-20\netbeans\extide\ant\bin\antRun
[2024-01-15 15:51:26.280]:         extracting C:\Program Files\NetBeans-20\netbeans\extide\modules\gradle
[2024-01-15 15:51:26.280]:         extracting C:\Program Files\NetBeans-20\netbeans\extide\config\Modules
[2024-01-15 15:51:26.280]:         extracting C:\Program Files\NetBeans-20\netbeans\harness\.lastModified
[2024-01-15 15:51:26.281]:         extracting C:\Program Files\NetBeans-20\netbeans\nb\modules\ext\locale
[2024-01-15 15:51:26.281]:         extracting C:\Program Files\NetBeans-20\netbeans\licenses\MIT-markdown
[2024-01-15 15:51:26.282]:         extracting C:\Program Files\NetBeans-20\netbeans\licenses\MIT-slf4j-22
[2024-01-15 15:51:26.282]:         extracting C:\Program Files\NetBeans-20\netbeans\licenses\MIT-isorelax
[2024-01-15 15:51:26.283]:         extracting C:\Program Files\NetBeans-20\netbeans\licenses\BSD-flexmark
[2024-01-15 15:51:26.283]:         extracting C:\Program Files\NetBeans-20\netbeans\licenses\MIT-dd-plist
[2024-01-15 15:51:26.284]:         extracting C:\Program Files\NetBeans-20\netbeans\licenses\EDL-1.0-jgit
[2024-01-15 15:51:26.285]:         extracting C:\Program Files\NetBeans-20\netbeans\licenses\BSD-hamcrest
[2024-01-15 15:51:26.285]:         extracting C:\Program Files\NetBeans-20\netbeans\etc\netbeans.clusters
[2024-01-15 15:51:26.286]:         extracting C:\Program Files\NetBeans-20\netbeans\cpplite\.lastModified
[2024-01-15 15:51:26.286]:         extracting C:\Program Files\NetBeans-20\netbeans\ide\docs\org\netbeans
[2024-01-15 15:51:26.286]:         extracting C:\Program Files\NetBeans-20\netbeans\ide\docs\html5doc.zip
[2024-01-15 15:51:26.286]:         extracting C:\Program Files\NetBeans-20\netbeans\ide\modules\lib\amd64
[2024-01-15 15:51:26.286]:         extracting C:\Program Files\NetBeans-20\netbeans\platform\lib\boot.jar
[2024-01-15 15:51:26.286]:         extracting C:\Program Files\NetBeans-20\netbeans\extide\.lastModified
[2024-01-15 15:51:26.286]:         extracting C:\Program Files\NetBeans-20\netbeans\harness\etc\app.conf
[2024-01-15 15:51:26.286]:         extracting C:\Program Files\NetBeans-20\netbeans\harness\nbi\stub\ext
[2024-01-15 15:51:26.286]:         extracting C:\Program Files\NetBeans-20\netbeans\nb\docs\netbeans.css
[2024-01-15 15:51:26.286]:         extracting C:\Program Files\NetBeans-20\netbeans\nb\shortcuts_mac.pdf
[2024-01-15 15:51:26.333]:         extracting C:\Program Files\NetBeans-20\netbeans\licenses\UPL-graaljs
[2024-01-15 15:51:26.333]:         extracting C:\Program Files\NetBeans-20\netbeans\licenses\MIT-phpstan
[2024-01-15 15:51:26.333]:         extracting C:\Program Files\NetBeans-20\netbeans\licenses\MIT-checker
[2024-01-15 15:51:26.333]:         extracting C:\Program Files\NetBeans-20\netbeans\licenses\Gradle-icon
[2024-01-15 15:51:26.333]:         extracting C:\Program Files\NetBeans-20\netbeans\ide\modules\ext\jaxb
[2024-01-15 15:51:26.333]:         extracting C:\Program Files\NetBeans-20\netbeans\ide\modules\bcpg.jar
[2024-01-15 15:51:26.333]:         extracting C:\Program Files\NetBeans-20\netbeans\platform\VERSION.txt
[2024-01-15 15:51:26.333]:         extracting C:\Program Files\NetBeans-20\netbeans\platform\modules\lib
[2024-01-15 15:51:26.333]:         extracting C:\Program Files\NetBeans-20\netbeans\platform\modules\ext
[2024-01-15 15:51:26.333]:         extracting C:\Program Files\NetBeans-20\netbeans\harness\nbi\.common
[2024-01-15 15:51:26.333]:         extracting C:\Program Files\NetBeans-20\netbeans\harness\modules\ext
[2024-01-15 15:51:26.333]:         extracting C:\Program Files\NetBeans-20\netbeans\licenses\Apache-2.0
[2024-01-15 15:51:26.333]:         extracting C:\Program Files\NetBeans-20\netbeans\licenses\MIT-jquery
[2024-01-15 15:51:26.333]:         extracting C:\Program Files\NetBeans-20\netbeans\licenses\Apache-1.1
[2024-01-15 15:51:26.333]:         extracting C:\Program Files\NetBeans-20\netbeans\licenses\MIT-vscode
[2024-01-15 15:51:26.333]:         extracting C:\Program Files\NetBeans-20\netbeans\etc\netbeans.import
[2024-01-15 15:51:26.333]:         extracting C:\Program Files\NetBeans-20\netbeans\cpplite\VERSION.txt
[2024-01-15 15:51:26.333]:         extracting C:\Program Files\NetBeans-20\netbeans\cpplite\modules\ext
[2024-01-15 15:51:26.333]:         extracting C:\Program Files\NetBeans-20\netbeans\ide\update_tracking
[2024-01-15 15:51:26.333]:         extracting C:\Program Files\NetBeans-20\netbeans\platform\lib\nbexec
[2024-01-15 15:51:26.333]:         extracting C:\Program Files\NetBeans-20\netbeans\bin\netbeans64.exe
[2024-01-15 15:51:26.333]:         extracting C:\Program Files\NetBeans-20\netbeans\extide\ant\bin\ant
[2024-01-15 15:51:26.333]:         extracting C:\Program Files\NetBeans-20\netbeans\extide\VERSION.txt
[2024-01-15 15:51:26.333]:         extracting C:\Program Files\NetBeans-20\netbeans\harness\common.xml
[2024-01-15 15:51:26.348]:         extracting C:\Program Files\NetBeans-20\netbeans\nb\update_tracking
[2024-01-15 15:51:26.348]:         extracting C:\Program Files\NetBeans-20\netbeans\licenses\BSD-jzlib
[2024-01-15 15:51:26.348]:         extracting C:\Program Files\NetBeans-20\netbeans\licenses\MIT-jsoup
[2024-01-15 15:51:26.348]:         extracting C:\Program Files\NetBeans-20\netbeans\licenses\CC-BY-3.0
[2024-01-15 15:51:26.351]:         extracting C:\Program Files\NetBeans-20\netbeans\licenses\WSDL-2004
[2024-01-15 15:51:26.351]:         extracting C:\Program Files\NetBeans-20\netbeans\licenses\MIT-jruby
[2024-01-15 15:51:26.352]:         extracting C:\Program Files\NetBeans-20\netbeans\licenses\MIT-icu4j
[2024-01-15 15:51:26.353]:         extracting C:\Program Files\NetBeans-20\netbeans\licenses\MIT-slf4j
[2024-01-15 15:51:26.354]:         extracting C:\Program Files\NetBeans-20\netbeans\licenses\BSD-INRIA
[2024-01-15 15:51:26.355]:         extracting C:\Program Files\NetBeans-20\netbeans\licenses\BSD-SCOWL
[2024-01-15 15:51:26.356]:         extracting C:\Program Files\NetBeans-20\netbeans\ide\config\Modules
[2024-01-15 15:51:26.356]:         extracting C:\Program Files\NetBeans-20\netbeans\harness\suite.xml
[2024-01-15 15:51:26.358]:         extracting C:\Program Files\NetBeans-20\netbeans\harness\tasks.jar
[2024-01-15 15:51:26.363]:         extracting C:\Program Files\NetBeans-20\netbeans\harness\launchers
[2024-01-15 15:51:26.364]:         extracting C:\Program Files\NetBeans-20\netbeans\harness\build.xml
[2024-01-15 15:51:26.365]:         extracting C:\Program Files\NetBeans-20\netbeans\nb\modules\locale
[2024-01-15 15:51:26.365]:         extracting C:\Program Files\NetBeans-20\netbeans\nb\config\Modules
[2024-01-15 15:51:26.365]:         extracting C:\Program Files\NetBeans-20\netbeans\licenses\CDDL-1.1
[2024-01-15 15:51:26.366]:         extracting C:\Program Files\NetBeans-20\netbeans\licenses\CDDL-1.0
[2024-01-15 15:51:26.366]:         extracting C:\Program Files\NetBeans-20\netbeans\licenses\MIT-winp
[2024-01-15 15:51:26.367]:         extracting C:\Program Files\NetBeans-20\netbeans\licenses\BSD-jsch
[2024-01-15 15:51:26.369]:         extracting C:\Program Files\NetBeans-20\netbeans\licenses\BSD-JDOM
[2024-01-15 15:51:26.370]:         extracting C:\Program Files\NetBeans-20\netbeans\licenses\BSD-jing
[2024-01-15 15:51:26.370]:         extracting C:\Program Files\NetBeans-20\netbeans\licenses\GPL-2-CP
[2024-01-15 15:51:26.371]:         extracting C:\Program Files\NetBeans-20\netbeans\licenses\HTML5DOC
[2024-01-15 15:51:26.371]:         extracting C:\Program Files\NetBeans-20\netbeans\etc\netbeans.conf
[2024-01-15 15:51:26.372]:         extracting C:\Program Files\NetBeans-20\netbeans\ide\.lastModified
[2024-01-15 15:51:26.380]:         extracting C:\Program Files\NetBeans-20\netbeans\bin\netbeans.exe
[2024-01-15 15:51:26.382]:         extracting C:\Program Files\NetBeans-20\netbeans\extide\ant\nblib
[2024-01-15 15:51:26.382]:         extracting C:\Program Files\NetBeans-20\netbeans\harness\osgi.xml
[2024-01-15 15:51:26.383]:         extracting C:\Program Files\NetBeans-20\netbeans\harness\jnlp.xml
[2024-01-15 15:51:26.383]:         extracting C:\Program Files\NetBeans-20\netbeans\harness\nbi\stub
[2024-01-15 15:51:26.383]:         extracting C:\Program Files\NetBeans-20\netbeans\nb\.lastModified
[2024-01-15 15:51:26.384]:         extracting C:\Program Files\NetBeans-20\netbeans\nb\netbeans.icns
[2024-01-15 15:51:26.385]:         extracting C:\Program Files\NetBeans-20\netbeans\nb\shortcuts.pdf
[2024-01-15 15:51:26.385]:         extracting C:\Program Files\NetBeans-20\netbeans\licenses\EDL-1.0
[2024-01-15 15:51:26.386]:         extracting C:\Program Files\NetBeans-20\netbeans\licenses\ANTLR-2
[2024-01-15 15:51:26.386]:         extracting C:\Program Files\NetBeans-20\netbeans\licenses\JavaCUP
[2024-01-15 15:51:26.387]:         extracting C:\Program Files\NetBeans-20\netbeans\licenses\CC0-v10
[2024-01-15 15:51:26.387]:         extracting C:\Program Files\NetBeans-20\netbeans\licenses\EPL-v20
[2024-01-15 15:51:26.388]:         extracting C:\Program Files\NetBeans-20\netbeans\licenses\BSD-iri
[2024-01-15 15:51:26.388]:         extracting C:\Program Files\NetBeans-20\netbeans\licenses\EPL-v10
[2024-01-15 15:51:26.389]:         extracting C:\Program Files\NetBeans-20\netbeans\ide\modules\dict
[2024-01-15 15:51:26.389]:         extracting C:\Program Files\NetBeans-20\netbeans\ide\modules\docs
[2024-01-15 15:51:26.389]:         extracting C:\Program Files\NetBeans-20\netbeans\platform\modules
[2024-01-15 15:51:26.389]:         extracting C:\Program Files\NetBeans-20\netbeans\harness\jdk.xml
[2024-01-15 15:51:26.389]:         extracting C:\Program Files\NetBeans-20\netbeans\harness\run.xml
[2024-01-15 15:51:26.390]:         extracting C:\Program Files\NetBeans-20\netbeans\harness\modules
[2024-01-15 15:51:26.390]:         extracting C:\Program Files\NetBeans-20\netbeans\nb\netbeans.png
[2024-01-15 15:51:26.391]:         extracting C:\Program Files\NetBeans-20\netbeans\licenses\Gradle
[2024-01-15 15:51:26.391]:         extracting C:\Program Files\NetBeans-20\netbeans\cpplite\modules
[2024-01-15 15:51:26.391]:         extracting C:\Program Files\NetBeans-20\netbeans\ide\VERSION.txt
[2024-01-15 15:51:26.392]:         extracting C:\Program Files\NetBeans-20\netbeans\ide\modules\lib
[2024-01-15 15:51:26.392]:         extracting C:\Program Files\NetBeans-20\netbeans\ide\modules\ext
[2024-01-15 15:51:26.392]:         extracting C:\Program Files\NetBeans-20\netbeans\platform\config
[2024-01-15 15:51:26.392]:         extracting C:\Program Files\NetBeans-20\netbeans\extide\ant\lib
[2024-01-15 15:51:26.392]:         extracting C:\Program Files\NetBeans-20\netbeans\extide\ant\bin
[2024-01-15 15:51:26.392]:         extracting C:\Program Files\NetBeans-20\netbeans\extide\ant\etc
[2024-01-15 15:51:26.392]:         extracting C:\Program Files\NetBeans-20\netbeans\extide\modules
[2024-01-15 15:51:26.392]:         extracting C:\Program Files\NetBeans-20\netbeans\harness\antlib
[2024-01-15 15:51:26.392]:         extracting C:\Program Files\NetBeans-20\netbeans\harness\README
[2024-01-15 15:51:26.393]:         extracting C:\Program Files\NetBeans-20\netbeans\harness\config
[2024-01-15 15:51:26.393]:         extracting C:\Program Files\NetBeans-20\netbeans\nb\core\ide.ks
[2024-01-15 15:51:26.393]:         extracting C:\Program Files\NetBeans-20\netbeans\nb\core\locale
[2024-01-15 15:51:26.394]:         extracting C:\Program Files\NetBeans-20\netbeans\nb\docs\images
[2024-01-15 15:51:26.394]:         extracting C:\Program Files\NetBeans-20\netbeans\nb\VERSION.txt
[2024-01-15 15:51:26.394]:         extracting C:\Program Files\NetBeans-20\netbeans\nb\modules\ext
[2024-01-15 15:51:26.394]:         extracting C:\Program Files\NetBeans-20\netbeans\cpplite\config
[2024-01-15 15:51:26.394]:         extracting C:\Program Files\NetBeans-20\netbeans\extide\config
[2024-01-15 15:51:26.394]:         extracting C:\Program Files\NetBeans-20\netbeans\nb\build_info
[2024-01-15 15:51:26.395]:         extracting C:\Program Files\NetBeans-20\netbeans\licenses\OSGi
[2024-01-15 15:51:26.395]:         extracting C:\Program Files\NetBeans-20\netbeans\licenses\W3C2
[2024-01-15 15:51:26.396]:         extracting C:\Program Files\NetBeans-20\netbeans\platform\core
[2024-01-15 15:51:26.396]:         extracting C:\Program Files\NetBeans-20\netbeans\platform\docs
[2024-01-15 15:51:26.396]:         extracting C:\Program Files\NetBeans-20\netbeans\DEPENDENCIES
[2024-01-15 15:51:26.400]:         extracting C:\Program Files\NetBeans-20\netbeans\bin\netbeans
[2024-01-15 15:51:26.401]:         extracting C:\Program Files\NetBeans-20\netbeans\harness\docs
[2024-01-15 15:51:26.401]:         extracting C:\Program Files\NetBeans-20\netbeans\harness\jnlp
[2024-01-15 15:51:26.402]:         extracting C:\Program Files\NetBeans-20\netbeans\licenses\UPL
[2024-01-15 15:51:26.402]:         extracting C:\Program Files\NetBeans-20\netbeans\licenses\MIT
[2024-01-15 15:51:26.403]:         extracting C:\Program Files\NetBeans-20\netbeans\licenses\W3C
[2024-01-15 15:51:26.403]:         extracting C:\Program Files\NetBeans-20\netbeans\netbeans.css
[2024-01-15 15:51:26.404]:         extracting C:\Program Files\NetBeans-20\netbeans\ide\docs\org
[2024-01-15 15:51:26.404]:         extracting C:\Program Files\NetBeans-20\netbeans\platform\lib
[2024-01-15 15:51:26.404]:         extracting C:\Program Files\NetBeans-20\netbeans\harness\etc
[2024-01-15 15:51:26.404]:         extracting C:\Program Files\NetBeans-20\netbeans\harness\nbi
[2024-01-15 15:51:26.404]:         extracting C:\Program Files\NetBeans-20\netbeans\README.html
[2024-01-15 15:51:26.405]:         extracting C:\Program Files\NetBeans-20\netbeans\ide\modules
[2024-01-15 15:51:26.405]:         extracting C:\Program Files\NetBeans-20\netbeans\extide\ant
[2024-01-15 15:51:26.405]:         extracting C:\Program Files\NetBeans-20\netbeans\nb\modules
[2024-01-15 15:51:26.405]:         extracting C:\Program Files\NetBeans-20\netbeans\ide\config
[2024-01-15 15:51:26.405]:         extracting C:\Program Files\NetBeans-20\netbeans\nb\config
[2024-01-15 15:51:26.405]:         extracting C:\Program Files\NetBeans-20\netbeans\licenses
[2024-01-15 15:51:26.405]:         extracting C:\Program Files\NetBeans-20\netbeans\ide\docs
[2024-01-15 15:51:26.406]:         extracting C:\Program Files\NetBeans-20\netbeans\platform
[2024-01-15 15:51:26.406]:         extracting C:\Program Files\NetBeans-20\netbeans\LICENSE
[2024-01-15 15:51:26.407]:         extracting C:\Program Files\NetBeans-20\netbeans\harness
[2024-01-15 15:51:26.407]:         extracting C:\Program Files\NetBeans-20\netbeans\nb\core
[2024-01-15 15:51:26.407]:         extracting C:\Program Files\NetBeans-20\netbeans\nb\docs
[2024-01-15 15:51:26.407]:         extracting C:\Program Files\NetBeans-20\netbeans\cpplite
[2024-01-15 15:51:26.407]:         extracting C:\Program Files\NetBeans-20\netbeans\ide\bin
[2024-01-15 15:51:26.407]:         extracting C:\Program Files\NetBeans-20\netbeans\extide
[2024-01-15 15:51:26.407]:         extracting C:\Program Files\NetBeans-20\netbeans\NOTICE
[2024-01-15 15:51:26.408]:         extracting C:\Program Files\NetBeans-20\netbeans\bin
[2024-01-15 15:51:26.408]:         extracting C:\Program Files\NetBeans-20\netbeans\etc
[2024-01-15 15:51:26.408]:         extracting C:\Program Files\NetBeans-20\netbeans\ide
[2024-01-15 15:51:26.408]:         extracting C:\Program Files\NetBeans-20\netbeans\nb
[2024-01-15 15:51:26.409]:         extracting C:\Program Files\NetBeans-20\netbeans
[2024-01-15 15:51:26.410]:         deleting file: C:\Users\imrab\.nbi\tmp\data,1.jar
[2024-01-15 15:51:26.426]:         ... saving legal artifacts if required
[2024-01-15 15:51:26.426]:         ... running installation logic
[2024-01-15 15:51:26.426]:         NameResolver - to parse C:\Program Files\NetBeans-20
[2024-01-15 15:51:26.426]:         Using the following JDK for NetBeans configuration : 
[2024-01-15 15:51:26.426]:         ... path    : C:\Program Files\Java\jdk-21
[2024-01-15 15:51:26.426]:         ... version : 21.0.1
[2024-01-15 15:51:26.426]:         ... vendor  : Oracle Corporation
[2024-01-15 15:51:26.426]:         ... arch    : x64
[2024-01-15 15:51:26.426]:         ... final   : true
[2024-01-15 15:51:26.426]:         Modifying netbeans.conf for NetBeans installed at C:\Program Files\NetBeans-20 by adding cluster "platform"
[2024-01-15 15:51:26.426]:         ... initial list of clusters : 
[2024-01-15 15:51:26.426]:             # Licensed to the Apache Software Foundation (ASF) under one
[2024-01-15 15:51:26.426]:             # or more contributor license agreements.  See the NOTICE file
[2024-01-15 15:51:26.426]:             # distributed with this work for additional information
[2024-01-15 15:51:26.426]:             # regarding copyright ownership.  The ASF licenses this file
[2024-01-15 15:51:26.426]:             # to you under the Apache License, Version 2.0 (the
[2024-01-15 15:51:26.426]:             # "License"); you may not use this file except in compliance
[2024-01-15 15:51:26.426]:             # with the License.  You may obtain a copy of the License at
[2024-01-15 15:51:26.426]:             #
[2024-01-15 15:51:26.426]:             #   http://www.apache.org/licenses/LICENSE-2.0
[2024-01-15 15:51:26.426]:             #
[2024-01-15 15:51:26.426]:             # Unless required by applicable law or agreed to in writing,
[2024-01-15 15:51:26.426]:             # software distributed under the License is distributed on an
[2024-01-15 15:51:26.426]:             # "AS IS" BASIS, WITHOUT WARRANTIES OR CONDITIONS OF ANY
[2024-01-15 15:51:26.426]:             # KIND, either express or implied.  See the License for the
[2024-01-15 15:51:26.426]:             # specific language governing permissions and limitations
[2024-01-15 15:51:26.426]:             # under the License.
[2024-01-15 15:51:26.426]:             
[2024-01-15 15:51:26.426]:             # platform cluster first
[2024-01-15 15:51:26.426]:             platform
[2024-01-15 15:51:26.426]:             # application cluster second
[2024-01-15 15:51:26.426]:             nb
[2024-01-15 15:51:26.426]:             # ergonomics cluster if present
[2024-01-15 15:51:26.426]:             ergonomics
[2024-01-15 15:51:26.426]:             # and now the rest
[2024-01-15 15:51:26.426]:             ide
[2024-01-15 15:51:26.426]:             extide
[2024-01-15 15:51:26.426]:             java
[2024-01-15 15:51:26.426]:             apisupport
[2024-01-15 15:51:26.426]:             webcommon
[2024-01-15 15:51:26.426]:             websvccommon
[2024-01-15 15:51:26.426]:             enterprise
[2024-01-15 15:51:26.426]:             mobility
[2024-01-15 15:51:26.426]:             profiler
[2024-01-15 15:51:26.426]:             python
[2024-01-15 15:51:26.426]:             php
[2024-01-15 15:51:26.426]:             identity
[2024-01-15 15:51:26.426]:             harness
[2024-01-15 15:51:26.426]:             cnd
[2024-01-15 15:51:26.426]:             cndext
[2024-01-15 15:51:26.426]:             cpplite
[2024-01-15 15:51:26.426]:             dlight
[2024-01-15 15:51:26.426]:             groovy
[2024-01-15 15:51:26.426]:             extra
[2024-01-15 15:51:26.426]:             javacard
[2024-01-15 15:51:26.426]:             javafx
[2024-01-15 15:51:26.426]:             rust
[2024-01-15 15:51:26.426]:         ... requested cluster already exist, do nothing
[2024-01-15 15:51:26.426]:         Modifying netbeans.conf for NetBeans installed at C:\Program Files\NetBeans-20 by adding cluster "nb"
[2024-01-15 15:51:26.426]:         ... initial list of clusters : 
[2024-01-15 15:51:26.426]:             # Licensed to the Apache Software Foundation (ASF) under one
[2024-01-15 15:51:26.441]:             # or more contributor license agreements.  See the NOTICE file
[2024-01-15 15:51:26.441]:             # distributed with this work for additional information
[2024-01-15 15:51:26.441]:             # regarding copyright ownership.  The ASF licenses this file
[2024-01-15 15:51:26.441]:             # to you under the Apache License, Version 2.0 (the
[2024-01-15 15:51:26.441]:             # "License"); you may not use this file except in compliance
[2024-01-15 15:51:26.441]:             # with the License.  You may obtain a copy of the License at
[2024-01-15 15:51:26.441]:             #
[2024-01-15 15:51:26.441]:             #   http://www.apache.org/licenses/LICENSE-2.0
[2024-01-15 15:51:26.441]:             #
[2024-01-15 15:51:26.441]:             # Unless required by applicable law or agreed to in writing,
[2024-01-15 15:51:26.441]:             # software distributed under the License is distributed on an
[2024-01-15 15:51:26.441]:             # "AS IS" BASIS, WITHOUT WARRANTIES OR CONDITIONS OF ANY
[2024-01-15 15:51:26.441]:             # KIND, either express or implied.  See the License for the
[2024-01-15 15:51:26.441]:             # specific language governing permissions and limitations
[2024-01-15 15:51:26.441]:             # under the License.
[2024-01-15 15:51:26.441]:             
[2024-01-15 15:51:26.441]:             # platform cluster first
[2024-01-15 15:51:26.441]:             platform
[2024-01-15 15:51:26.441]:             # application cluster second
[2024-01-15 15:51:26.441]:             nb
[2024-01-15 15:51:26.441]:             # ergonomics cluster if present
[2024-01-15 15:51:26.441]:             ergonomics
[2024-01-15 15:51:26.441]:             # and now the rest
[2024-01-15 15:51:26.441]:             ide
[2024-01-15 15:51:26.441]:             extide
[2024-01-15 15:51:26.441]:             java
[2024-01-15 15:51:26.441]:             apisupport
[2024-01-15 15:51:26.441]:             webcommon
[2024-01-15 15:51:26.441]:             websvccommon
[2024-01-15 15:51:26.441]:             enterprise
[2024-01-15 15:51:26.441]:             mobility
[2024-01-15 15:51:26.441]:             profiler
[2024-01-15 15:51:26.441]:             python
[2024-01-15 15:51:26.441]:             php
[2024-01-15 15:51:26.441]:             identity
[2024-01-15 15:51:26.441]:             harness
[2024-01-15 15:51:26.441]:             cnd
[2024-01-15 15:51:26.441]:             cndext
[2024-01-15 15:51:26.441]:             cpplite
[2024-01-15 15:51:26.441]:             dlight
[2024-01-15 15:51:26.441]:             groovy
[2024-01-15 15:51:26.441]:             extra
[2024-01-15 15:51:26.441]:             javacard
[2024-01-15 15:51:26.441]:             javafx
[2024-01-15 15:51:26.441]:             rust
[2024-01-15 15:51:26.441]:         ... requested cluster already exist, do nothing
[2024-01-15 15:51:26.441]:         Modifying netbeans.conf for NetBeans installed at C:\Program Files\NetBeans-20 by adding cluster "ide"
[2024-01-15 15:51:26.441]:         ... initial list of clusters : 
[2024-01-15 15:51:26.441]:             # Licensed to the Apache Software Foundation (ASF) under one
[2024-01-15 15:51:26.441]:             # or more contributor license agreements.  See the NOTICE file
[2024-01-15 15:51:26.441]:             # distributed with this work for additional information
[2024-01-15 15:51:26.441]:             # regarding copyright ownership.  The ASF licenses this file
[2024-01-15 15:51:26.441]:             # to you under the Apache License, Version 2.0 (the
[2024-01-15 15:51:26.441]:             # "License"); you may not use this file except in compliance
[2024-01-15 15:51:26.441]:             # with the License.  You may obtain a copy of the License at
[2024-01-15 15:51:26.441]:             #
[2024-01-15 15:51:26.441]:             #   http://www.apache.org/licenses/LICENSE-2.0
[2024-01-15 15:51:26.441]:             #
[2024-01-15 15:51:26.441]:             # Unless required by applicable law or agreed to in writing,
[2024-01-15 15:51:26.441]:             # software distributed under the License is distributed on an
[2024-01-15 15:51:26.457]:             # "AS IS" BASIS, WITHOUT WARRANTIES OR CONDITIONS OF ANY
[2024-01-15 15:51:26.457]:             # KIND, either express or implied.  See the License for the
[2024-01-15 15:51:26.457]:             # specific language governing permissions and limitations
[2024-01-15 15:51:26.457]:             # under the License.
[2024-01-15 15:51:26.457]:             
[2024-01-15 15:51:26.457]:             # platform cluster first
[2024-01-15 15:51:26.457]:             platform
[2024-01-15 15:51:26.457]:             # application cluster second
[2024-01-15 15:51:26.457]:             nb
[2024-01-15 15:51:26.457]:             # ergonomics cluster if present
[2024-01-15 15:51:26.457]:             ergonomics
[2024-01-15 15:51:26.457]:             # and now the rest
[2024-01-15 15:51:26.457]:             ide
[2024-01-15 15:51:26.457]:             extide
[2024-01-15 15:51:26.457]:             java
[2024-01-15 15:51:26.457]:             apisupport
[2024-01-15 15:51:26.457]:             webcommon
[2024-01-15 15:51:26.457]:             websvccommon
[2024-01-15 15:51:26.457]:             enterprise
[2024-01-15 15:51:26.457]:             mobility
[2024-01-15 15:51:26.457]:             profiler
[2024-01-15 15:51:26.457]:             python
[2024-01-15 15:51:26.457]:             php
[2024-01-15 15:51:26.457]:             identity
[2024-01-15 15:51:26.457]:             harness
[2024-01-15 15:51:26.457]:             cnd
[2024-01-15 15:51:26.457]:             cndext
[2024-01-15 15:51:26.457]:             cpplite
[2024-01-15 15:51:26.457]:             dlight
[2024-01-15 15:51:26.457]:             groovy
[2024-01-15 15:51:26.457]:             extra
[2024-01-15 15:51:26.457]:             javacard
[2024-01-15 15:51:26.457]:             javafx
[2024-01-15 15:51:26.457]:             rust
[2024-01-15 15:51:26.457]:         ... requested cluster already exist, do nothing
[2024-01-15 15:51:26.457]:             child = bin
[2024-01-15 15:51:26.457]:             child = cpplite
[2024-01-15 15:51:26.457]:             child = DEPENDENCIES
[2024-01-15 15:51:26.457]:             child = etc
[2024-01-15 15:51:26.457]:             child = extide
[2024-01-15 15:51:26.457]:             child = harness
[2024-01-15 15:51:26.457]:             child = ide
[2024-01-15 15:51:26.457]:             child = LICENSE
[2024-01-15 15:51:26.457]:             child = licenses
[2024-01-15 15:51:26.457]:             child = nb
[2024-01-15 15:51:26.457]:             child = bin
[2024-01-15 15:51:26.457]:             child = cpplite
[2024-01-15 15:51:26.457]:             child = DEPENDENCIES
[2024-01-15 15:51:26.457]:             child = etc
[2024-01-15 15:51:26.457]:             child = extide
[2024-01-15 15:51:26.457]:             child = harness
[2024-01-15 15:51:26.457]:             child = ide
[2024-01-15 15:51:26.457]:             child = LICENSE
[2024-01-15 15:51:26.457]:             child = licenses
[2024-01-15 15:51:26.457]:             child = nb
[2024-01-15 15:51:26.457]:         creating the desktop shortcut for NetBeans IDE
[2024-01-15 15:51:26.457]:             ... current user is an administrator -- creating the shortcut for all users
[2024-01-15 15:51:26.552]:         ... done
[2024-01-15 15:51:26.552]:         creating the start menu shortcut for NetBeans IDE
[2024-01-15 15:51:26.552]:             ... current user is an administrator -- creating the shortcut for all users
[2024-01-15 15:51:26.568]:         ... done
[2024-01-15 15:51:26.568]:         ... loading registry from resource:data/registry.xml
[2024-01-15 15:51:26.583]:         entering -- org.netbeans.installer.product.Registry.loadProductRegistry():982
[2024-01-15 15:51:26.583]:         validating previous installations
[2024-01-15 15:51:26.583]:         ... validating installations finished
[2024-01-15 15:51:26.583]:         exiting -- org.netbeans.installer.product.Registry.loadProductRegistry():982
[2024-01-15 15:51:26.583]:             child = bin
[2024-01-15 15:51:26.583]:             child = cpplite
[2024-01-15 15:51:26.583]:             child = DEPENDENCIES
[2024-01-15 15:51:26.583]:             child = etc
[2024-01-15 15:51:26.583]:             child = extide
[2024-01-15 15:51:26.583]:             child = harness
[2024-01-15 15:51:26.583]:             child = ide
[2024-01-15 15:51:26.583]:             child = LICENSE
[2024-01-15 15:51:26.583]:             child = licenses
[2024-01-15 15:51:26.583]:             child = nb
[2024-01-15 15:51:26.583]:         ... register in system, create uninstaller, etc
[2024-01-15 15:51:26.583]:         NameResolver - to parse C:\Program Files\NetBeans-20
[2024-01-15 15:51:26.583]:         NameResolver - to parse C:\Program Files\NetBeans-20
[2024-01-15 15:51:26.583]:         NameResolver - to parse C:\Program Files\NetBeans-20
[2024-01-15 15:51:26.583]:         creating uninstaller...
[2024-01-15 15:51:26.583]:         cache engine data locally to run uninstall in the future
[2024-01-15 15:51:26.583]:             NBI Engine URL for Installer.Class = jar:file:/C:/Users/imrab/AppData/Local/Temp/NBI62524.tmp/bundle.jar!/org/netbeans/installer/Installer.class
[2024-01-15 15:51:26.583]:             URL Path = file:/C:/Users/imrab/AppData/Local/Temp/NBI62524.tmp/bundle.jar!/org/netbeans/installer/Installer.class
[2024-01-15 15:51:26.583]:             ... running engine as a .jar file
[2024-01-15 15:51:26.583]:             ... classloader says that jar file is on the disk
[2024-01-15 15:51:26.583]:             ... checking if it runs from cached engine
[2024-01-15 15:51:26.583]:             ... false
[2024-01-15 15:51:26.583]:             ... starting copying engine content to the new jar file
[2024-01-15 15:51:26.599]:             ... total entries : 531
[2024-01-15 15:51:26.802]:             ... adding content list and some other stuff
[2024-01-15 15:51:26.958]:             Installer Engine has been cached to C:\Program Files\NetBeans-20\uninstall.jar
[2024-01-15 15:51:26.958]:         ... finished caching engine data
[2024-01-15 15:51:26.958]:         Create native launcher for windows-x64
[2024-01-15 15:51:26.958]:             Checking EXE launcher parameters...
[2024-01-15 15:51:26.958]:             Checking bundled jars...
[2024-01-15 15:51:26.958]:             Checking JVMs...
[2024-01-15 15:51:26.958]:             Checking output file name...
[2024-01-15 15:51:26.958]:             ... output is defined, adding extension
[2024-01-15 15:51:26.958]:             ... out file : C:\Program Files\NetBeans-20\uninstall.exe
[2024-01-15 15:51:26.958]:             Check i18n...
[2024-01-15 15:51:26.958]:             ... i18n properties were not set. using default from resources
[2024-01-15 15:51:26.958]:             ... loading i18n properties using prefix "native/launcher/windows/i18n/" with base name "launcher"
[2024-01-15 15:51:26.958]:             ... total engine resources: 531
[2024-01-15 15:51:26.958]:             ... total i18n resources: 1
[2024-01-15 15:51:26.958]:             Checking main class...
[2024-01-15 15:51:26.958]:             Checking testJVM file...
[2024-01-15 15:51:26.958]:             Checking testJVM class...
[2024-01-15 15:51:26.958]:             Checking compatible java properties...
[2024-01-15 15:51:27.541]:             Adding i18n...
[2024-01-15 15:51:27.557]:             JVM Arguments: -Xmx256m -Xms64m -Dnbi.local.directory.path=C:\Users\imrab\.nbi
[2024-01-15 15:51:27.557]:             App Arguments: --target nb-all 20.0.0.231123.0 --force-uninstall
[2024-01-15 15:51:27.557]:             Main Class : org.netbeans.installer.Installer
[2024-01-15 15:51:27.557]:             TestJVM Class : TestJDK
[2024-01-15 15:51:27.557]:             Total compatible java properties : 1
[2024-01-15 15:51:27.557]:                 ... adding compatible jvm [0] : <min version=1.8.0.0.0>
[2024-01-15 15:51:27.557]:             Adding JVM external locations and bundled files
[2024-01-15 15:51:27.557]:             ... overall number of files : 1
[2024-01-15 15:51:27.557]:                 adding file C:\Program Files\Java\jdk-21
[2024-01-15 15:51:27.557]:             Adding bundled and external jars
[2024-01-15 15:51:27.557]:             ... overall number of files : 1
[2024-01-15 15:51:27.557]:                 adding file C:\Program Files\NetBeans-20\uninstall.jar
[2024-01-15 15:51:27.557]:             Adding other resources
[2024-01-15 15:51:27.557]:             ... overall number of files : 0
[2024-01-15 15:51:27.557]:         [launcher] Time : 0.599 seconds
[2024-01-15 15:51:27.557]:         deleting file: C:\Program Files\NetBeans-20\uninstall.jar
[2024-01-15 15:51:27.557]:         adding new Add or Remove Programs entry with id [nbi-nb-all-20.0.0.231123.0]
[2024-01-15 15:51:27.557]:         Set 'DisplayName' = [Apache NetBeans IDE 20]
[2024-01-15 15:51:27.557]:         Set 'DisplayIcon' = [C:\Program Files\NetBeans-20\netbeans\bin\netbeans.exe]
[2024-01-15 15:51:27.557]:         Set 'InstallLocation' = [C:\Program Files\NetBeans-20]
[2024-01-15 15:51:27.557]:         Set 'NoModify' = [1]
[2024-01-15 15:51:27.557]:         Set 'UninstallString' = ["C:\Program Files\NetBeans-20\uninstall.exe"]
[2024-01-15 15:51:27.557]:         setting 6 values
[2024-01-15 15:51:27.557]:         URLUpdateInfo = https://netbeans.apache.org/downloads/index.html
[2024-01-15 15:51:27.557]:         Type is String. Set REG_SZ value
[2024-01-15 15:51:27.557]:         HelpLink = https://netbeans.apache.org/help/index.html
[2024-01-15 15:51:27.557]:         Type is String. Set REG_SZ value
[2024-01-15 15:51:27.557]:         Publisher = Apache NetBeans
[2024-01-15 15:51:27.557]:         Type is String. Set REG_SZ value
[2024-01-15 15:51:27.557]:         Readme = C:\Program Files\NetBeans-20\readme.html
[2024-01-15 15:51:27.557]:         Type is String. Set REG_SZ value
[2024-01-15 15:51:27.557]:         DisplayVersion = 20
[2024-01-15 15:51:27.557]:         Type is String. Set REG_SZ value
[2024-01-15 15:51:27.557]:         URLInfoAbout = https://netbeans.apache.org
[2024-01-15 15:51:27.557]:         Type is String. Set REG_SZ value
[2024-01-15 15:51:27.557]:         ... save installation files list
[2024-01-15 15:51:27.670]:     ... finished installation of Base IDE(nb-all/20.0.0.231123.0)
[2024-01-15 15:51:27.878]:     NameResolver - to parse Installing {0}...
[2024-01-15 15:51:27.878]:     Start installation of Extended IDE(nb-extide/20.0.0.231123.0)
[2024-01-15 15:51:27.878]:         NameResolver - to parse C:\Program Files\NetBeans-20
[2024-01-15 15:51:27.878]:         NameResolver - to parse C:\Program Files\NetBeans-20
[2024-01-15 15:51:27.878]:         NameResolver - to parse C:\Program Files\NetBeans-20
[2024-01-15 15:51:27.878]:         NameResolver - to parse C:\Program Files\NetBeans-20
[2024-01-15 15:51:27.878]:         ... extracting files from the data archives
[2024-01-15 15:51:27.878]:         NameResolver - to parse C:\Program Files\NetBeans-20
[2024-01-15 15:51:27.878]:         deleting file: C:\Users\imrab\AppData\Local\Temp\nbi-5421268978586980363.tmp
[2024-01-15 15:51:27.878]:         extracting C:\Program Files\NetBeans-20\netbeans\websvccommon\update_tracking\org-netbeans-modules-websvc-jaxwsmodelapi.xml
[2024-01-15 15:51:27.878]:         extracting C:\Program Files\NetBeans-20\netbeans\websvccommon\update_tracking\org-netbeans-modules-websvc-saas-codegen.xml
[2024-01-15 15:51:27.887]:         extracting C:\Program Files\NetBeans-20\netbeans\websvccommon\config\Modules\org-netbeans-modules-websvc-jaxwsmodelapi.xml
[2024-01-15 15:51:27.888]:         extracting C:\Program Files\NetBeans-20\netbeans\websvccommon\config\Modules\org-netbeans-modules-websvc-saas-codegen.xml
[2024-01-15 15:51:27.888]:         extracting C:\Program Files\NetBeans-20\netbeans\websvccommon\update_tracking\org-netbeans-modules-websvc-saas-kit.xml
[2024-01-15 15:51:27.888]:         extracting C:\Program Files\NetBeans-20\netbeans\websvccommon\update_tracking\org-netbeans-modules-websvc-saas-api.xml
[2024-01-15 15:51:27.888]:         extracting C:\Program Files\NetBeans-20\netbeans\websvccommon\update_tracking\org-netbeans-modules-websvc-saas-ui.xml
[2024-01-15 15:51:27.888]:         extracting C:\Program Files\NetBeans-20\netbeans\websvccommon\config\Modules\org-netbeans-modules-websvc-saas-kit.xml
[2024-01-15 15:51:27.888]:         extracting C:\Program Files\NetBeans-20\netbeans\websvccommon\config\Modules\org-netbeans-modules-websvc-saas-api.xml
[2024-01-15 15:51:27.888]:         extracting C:\Program Files\NetBeans-20\netbeans\websvccommon\config\Modules\org-netbeans-modules-websvc-saas-ui.xml
[2024-01-15 15:51:27.888]:         extracting C:\Program Files\NetBeans-20\netbeans\websvccommon\modules\org-netbeans-modules-websvc-jaxwsmodelapi.jar
[2024-01-15 15:51:27.888]:         extracting C:\Program Files\NetBeans-20\netbeans\websvccommon\modules\org-netbeans-modules-websvc-saas-codegen.jar
[2024-01-15 15:51:27.888]:         extracting C:\Program Files\NetBeans-20\netbeans\websvccommon\modules\org-netbeans-modules-websvc-saas-kit.jar
[2024-01-15 15:51:27.888]:         extracting C:\Program Files\NetBeans-20\netbeans\websvccommon\modules\org-netbeans-modules-websvc-saas-api.jar
[2024-01-15 15:51:27.888]:         extracting C:\Program Files\NetBeans-20\netbeans\websvccommon\modules\org-netbeans-modules-websvc-saas-ui.jar
[2024-01-15 15:51:27.904]:         extracting C:\Program Files\NetBeans-20\netbeans\websvccommon\modules\ext\build-jaxb.xml
[2024-01-15 15:51:27.905]:         extracting C:\Program Files\NetBeans-20\netbeans\websvccommon\update_tracking
[2024-01-15 15:51:27.906]:         extracting C:\Program Files\NetBeans-20\netbeans\websvccommon\config\Modules
[2024-01-15 15:51:27.906]:         extracting C:\Program Files\NetBeans-20\netbeans\websvccommon\.lastModified
[2024-01-15 15:51:27.906]:         extracting C:\Program Files\NetBeans-20\netbeans\websvccommon\VERSION.txt
[2024-01-15 15:51:27.907]:         extracting C:\Program Files\NetBeans-20\netbeans\websvccommon\modules\ext
[2024-01-15 15:51:27.907]:         extracting C:\Program Files\NetBeans-20\netbeans\websvccommon\modules
[2024-01-15 15:51:27.907]:         extracting C:\Program Files\NetBeans-20\netbeans\websvccommon\config
[2024-01-15 15:51:27.907]:         extracting C:\Program Files\NetBeans-20\netbeans\websvccommon
[2024-01-15 15:51:27.907]:         extracting C:\Program Files\NetBeans-20\netbeans
[2024-01-15 15:51:27.907]:         deleting file: C:\Users\imrab\.nbi\tmp\data,1.jar.0
[2024-01-15 15:51:27.908]:         ... saving legal artifacts if required
[2024-01-15 15:51:27.908]:         ... running installation logic
[2024-01-15 15:51:27.908]:         NameResolver - to parse C:\Program Files\NetBeans-20
[2024-01-15 15:51:27.908]:         NameResolver - to parse C:\Program Files\NetBeans-20
[2024-01-15 15:51:27.909]:         Modifying netbeans.conf for NetBeans installed at C:\Program Files\NetBeans-20 by adding cluster "extide"
[2024-01-15 15:51:27.909]:         ... initial list of clusters : 
[2024-01-15 15:51:27.910]:             # Licensed to the Apache Software Foundation (ASF) under one
[2024-01-15 15:51:27.910]:             # or more contributor license agreements.  See the NOTICE file
[2024-01-15 15:51:27.910]:             # distributed with this work for additional information
[2024-01-15 15:51:27.910]:             # regarding copyright ownership.  The ASF licenses this file
[2024-01-15 15:51:27.910]:             # to you under the Apache License, Version 2.0 (the
[2024-01-15 15:51:27.910]:             # "License"); you may not use this file except in compliance
[2024-01-15 15:51:27.910]:             # with the License.  You may obtain a copy of the License at
[2024-01-15 15:51:27.910]:             #
[2024-01-15 15:51:27.910]:             #   http://www.apache.org/licenses/LICENSE-2.0
[2024-01-15 15:51:27.910]:             #
[2024-01-15 15:51:27.910]:             # Unless required by applicable law or agreed to in writing,
[2024-01-15 15:51:27.910]:             # software distributed under the License is distributed on an
[2024-01-15 15:51:27.910]:             # "AS IS" BASIS, WITHOUT WARRANTIES OR CONDITIONS OF ANY
[2024-01-15 15:51:27.910]:             # KIND, either express or implied.  See the License for the
[2024-01-15 15:51:27.910]:             # specific language governing permissions and limitations
[2024-01-15 15:51:27.910]:             # under the License.
[2024-01-15 15:51:27.910]:             
[2024-01-15 15:51:27.910]:             # platform cluster first
[2024-01-15 15:51:27.910]:             platform
[2024-01-15 15:51:27.910]:             # application cluster second
[2024-01-15 15:51:27.910]:             nb
[2024-01-15 15:51:27.910]:             # ergonomics cluster if present
[2024-01-15 15:51:27.910]:             ergonomics
[2024-01-15 15:51:27.910]:             # and now the rest
[2024-01-15 15:51:27.910]:             ide
[2024-01-15 15:51:27.910]:             extide
[2024-01-15 15:51:27.910]:             java
[2024-01-15 15:51:27.910]:             apisupport
[2024-01-15 15:51:27.910]:             webcommon
[2024-01-15 15:51:27.910]:             websvccommon
[2024-01-15 15:51:27.910]:             enterprise
[2024-01-15 15:51:27.910]:             mobility
[2024-01-15 15:51:27.910]:             profiler
[2024-01-15 15:51:27.910]:             python
[2024-01-15 15:51:27.910]:             php
[2024-01-15 15:51:27.926]:             identity
[2024-01-15 15:51:27.926]:             harness
[2024-01-15 15:51:27.926]:             cnd
[2024-01-15 15:51:27.926]:             cndext
[2024-01-15 15:51:27.926]:             cpplite
[2024-01-15 15:51:27.926]:             dlight
[2024-01-15 15:51:27.926]:             groovy
[2024-01-15 15:51:27.926]:             extra
[2024-01-15 15:51:27.926]:             javacard
[2024-01-15 15:51:27.926]:             javafx
[2024-01-15 15:51:27.926]:             rust
[2024-01-15 15:51:27.926]:         ... requested cluster already exist, do nothing
[2024-01-15 15:51:27.926]:         Modifying netbeans.conf for NetBeans installed at C:\Program Files\NetBeans-20 by adding cluster "websvccommon"
[2024-01-15 15:51:27.926]:         ... initial list of clusters : 
[2024-01-15 15:51:27.926]:             # Licensed to the Apache Software Foundation (ASF) under one
[2024-01-15 15:51:27.926]:             # or more contributor license agreements.  See the NOTICE file
[2024-01-15 15:51:27.926]:             # distributed with this work for additional information
[2024-01-15 15:51:27.926]:             # regarding copyright ownership.  The ASF licenses this file
[2024-01-15 15:51:27.926]:             # to you under the Apache License, Version 2.0 (the
[2024-01-15 15:51:27.926]:             # "License"); you may not use this file except in compliance
[2024-01-15 15:51:27.926]:             # with the License.  You may obtain a copy of the License at
[2024-01-15 15:51:27.926]:             #
[2024-01-15 15:51:27.926]:             #   http://www.apache.org/licenses/LICENSE-2.0
[2024-01-15 15:51:27.926]:             #
[2024-01-15 15:51:27.926]:             # Unless required by applicable law or agreed to in writing,
[2024-01-15 15:51:27.926]:             # software distributed under the License is distributed on an
[2024-01-15 15:51:27.926]:             # "AS IS" BASIS, WITHOUT WARRANTIES OR CONDITIONS OF ANY
[2024-01-15 15:51:27.926]:             # KIND, either express or implied.  See the License for the
[2024-01-15 15:51:27.926]:             # specific language governing permissions and limitations
[2024-01-15 15:51:27.926]:             # under the License.
[2024-01-15 15:51:27.926]:             
[2024-01-15 15:51:27.926]:             # platform cluster first
[2024-01-15 15:51:27.926]:             platform
[2024-01-15 15:51:27.926]:             # application cluster second
[2024-01-15 15:51:27.926]:             nb
[2024-01-15 15:51:27.926]:             # ergonomics cluster if present
[2024-01-15 15:51:27.926]:             ergonomics
[2024-01-15 15:51:27.926]:             # and now the rest
[2024-01-15 15:51:27.926]:             ide
[2024-01-15 15:51:27.926]:             extide
[2024-01-15 15:51:27.926]:             java
[2024-01-15 15:51:27.926]:             apisupport
[2024-01-15 15:51:27.926]:             webcommon
[2024-01-15 15:51:27.926]:             websvccommon
[2024-01-15 15:51:27.926]:             enterprise
[2024-01-15 15:51:27.926]:             mobility
[2024-01-15 15:51:27.926]:             profiler
[2024-01-15 15:51:27.926]:             python
[2024-01-15 15:51:27.926]:             php
[2024-01-15 15:51:27.926]:             identity
[2024-01-15 15:51:27.926]:             harness
[2024-01-15 15:51:27.926]:             cnd
[2024-01-15 15:51:27.926]:             cndext
[2024-01-15 15:51:27.926]:             cpplite
[2024-01-15 15:51:27.926]:             dlight
[2024-01-15 15:51:27.926]:             groovy
[2024-01-15 15:51:27.926]:             extra
[2024-01-15 15:51:27.926]:             javacard
[2024-01-15 15:51:27.926]:             javafx
[2024-01-15 15:51:27.926]:             rust
[2024-01-15 15:51:27.926]:         ... requested cluster already exist, do nothing
[2024-01-15 15:51:27.926]:             child = bin
[2024-01-15 15:51:27.926]:             child = cpplite
[2024-01-15 15:51:27.926]:             child = DEPENDENCIES
[2024-01-15 15:51:27.926]:             child = etc
[2024-01-15 15:51:27.926]:             child = extide
[2024-01-15 15:51:27.942]:             child = harness
[2024-01-15 15:51:27.942]:             child = ide
[2024-01-15 15:51:27.942]:             child = LICENSE
[2024-01-15 15:51:27.942]:             child = licenses
[2024-01-15 15:51:27.942]:             child = nb
[2024-01-15 15:51:27.942]:         ... register in system, create uninstaller, etc
[2024-01-15 15:51:27.942]:         ... save installation files list
[2024-01-15 15:51:27.942]:     ... finished installation of Extended IDE(nb-extide/20.0.0.231123.0)
[2024-01-15 15:51:28.148]:     NameResolver - to parse Installing {0}...
[2024-01-15 15:51:28.148]:     Start installation of HTML5/JavaScript(nb-webcommon/20.0.0.231123.0)
[2024-01-15 15:51:28.148]:         NameResolver - to parse C:\Program Files\NetBeans-20
[2024-01-15 15:51:28.148]:         NameResolver - to parse C:\Program Files\NetBeans-20
[2024-01-15 15:51:28.148]:         NameResolver - to parse C:\Program Files\NetBeans-20
[2024-01-15 15:51:28.148]:         NameResolver - to parse C:\Program Files\NetBeans-20
[2024-01-15 15:51:28.148]:         ... extracting files from the data archives
[2024-01-15 15:51:28.148]:         NameResolver - to parse C:\Program Files\NetBeans-20
[2024-01-15 15:51:28.148]:         deleting file: C:\Users\imrab\AppData\Local\Temp\nbi-11718424920399811874.tmp
[2024-01-15 15:51:28.148]:         extracting C:\Program Files\NetBeans-20\netbeans\webcommon\typescript-lsp\node_modules\typescript\loc\lcl\TRK\TypeScriptLanguageService\Microsoft.CodeAnalysis.TypeScript.EditorFeatures.dll.lcl
[2024-01-15 15:51:28.148]:         extracting C:\Program Files\NetBeans-20\netbeans\webcommon\typescript-lsp\node_modules\typescript\loc\lcl\CHS\TypeScriptLanguageService\Microsoft.CodeAnalysis.TypeScript.EditorFeatures.dll.lcl
[2024-01-15 15:51:28.148]:         extracting C:\Program Files\NetBeans-20\netbeans\webcommon\typescript-lsp\node_modules\typescript\loc\lcl\DEU\TypeScriptLanguageService\Microsoft.CodeAnalysis.TypeScript.EditorFeatures.dll.lcl
[2024-01-15 15:51:28.148]:         extracting C:\Program Files\NetBeans-20\netbeans\webcommon\typescript-lsp\node_modules\typescript\loc\lcl\KOR\TypeScriptLanguageService\Microsoft.CodeAnalysis.TypeScript.EditorFeatures.dll.lcl
[2024-01-15 15:51:28.164]:         extracting C:\Program Files\NetBeans-20\netbeans\webcommon\typescript-lsp\node_modules\typescript\loc\lcl\PLK\TypeScriptLanguageService\Microsoft.CodeAnalysis.TypeScript.EditorFeatures.dll.lcl
[2024-01-15 15:51:28.164]:         extracting C:\Program Files\NetBeans-20\netbeans\webcommon\typescript-lsp\node_modules\typescript\loc\lcl\ESN\TypeScriptLanguageService\Microsoft.CodeAnalysis.TypeScript.EditorFeatures.dll.lcl
[2024-01-15 15:51:28.164]:         extracting C:\Program Files\NetBeans-20\netbeans\webcommon\typescript-lsp\node_modules\typescript\loc\lcl\JPN\TypeScriptLanguageService\Microsoft.CodeAnalysis.TypeScript.EditorFeatures.dll.lcl
[2024-01-15 15:51:28.164]:         extracting C:\Program Files\NetBeans-20\netbeans\webcommon\typescript-lsp\node_modules\typescript\loc\lcl\RUS\TypeScriptLanguageService\Microsoft.CodeAnalysis.TypeScript.EditorFeatures.dll.lcl
[2024-01-15 15:51:28.164]:         extracting C:\Program Files\NetBeans-20\netbeans\webcommon\typescript-lsp\node_modules\typescript\loc\lcl\ITA\TypeScriptLanguageService\Microsoft.CodeAnalysis.TypeScript.EditorFeatures.dll.lcl
[2024-01-15 15:51:28.164]:         extracting C:\Program Files\NetBeans-20\netbeans\webcommon\typescript-lsp\node_modules\typescript\loc\lcl\PTB\TypeScriptLanguageService\Microsoft.CodeAnalysis.TypeScript.EditorFeatures.dll.lcl
[2024-01-15 15:51:28.164]:         extracting C:\Program Files\NetBeans-20\netbeans\webcommon\typescript-lsp\node_modules\typescript\loc\lcl\CHT\TypeScriptLanguageService\Microsoft.CodeAnalysis.TypeScript.EditorFeatures.dll.lcl
[2024-01-15 15:51:28.164]:         extracting C:\Program Files\NetBeans-20\netbeans\webcommon\typescript-lsp\node_modules\typescript\loc\lcl\CSY\TypeScriptLanguageService\Microsoft.CodeAnalysis.TypeScript.EditorFeatures.dll.lcl
[2024-01-15 15:51:28.164]:         extracting C:\Program Files\NetBeans-20\netbeans\webcommon\typescript-lsp\node_modules\typescript\loc\lcl\FRA\TypeScriptLanguageService\Microsoft.CodeAnalysis.TypeScript.EditorFeatures.dll.lcl
[2024-01-15 15:51:28.164]:         extracting C:\Program Files\NetBeans-20\netbeans\webcommon\typescript-lsp\node_modules\typescript\loc\lcl\TRK\TypeScriptDebugEngine\TypeScriptDebugEngine.dll.lcl
[2024-01-15 15:51:28.179]:         extracting C:\Program Files\NetBeans-20\netbeans\webcommon\typescript-lsp\node_modules\typescript\loc\lcl\CHS\TypeScriptDebugEngine\TypeScriptDebugEngine.dll.lcl
[2024-01-15 15:51:28.179]:         extracting C:\Program Files\NetBeans-20\netbeans\webcommon\typescript-lsp\node_modules\typescript\loc\lcl\DEU\TypeScriptDebugEngine\TypeScriptDebugEngine.dll.lcl
[2024-01-15 15:51:28.179]:         extracting C:\Program Files\NetBeans-20\netbeans\webcommon\typescript-lsp\node_modules\typescript\loc\lcl\KOR\TypeScriptDebugEngine\TypeScriptDebugEngine.dll.lcl
[2024-01-15 15:51:28.179]:         extracting C:\Program Files\NetBeans-20\netbeans\webcommon\typescript-lsp\node_modules\typescript\loc\lcl\PLK\TypeScriptDebugEngine\TypeScriptDebugEngine.dll.lcl
[2024-01-15 15:51:28.179]:         extracting C:\Program Files\NetBeans-20\netbeans\webcommon\typescript-lsp\node_modules\typescript\loc\lcl\ESN\TypeScriptDebugEngine\TypeScriptDebugEngine.dll.lcl
[2024-01-15 15:51:28.179]:         extracting C:\Program Files\NetBeans-20\netbeans\webcommon\typescript-lsp\node_modules\typescript\loc\lcl\JPN\TypeScriptDebugEngine\TypeScriptDebugEngine.dll.lcl
[2024-01-15 15:51:28.179]:         extracting C:\Program Files\NetBeans-20\netbeans\webcommon\typescript-lsp\node_modules\typescript\loc\lcl\RUS\TypeScriptDebugEngine\TypeScriptDebugEngine.dll.lcl
[2024-01-15 15:51:28.179]:         extracting C:\Program Files\NetBeans-20\netbeans\webcommon\typescript-lsp\node_modules\typescript\loc\lcl\ITA\TypeScriptDebugEngine\TypeScriptDebugEngine.dll.lcl
[2024-01-15 15:51:28.179]:         extracting C:\Program Files\NetBeans-20\netbeans\webcommon\typescript-lsp\node_modules\typescript\loc\lcl\PTB\TypeScriptDebugEngine\TypeScriptDebugEngine.dll.lcl
[2024-01-15 15:51:28.179]:         extracting C:\Program Files\NetBeans-20\netbeans\webcommon\typescript-lsp\node_modules\typescript\loc\lcl\CHT\TypeScriptDebugEngine\TypeScriptDebugEngine.dll.lcl
[2024-01-15 15:51:28.179]:         extracting C:\Program Files\NetBeans-20\netbeans\webcommon\typescript-lsp\node_modules\typescript\loc\lcl\CSY\TypeScriptDebugEngine\TypeScriptDebugEngine.dll.lcl
[2024-01-15 15:51:28.179]:         extracting C:\Program Files\NetBeans-20\netbeans\webcommon\typescript-lsp\node_modules\typescript\loc\lcl\FRA\TypeScriptDebugEngine\TypeScriptDebugEngine.dll.lcl
[2024-01-15 15:51:28.179]:         extracting C:\Program Files\NetBeans-20\netbeans\webcommon\typescript-lsp\node_modules\vscode-languageserver-protocol\lib\common\protocol.linkedEditingRange.d.ts
[2024-01-15 15:51:28.179]:         extracting C:\Program Files\NetBeans-20\netbeans\webcommon\typescript-lsp\node_modules\vscode-languageserver-protocol\lib\common\protocol.linkedEditingRange.js
[2024-01-15 15:51:28.179]:         extracting C:\Program Files\NetBeans-20\netbeans\webcommon\typescript-lsp\node_modules\vscode-languageserver-protocol\lib\common\protocol.workspaceFolders.d.ts
[2024-01-15 15:51:28.179]:         extracting C:\Program Files\NetBeans-20\netbeans\webcommon\typescript-lsp\node_modules\vscode-languageserver-protocol\lib\common\protocol.fileOperations.d.ts
[2024-01-15 15:51:28.179]:         extracting C:\Program Files\NetBeans-20\netbeans\webcommon\typescript-lsp\node_modules\vscode-languageserver-protocol\lib\common\protocol.selectionRange.d.ts
[2024-01-15 15:51:28.179]:         extracting C:\Program Files\NetBeans-20\netbeans\webcommon\typescript-lsp\node_modules\vscode-languageserver-protocol\lib\common\protocol.workspaceFolders.js
[2024-01-15 15:51:28.179]:         extracting C:\Program Files\NetBeans-20\netbeans\webcommon\typescript-lsp\node_modules\vscode-languageserver-protocol\lib\common\protocol.implementation.d.ts
[2024-01-15 15:51:28.179]:         extracting C:\Program Files\NetBeans-20\netbeans\webcommon\typescript-lsp\node_modules\vscode-languageserver-protocol\lib\common\protocol.typeDefinition.d.ts
[2024-01-15 15:51:28.179]:         extracting C:\Program Files\NetBeans-20\netbeans\webcommon\typescript-lsp\node_modules\vscode-languageserver-protocol\lib\common\protocol.semanticTokens.d.ts
[2024-01-15 15:51:28.195]:         extracting C:\Program Files\NetBeans-20\netbeans\webcommon\typescript-lsp\node_modules\vscode-languageserver-protocol\lib\common\protocol.configuration.d.ts
[2024-01-15 15:51:28.195]:         extracting C:\Program Files\NetBeans-20\netbeans\webcommon\typescript-lsp\node_modules\vscode-languageserver-protocol\lib\common\protocol.callHierarchy.d.ts
[2024-01-15 15:51:28.195]:         extracting C:\Program Files\NetBeans-20\netbeans\webcommon\typescript-lsp\node_modules\vscode-languageserver-protocol\lib\common\protocol.colorProvider.d.ts
[2024-01-15 15:51:28.195]:         extracting C:\Program Files\NetBeans-20\netbeans\webcommon\typescript-lsp\node_modules\vscode-languageserver-protocol\lib\common\protocol.showDocument.d.ts
[2024-01-15 15:51:28.195]:         extracting C:\Program Files\NetBeans-20\netbeans\webcommon\typescript-lsp\node_modules\vscode-languageserver-protocol\lib\common\protocol.fileOperations.js
[2024-01-15 15:51:28.195]:         extracting C:\Program Files\NetBeans-20\netbeans\webcommon\typescript-lsp\node_modules\vscode-languageserver-protocol\lib\common\protocol.typeDefinition.js
[2024-01-15 15:51:28.195]:         extracting C:\Program Files\NetBeans-20\netbeans\webcommon\typescript-lsp\node_modules\vscode-languageserver-protocol\lib\common\protocol.implementation.js
[2024-01-15 15:51:28.195]:         extracting C:\Program Files\NetBeans-20\netbeans\webcommon\typescript-lsp\node_modules\vscode-languageserver-protocol\lib\common\protocol.semanticTokens.js
[2024-01-15 15:51:28.195]:         extracting C:\Program Files\NetBeans-20\netbeans\webcommon\typescript-lsp\node_modules\vscode-languageserver-protocol\lib\common\protocol.selectionRange.js
[2024-01-15 15:51:28.195]:         extracting C:\Program Files\NetBeans-20\netbeans\webcommon\typescript-lsp\node_modules\vscode-languageserver-protocol\lib\common\protocol.foldingRange.d.ts
[2024-01-15 15:51:28.195]:         extracting C:\Program Files\NetBeans-20\netbeans\webcommon\typescript-lsp\node_modules\typescript-language-server\lib\lsp-protocol.calls.proposed.d.ts.map
[2024-01-15 15:51:28.195]:         extracting C:\Program Files\NetBeans-20\netbeans\webcommon\typescript-lsp\node_modules\typescript\loc\lcl\TRK\Targets\TypeScriptProjectProperties.xaml.lcl
[2024-01-15 15:51:28.195]:         extracting C:\Program Files\NetBeans-20\netbeans\webcommon\typescript-lsp\node_modules\typescript\loc\lcl\CHS\Targets\TypeScriptProjectProperties.xaml.lcl
[2024-01-15 15:51:28.195]:         extracting C:\Program Files\NetBeans-20\netbeans\webcommon\typescript-lsp\node_modules\typescript\loc\lcl\DEU\Targets\TypeScriptProjectProperties.xaml.lcl
[2024-01-15 15:51:28.204]:         extracting C:\Program Files\NetBeans-20\netbeans\webcommon\typescript-lsp\node_modules\typescript\loc\lcl\KOR\Targets\TypeScriptProjectProperties.xaml.lcl
[2024-01-15 15:51:28.205]:         extracting C:\Program Files\NetBeans-20\netbeans\webcommon\typescript-lsp\node_modules\typescript\loc\lcl\PLK\Targets\TypeScriptProjectProperties.xaml.lcl
[2024-01-15 15:51:28.206]:         extracting C:\Program Files\NetBeans-20\netbeans\webcommon\typescript-lsp\node_modules\typescript\loc\lcl\ESN\Targets\TypeScriptProjectProperties.xaml.lcl
[2024-01-15 15:51:28.207]:         extracting C:\Program Files\NetBeans-20\netbeans\webcommon\typescript-lsp\node_modules\typescript\loc\lcl\JPN\Targets\TypeScriptProjectProperties.xaml.lcl
[2024-01-15 15:51:28.207]:         extracting C:\Program Files\NetBeans-20\netbeans\webcommon\typescript-lsp\node_modules\typescript\loc\lcl\RUS\Targets\TypeScriptProjectProperties.xaml.lcl
[2024-01-15 15:51:28.207]:         extracting C:\Program Files\NetBeans-20\netbeans\webcommon\typescript-lsp\node_modules\typescript\loc\lcl\ITA\Targets\TypeScriptProjectProperties.xaml.lcl
[2024-01-15 15:51:28.207]:         extracting C:\Program Files\NetBeans-20\netbeans\webcommon\typescript-lsp\node_modules\typescript\loc\lcl\PTB\Targets\TypeScriptProjectProperties.xaml.lcl
[2024-01-15 15:51:28.207]:         extracting C:\Program Files\NetBeans-20\netbeans\webcommon\typescript-lsp\node_modules\typescript\loc\lcl\CHT\Targets\TypeScriptProjectProperties.xaml.lcl
[2024-01-15 15:51:28.223]:         extracting C:\Program Files\NetBeans-20\netbeans\webcommon\typescript-lsp\node_modules\typescript\loc\lcl\CSY\Targets\TypeScriptProjectProperties.xaml.lcl
[2024-01-15 15:51:28.223]:         extracting C:\Program Files\NetBeans-20\netbeans\webcommon\typescript-lsp\node_modules\typescript\loc\lcl\FRA\Targets\TypeScriptProjectProperties.xaml.lcl
[2024-01-15 15:51:28.223]:         extracting C:\Program Files\NetBeans-20\netbeans\webcommon\typescript-lsp\node_modules\vscode-languageserver-protocol\lib\common\protocol.declaration.d.ts
[2024-01-15 15:51:28.223]:         extracting C:\Program Files\NetBeans-20\netbeans\webcommon\typescript-lsp\node_modules\vscode-languageserver-protocol\lib\common\protocol.configuration.js
[2024-01-15 15:51:28.223]:         extracting C:\Program Files\NetBeans-20\netbeans\webcommon\typescript-lsp\node_modules\vscode-languageserver-protocol\lib\common\protocol.callHierarchy.js
[2024-01-15 15:51:28.223]:         extracting C:\Program Files\NetBeans-20\netbeans\webcommon\typescript-lsp\node_modules\vscode-languageserver-protocol\lib\common\protocol.colorProvider.js
[2024-01-15 15:51:28.223]:         extracting C:\Program Files\NetBeans-20\netbeans\webcommon\typescript-lsp\node_modules\vscode-languageserver-protocol\lib\common\protocol.showDocument.js
[2024-01-15 15:51:28.223]:         extracting C:\Program Files\NetBeans-20\netbeans\webcommon\typescript-lsp\node_modules\vscode-languageserver-protocol\lib\common\protocol.foldingRange.js
[2024-01-15 15:51:28.223]:         extracting C:\Program Files\NetBeans-20\netbeans\webcommon\typescript-lsp\node_modules\typescript-language-server\lib\lsp-protocol.calls.proposed.js.map
[2024-01-15 15:51:28.223]:         extracting C:\Program Files\NetBeans-20\netbeans\webcommon\typescript-lsp\node_modules\vscode-languageserver-protocol\lib\common\protocol.declaration.js
[2024-01-15 15:51:28.223]:         extracting C:\Program Files\NetBeans-20\netbeans\webcommon\typescript-lsp\node_modules\vscode-languageserver-protocol\lib\common\protocol.progress.d.ts
[2024-01-15 15:51:28.223]:         extracting C:\Program Files\NetBeans-20\netbeans\webcommon\typescript-lsp\node_modules\typescript-language-server\lib\lsp-protocol.calls.proposed.d.ts
[2024-01-15 15:51:28.223]:         extracting C:\Program Files\NetBeans-20\netbeans\webcommon\typescript-lsp\node_modules\typescript\loc\lcl\TRK\TypeScriptTasks\TypeScript.Tasks.dll.lcl
[2024-01-15 15:51:28.223]:         extracting C:\Program Files\NetBeans-20\netbeans\webcommon\typescript-lsp\node_modules\typescript\loc\lcl\CHS\TypeScriptTasks\TypeScript.Tasks.dll.lcl
[2024-01-15 15:51:28.223]:         extracting C:\Program Files\NetBeans-20\netbeans\webcommon\typescript-lsp\node_modules\typescript\loc\lcl\DEU\TypeScriptTasks\TypeScript.Tasks.dll.lcl
[2024-01-15 15:51:28.223]:         extracting C:\Program Files\NetBeans-20\netbeans\webcommon\typescript-lsp\node_modules\typescript\loc\lcl\KOR\TypeScriptTasks\TypeScript.Tasks.dll.lcl
[2024-01-15 15:51:28.223]:         extracting C:\Program Files\NetBeans-20\netbeans\webcommon\typescript-lsp\node_modules\typescript\loc\lcl\PLK\TypeScriptTasks\TypeScript.Tasks.dll.lcl
[2024-01-15 15:51:28.223]:         extracting C:\Program Files\NetBeans-20\netbeans\webcommon\typescript-lsp\node_modules\typescript\loc\lcl\ESN\TypeScriptTasks\TypeScript.Tasks.dll.lcl
[2024-01-15 15:51:28.223]:         extracting C:\Program Files\NetBeans-20\netbeans\webcommon\typescript-lsp\node_modules\typescript\loc\lcl\JPN\TypeScriptTasks\TypeScript.Tasks.dll.lcl
[2024-01-15 15:51:28.223]:         extracting C:\Program Files\NetBeans-20\netbeans\webcommon\typescript-lsp\node_modules\typescript\loc\lcl\RUS\TypeScriptTasks\TypeScript.Tasks.dll.lcl
[2024-01-15 15:51:28.223]:         extracting C:\Program Files\NetBeans-20\netbeans\webcommon\typescript-lsp\node_modules\typescript\loc\lcl\ITA\TypeScriptTasks\TypeScript.Tasks.dll.lcl
[2024-01-15 15:51:28.238]:         extracting C:\Program Files\NetBeans-20\netbeans\webcommon\typescript-lsp\node_modules\typescript\loc\lcl\PTB\TypeScriptTasks\TypeScript.Tasks.dll.lcl
[2024-01-15 15:51:28.238]:         extracting C:\Program Files\NetBeans-20\netbeans\webcommon\typescript-lsp\node_modules\typescript\loc\lcl\CHT\TypeScriptTasks\TypeScript.Tasks.dll.lcl
[2024-01-15 15:51:28.238]:         extracting C:\Program Files\NetBeans-20\netbeans\webcommon\typescript-lsp\node_modules\typescript\loc\lcl\CSY\TypeScriptTasks\TypeScript.Tasks.dll.lcl
[2024-01-15 15:51:28.238]:         extracting C:\Program Files\NetBeans-20\netbeans\webcommon\typescript-lsp\node_modules\typescript\loc\lcl\FRA\TypeScriptTasks\TypeScript.Tasks.dll.lcl
[2024-01-15 15:51:28.238]:         extracting C:\Program Files\NetBeans-20\netbeans\webcommon\typescript-lsp\node_modules\vscode-languageserver-protocol\lib\common\protocol.moniker.d.ts
[2024-01-15 15:51:28.238]:         extracting C:\Program Files\NetBeans-20\netbeans\webcommon\typescript-lsp\node_modules\vscode-languageserver-protocol\lib\common\protocol.progress.js
[2024-01-15 15:51:28.238]:         extracting C:\Program Files\NetBeans-20\netbeans\webcommon\typescript-lsp\node_modules\typescript-language-server\lib\lsp-protocol.calls.proposed.js
[2024-01-15 15:51:28.238]:         extracting C:\Program Files\NetBeans-20\netbeans\webcommon\typescript-lsp\node_modules\typescript-language-server\lib\modules-resolver.spec.d.ts.map
[2024-01-15 15:51:28.238]:         extracting C:\Program Files\NetBeans-20\netbeans\webcommon\typescript-lsp\node_modules\vscode-languageserver-protocol\lib\common\protocol.moniker.js
[2024-01-15 15:51:28.238]:         extracting C:\Program Files\NetBeans-20\netbeans\webcommon\typescript-lsp\node_modules\typescript-language-server\lib\file-lsp-server.spec.d.ts.map
[2024-01-15 15:51:28.238]:         extracting C:\Program Files\NetBeans-20\netbeans\webcommon\typescript-lsp\node_modules\typescript-language-server\lib\protocol-translation.d.ts.map
[2024-01-15 15:51:28.238]:         extracting C:\Program Files\NetBeans-20\netbeans\webcommon\typescript-lsp\node_modules\typescript-language-server\lib\modules-resolver.spec.js.map
[2024-01-15 15:51:28.238]:         extracting C:\Program Files\NetBeans-20\netbeans\webcommon\typescript-lsp\node_modules\typescript-language-server\lib\file-lsp-server.spec.js.map
[2024-01-15 15:51:28.238]:         extracting C:\Program Files\NetBeans-20\netbeans\webcommon\typescript-lsp\node_modules\typescript-language-server\lib\protocol-translation.js.map
[2024-01-15 15:51:28.238]:         extracting C:\Program Files\NetBeans-20\netbeans\webcommon\typescript-lsp\node_modules\typescript\loc\lcl\TRK\Targets\ProjectItemsSchema.xaml.lcl
[2024-01-15 15:51:28.238]:         extracting C:\Program Files\NetBeans-20\netbeans\webcommon\typescript-lsp\node_modules\typescript\loc\lcl\CHS\Targets\ProjectItemsSchema.xaml.lcl
[2024-01-15 15:51:28.238]:         extracting C:\Program Files\NetBeans-20\netbeans\webcommon\typescript-lsp\node_modules\typescript\loc\lcl\DEU\Targets\ProjectItemsSchema.xaml.lcl
[2024-01-15 15:51:28.238]:         extracting C:\Program Files\NetBeans-20\netbeans\webcommon\typescript-lsp\node_modules\typescript\loc\lcl\KOR\Targets\ProjectItemsSchema.xaml.lcl
[2024-01-15 15:51:28.238]:         extracting C:\Program Files\NetBeans-20\netbeans\webcommon\typescript-lsp\node_modules\typescript\loc\lcl\PLK\Targets\ProjectItemsSchema.xaml.lcl
[2024-01-15 15:51:28.238]:         extracting C:\Program Files\NetBeans-20\netbeans\webcommon\typescript-lsp\node_modules\typescript\loc\lcl\ESN\Targets\ProjectItemsSchema.xaml.lcl
[2024-01-15 15:51:28.238]:         extracting C:\Program Files\NetBeans-20\netbeans\webcommon\typescript-lsp\node_modules\typescript\loc\lcl\JPN\Targets\ProjectItemsSchema.xaml.lcl
[2024-01-15 15:51:28.238]:         extracting C:\Program Files\NetBeans-20\netbeans\webcommon\typescript-lsp\node_modules\typescript\loc\lcl\RUS\Targets\ProjectItemsSchema.xaml.lcl
[2024-01-15 15:51:28.238]:         extracting C:\Program Files\NetBeans-20\netbeans\webcommon\typescript-lsp\node_modules\typescript\loc\lcl\ITA\Targets\ProjectItemsSchema.xaml.lcl
[2024-01-15 15:51:28.254]:         extracting C:\Program Files\NetBeans-20\netbeans\webcommon\typescript-lsp\node_modules\typescript\loc\lcl\PTB\Targets\ProjectItemsSchema.xaml.lcl
[2024-01-15 15:51:28.254]:         extracting C:\Program Files\NetBeans-20\netbeans\webcommon\typescript-lsp\node_modules\typescript\loc\lcl\CHT\Targets\ProjectItemsSchema.xaml.lcl
[2024-01-15 15:51:28.254]:         extracting C:\Program Files\NetBeans-20\netbeans\webcommon\typescript-lsp\node_modules\typescript\loc\lcl\CSY\Targets\ProjectItemsSchema.xaml.lcl
[2024-01-15 15:51:28.254]:         extracting C:\Program Files\NetBeans-20\netbeans\webcommon\typescript-lsp\node_modules\typescript\loc\lcl\FRA\Targets\ProjectItemsSchema.xaml.lcl
[2024-01-15 15:51:28.254]:         extracting C:\Program Files\NetBeans-20\netbeans\webcommon\typescript-lsp\node_modules\typescript-language-server\lib\tsp-command-types.d.ts.map
[2024-01-15 15:51:28.254]:         extracting C:\Program Files\NetBeans-20\netbeans\webcommon\typescript-lsp\node_modules\typescript-language-server\lib\modules-resolver.spec.d.ts
[2024-01-15 15:51:28.254]:         extracting C:\Program Files\NetBeans-20\netbeans\webcommon\typescript-lsp\node_modules\typescript\loc\lcl\TRK\Targets\TypeScriptCompile.xaml.lcl
[2024-01-15 15:51:28.254]:         extracting C:\Program Files\NetBeans-20\netbeans\webcommon\typescript-lsp\node_modules\typescript\loc\lcl\CHS\Targets\TypeScriptCompile.xaml.lcl
[2024-01-15 15:51:28.254]:         extracting C:\Program Files\NetBeans-20\netbeans\webcommon\typescript-lsp\node_modules\typescript\loc\lcl\DEU\Targets\TypeScriptCompile.xaml.lcl
[2024-01-15 15:51:28.254]:         extracting C:\Program Files\NetBeans-20\netbeans\webcommon\typescript-lsp\node_modules\typescript\loc\lcl\KOR\Targets\TypeScriptCompile.xaml.lcl
[2024-01-15 15:51:28.254]:         extracting C:\Program Files\NetBeans-20\netbeans\webcommon\typescript-lsp\node_modules\typescript\loc\lcl\PLK\Targets\TypeScriptCompile.xaml.lcl
[2024-01-15 15:51:28.254]:         extracting C:\Program Files\NetBeans-20\netbeans\webcommon\typescript-lsp\node_modules\typescript\loc\lcl\ESN\Targets\TypeScriptCompile.xaml.lcl
[2024-01-15 15:51:28.254]:         extracting C:\Program Files\NetBeans-20\netbeans\webcommon\typescript-lsp\node_modules\typescript\loc\lcl\JPN\Targets\TypeScriptCompile.xaml.lcl
[2024-01-15 15:51:28.254]:         extracting C:\Program Files\NetBeans-20\netbeans\webcommon\typescript-lsp\node_modules\typescript\loc\lcl\RUS\Targets\TypeScriptCompile.xaml.lcl
[2024-01-15 15:51:28.254]:         extracting C:\Program Files\NetBeans-20\netbeans\webcommon\typescript-lsp\node_modules\typescript\loc\lcl\ITA\Targets\TypeScriptCompile.xaml.lcl
[2024-01-15 15:51:28.254]:         extracting C:\Program Files\NetBeans-20\netbeans\webcommon\typescript-lsp\node_modules\typescript\loc\lcl\PTB\Targets\TypeScriptCompile.xaml.lcl
[2024-01-15 15:51:28.254]:         extracting C:\Program Files\NetBeans-20\netbeans\webcommon\typescript-lsp\node_modules\typescript\loc\lcl\CHT\Targets\TypeScriptCompile.xaml.lcl
[2024-01-15 15:51:28.254]:         extracting C:\Program Files\NetBeans-20\netbeans\webcommon\typescript-lsp\node_modules\typescript\loc\lcl\CSY\Targets\TypeScriptCompile.xaml.lcl
[2024-01-15 15:51:28.254]:         extracting C:\Program Files\NetBeans-20\netbeans\webcommon\typescript-lsp\node_modules\typescript\loc\lcl\FRA\Targets\TypeScriptCompile.xaml.lcl
[2024-01-15 15:51:28.254]:         extracting C:\Program Files\NetBeans-20\netbeans\webcommon\typescript-lsp\node_modules\vscode-languageserver-protocol\lib\common\connection.d.ts
[2024-01-15 15:51:28.254]:         extracting C:\Program Files\NetBeans-20\netbeans\webcommon\typescript-lsp\node_modules\typescript-language-server\lib\file-lsp-server.spec.d.ts
[2024-01-15 15:51:28.254]:         extracting C:\Program Files\NetBeans-20\netbeans\webcommon\typescript-lsp\node_modules\typescript-language-server\lib\protocol-translation.d.ts
[2024-01-15 15:51:28.254]:         extracting C:\Program Files\NetBeans-20\netbeans\webcommon\typescript-lsp\node_modules\typescript-language-server\lib\organize-imports.d.ts.map
[2024-01-15 15:51:28.269]:         extracting C:\Program Files\NetBeans-20\netbeans\webcommon\typescript-lsp\node_modules\typescript-language-server\lib\modules-resolver.d.ts.map
[2024-01-15 15:51:28.271]:         extracting C:\Program Files\NetBeans-20\netbeans\webcommon\typescript-lsp\node_modules\typescript-language-server\lib\diagnostic-queue.d.ts.map
[2024-01-15 15:51:28.271]:         extracting C:\Program Files\NetBeans-20\netbeans\webcommon\typescript-lsp\node_modules\typescript-language-server\lib\tsp-command-types.js.map
[2024-01-15 15:51:28.272]:         extracting C:\Program Files\NetBeans-20\netbeans\webcommon\typescript-lsp\node_modules\typescript-language-server\lib\lsp-server.spec.d.ts.map
[2024-01-15 15:51:28.272]:         extracting C:\Program Files\NetBeans-20\netbeans\webcommon\typescript-lsp\node_modules\typescript-language-server\lib\tsp-client.spec.d.ts.map
[2024-01-15 15:51:28.272]:         extracting C:\Program Files\NetBeans-20\netbeans\webcommon\typescript-lsp\node_modules\typescript-language-server\lib\modules-resolver.spec.js
[2024-01-15 15:51:28.272]:         extracting C:\Program Files\NetBeans-20\netbeans\webcommon\typescript-lsp\node_modules\typescript-language-server\lib\document-symbol.d.ts.map
[2024-01-15 15:51:28.272]:         extracting C:\Program Files\NetBeans-20\netbeans\webcommon\typescript-lsp\node_modules\vscode-languageserver-protocol\lib\common\utils\is.d.ts
[2024-01-15 15:51:28.272]:         extracting C:\Program Files\NetBeans-20\netbeans\webcommon\typescript-lsp\node_modules\vscode-languageserver-protocol\lib\common\protocol.d.ts
[2024-01-15 15:51:28.272]:         extracting C:\Program Files\NetBeans-20\netbeans\webcommon\typescript-lsp\node_modules\vscode-languageserver-protocol\lib\common\connection.js
[2024-01-15 15:51:28.272]:         extracting C:\Program Files\NetBeans-20\netbeans\webcommon\typescript-lsp\node_modules\vscode-languageserver-protocol\lib\common\messages.d.ts
[2024-01-15 15:51:28.272]:         extracting C:\Program Files\NetBeans-20\netbeans\webcommon\typescript-lsp\node_modules\typescript-language-server\lib\lsp-connection.d.ts.map
[2024-01-15 15:51:28.272]:         extracting C:\Program Files\NetBeans-20\netbeans\webcommon\typescript-lsp\node_modules\typescript-language-server\lib\modules-resolver.js.map
[2024-01-15 15:51:28.272]:         extracting C:\Program Files\NetBeans-20\netbeans\webcommon\typescript-lsp\node_modules\typescript-language-server\lib\file-lsp-server.spec.js
[2024-01-15 15:51:28.272]:         extracting C:\Program Files\NetBeans-20\netbeans\webcommon\typescript-lsp\node_modules\typescript-language-server\lib\organize-imports.js.map
[2024-01-15 15:51:28.272]:         extracting C:\Program Files\NetBeans-20\netbeans\webcommon\typescript-lsp\node_modules\typescript-language-server\lib\protocol-translation.js
[2024-01-15 15:51:28.272]:         extracting C:\Program Files\NetBeans-20\netbeans\webcommon\typescript-lsp\node_modules\typescript-language-server\lib\diagnostic-queue.js.map
[2024-01-15 15:51:28.272]:         extracting C:\Program Files\NetBeans-20\netbeans\webcommon\typescript-lsp\node_modules\typescript\lib\zh-cn\diagnosticMessages.generated.json
[2024-01-15 15:51:28.272]:         extracting C:\Program Files\NetBeans-20\netbeans\webcommon\typescript-lsp\node_modules\typescript\lib\zh-tw\diagnosticMessages.generated.json
[2024-01-15 15:51:28.272]:         extracting C:\Program Files\NetBeans-20\netbeans\webcommon\typescript-lsp\node_modules\typescript\lib\pt-br\diagnosticMessages.generated.json
[2024-01-15 15:51:28.272]:         extracting C:\Program Files\NetBeans-20\netbeans\webcommon\typescript-lsp\node_modules\typescript-language-server\lib\tsp-client.spec.js.map
[2024-01-15 15:51:28.272]:         extracting C:\Program Files\NetBeans-20\netbeans\webcommon\typescript-lsp\node_modules\typescript-language-server\lib\document-symbol.js.map
[2024-01-15 15:51:28.272]:         extracting C:\Program Files\NetBeans-20\netbeans\webcommon\typescript-lsp\node_modules\typescript-language-server\lib\lsp-server.spec.js.map
[2024-01-15 15:51:28.287]:         extracting C:\Program Files\NetBeans-20\netbeans\webcommon\typescript-lsp\node_modules\typescript-language-server\lib\tsp-command-types.d.ts
[2024-01-15 15:51:28.288]:         extracting C:\Program Files\NetBeans-20\netbeans\webcommon\typescript-lsp\node_modules\vscode-languageserver-protocol\lib\common\utils\is.js
[2024-01-15 15:51:28.289]:         extracting C:\Program Files\NetBeans-20\netbeans\webcommon\typescript-lsp\node_modules\vscode-languageserver-protocol\lib\common\protocol.js
[2024-01-15 15:51:28.289]:         extracting C:\Program Files\NetBeans-20\netbeans\webcommon\typescript-lsp\node_modules\vscode-languageserver-protocol\lib\common\messages.js
[2024-01-15 15:51:28.289]:         extracting C:\Program Files\NetBeans-20\netbeans\webcommon\typescript-lsp\node_modules\typescript-language-server\lib\diagnostic-queue.d.ts
[2024-01-15 15:51:28.289]:         extracting C:\Program Files\NetBeans-20\netbeans\webcommon\typescript-lsp\node_modules\typescript-language-server\lib\organize-imports.d.ts
[2024-01-15 15:51:28.289]:         extracting C:\Program Files\NetBeans-20\netbeans\webcommon\typescript-lsp\node_modules\typescript-language-server\lib\modules-resolver.d.ts
[2024-01-15 15:51:28.289]:         extracting C:\Program Files\NetBeans-20\netbeans\webcommon\typescript-lsp\node_modules\typescript-language-server\lib\lsp-connection.js.map
[2024-01-15 15:51:28.289]:         extracting C:\Program Files\NetBeans-20\netbeans\webcommon\typescript-lsp\node_modules\vscode-languageserver\bin\installServerIntoExtension
[2024-01-15 15:51:28.289]:         extracting C:\Program Files\NetBeans-20\netbeans\webcommon\typescript-lsp\node_modules\vscode-languageserver-protocol\lib\browser\main.d.ts
[2024-01-15 15:51:28.289]:         extracting C:\Program Files\NetBeans-20\netbeans\webcommon\typescript-lsp\node_modules\vscode-languageserver-protocol\thirdpartynotices.txt
[2024-01-15 15:51:28.289]:         extracting C:\Program Files\NetBeans-20\netbeans\webcommon\typescript-lsp\node_modules\typescript-language-server\lib\lsp-server.spec.d.ts
[2024-01-15 15:51:28.289]:         extracting C:\Program Files\NetBeans-20\netbeans\webcommon\typescript-lsp\node_modules\typescript-language-server\lib\tsp-client.spec.d.ts
[2024-01-15 15:51:28.289]:         extracting C:\Program Files\NetBeans-20\netbeans\webcommon\typescript-lsp\node_modules\typescript-language-server\lib\tsp-command-types.js
[2024-01-15 15:51:28.289]:         extracting C:\Program Files\NetBeans-20\netbeans\webcommon\typescript-lsp\node_modules\typescript-language-server\lib\ts-protocol.d.ts.map
[2024-01-15 15:51:28.289]:         extracting C:\Program Files\NetBeans-20\netbeans\webcommon\typescript-lsp\node_modules\typescript-language-server\lib\document-symbol.d.ts
[2024-01-15 15:51:28.289]:         extracting C:\Program Files\NetBeans-20\netbeans\webcommon\typescript-lsp\node_modules\typescript\lib\de\diagnosticMessages.generated.json
[2024-01-15 15:51:28.289]:         extracting C:\Program Files\NetBeans-20\netbeans\webcommon\typescript-lsp\node_modules\typescript\lib\es\diagnosticMessages.generated.json
[2024-01-15 15:51:28.289]:         extracting C:\Program Files\NetBeans-20\netbeans\webcommon\typescript-lsp\node_modules\typescript\lib\tr\diagnosticMessages.generated.json
[2024-01-15 15:51:28.289]:         extracting C:\Program Files\NetBeans-20\netbeans\webcommon\typescript-lsp\node_modules\typescript\lib\fr\diagnosticMessages.generated.json
[2024-01-15 15:51:28.289]:         extracting C:\Program Files\NetBeans-20\netbeans\webcommon\typescript-lsp\node_modules\typescript\lib\cs\diagnosticMessages.generated.json
[2024-01-15 15:51:28.305]:         extracting C:\Program Files\NetBeans-20\netbeans\webcommon\typescript-lsp\node_modules\typescript\lib\it\diagnosticMessages.generated.json
[2024-01-15 15:51:28.305]:         extracting C:\Program Files\NetBeans-20\netbeans\webcommon\typescript-lsp\node_modules\typescript\lib\ru\diagnosticMessages.generated.json
[2024-01-15 15:51:28.305]:         extracting C:\Program Files\NetBeans-20\netbeans\webcommon\typescript-lsp\node_modules\typescript\lib\ko\diagnosticMessages.generated.json
[2024-01-15 15:51:28.305]:         extracting C:\Program Files\NetBeans-20\netbeans\webcommon\typescript-lsp\node_modules\typescript\lib\pl\diagnosticMessages.generated.json
[2024-01-15 15:51:28.305]:         extracting C:\Program Files\NetBeans-20\netbeans\webcommon\typescript-lsp\node_modules\typescript\lib\ja\diagnosticMessages.generated.json
[2024-01-15 15:51:28.305]:         extracting C:\Program Files\NetBeans-20\netbeans\webcommon\typescript-lsp\node_modules\typescript-language-server\lib\lsp-client.d.ts.map
[2024-01-15 15:51:28.305]:         extracting C:\Program Files\NetBeans-20\netbeans\webcommon\typescript-lsp\node_modules\typescript-language-server\lib\modules-resolver.js
[2024-01-15 15:51:28.305]:         extracting C:\Program Files\NetBeans-20\netbeans\webcommon\typescript-lsp\node_modules\typescript-language-server\lib\lsp-connection.d.ts
[2024-01-15 15:51:28.305]:         extracting C:\Program Files\NetBeans-20\netbeans\webcommon\typescript-lsp\node_modules\typescript-language-server\lib\organize-imports.js
[2024-01-15 15:51:28.305]:         extracting C:\Program Files\NetBeans-20\netbeans\webcommon\typescript-lsp\node_modules\typescript-language-server\lib\completion.d.ts.map
[2024-01-15 15:51:28.305]:         extracting C:\Program Files\NetBeans-20\netbeans\webcommon\typescript-lsp\node_modules\typescript-language-server\lib\diagnostic-queue.js
[2024-01-15 15:51:28.305]:         extracting C:\Program Files\NetBeans-20\netbeans\webcommon\typescript-lsp\node_modules\typescript-language-server\lib\test-utils.d.ts.map
[2024-01-15 15:51:28.305]:         extracting C:\Program Files\NetBeans-20\netbeans\webcommon\typescript-lsp\node_modules\typescript-language-server\lib\lsp-server.d.ts.map
[2024-01-15 15:51:28.305]:         extracting C:\Program Files\NetBeans-20\netbeans\webcommon\typescript-lsp\node_modules\typescript-language-server\lib\tsp-client.d.ts.map
[2024-01-15 15:51:28.305]:         extracting C:\Program Files\NetBeans-20\netbeans\webcommon\typescript-lsp\node_modules\vscode-languageserver-protocol\lib\common\api.d.ts
[2024-01-15 15:51:28.305]:         extracting C:\Program Files\NetBeans-20\netbeans\webcommon\typescript-lsp\node_modules\vscode-languageserver-protocol\lib\browser\main.js
[2024-01-15 15:51:28.305]:         extracting C:\Program Files\NetBeans-20\netbeans\webcommon\typescript-lsp\node_modules\typescript-language-server\lib\ts-protocol.js.map
[2024-01-15 15:51:28.305]:         extracting C:\Program Files\NetBeans-20\netbeans\webcommon\typescript-lsp\node_modules\typescript-language-server\lib\tsp-client.spec.js
[2024-01-15 15:51:28.305]:         extracting C:\Program Files\NetBeans-20\netbeans\webcommon\typescript-lsp\node_modules\typescript-language-server\lib\lsp-server.spec.js
[2024-01-15 15:51:28.320]:         extracting C:\Program Files\NetBeans-20\netbeans\webcommon\typescript-lsp\node_modules\typescript-language-server\lib\document-symbol.js
[2024-01-15 15:51:28.321]:         extracting C:\Program Files\NetBeans-20\netbeans\webcommon\typescript-lsp\node_modules\vscode-languageserver-protocol\lib\node\main.d.ts
[2024-01-15 15:51:28.322]:         extracting C:\Program Files\NetBeans-20\netbeans\webcommon\typescript-lsp\node_modules\typescript-language-server\lib\tsp-client.js.map
[2024-01-15 15:51:28.323]:         extracting C:\Program Files\NetBeans-20\netbeans\webcommon\typescript-lsp\node_modules\typescript-language-server\lib\document.d.ts.map
[2024-01-15 15:51:28.323]:         extracting C:\Program Files\NetBeans-20\netbeans\webcommon\typescript-lsp\node_modules\typescript-language-server\lib\lsp-client.js.map
[2024-01-15 15:51:28.324]:         extracting C:\Program Files\NetBeans-20\netbeans\webcommon\typescript-lsp\node_modules\typescript-language-server\lib\lsp-server.js.map
[2024-01-15 15:51:28.325]:         extracting C:\Program Files\NetBeans-20\netbeans\webcommon\typescript-lsp\node_modules\typescript-language-server\lib\lsp-connection.js
[2024-01-15 15:51:28.325]:         extracting C:\Program Files\NetBeans-20\netbeans\webcommon\typescript-lsp\node_modules\typescript-language-server\lib\completion.js.map
[2024-01-15 15:51:28.325]:         extracting C:\Program Files\NetBeans-20\netbeans\webcommon\typescript-lsp\node_modules\typescript-language-server\lib\quickfix.d.ts.map
[2024-01-15 15:51:28.325]:         extracting C:\Program Files\NetBeans-20\netbeans\webcommon\typescript-lsp\node_modules\typescript-language-server\lib\commands.d.ts.map
[2024-01-15 15:51:28.325]:         extracting C:\Program Files\NetBeans-20\netbeans\webcommon\typescript-lsp\node_modules\typescript-language-server\lib\refactor.d.ts.map
[2024-01-15 15:51:28.325]:         extracting C:\Program Files\NetBeans-20\netbeans\webcommon\typescript-lsp\node_modules\typescript-language-server\lib\test-utils.js.map
[2024-01-15 15:51:28.325]:         extracting C:\Program Files\NetBeans-20\netbeans\webcommon\typescript-lsp\node_modules\vscode-languageserver\lib\proposed.progress.d.ts
[2024-01-15 15:51:28.325]:         extracting C:\Program Files\NetBeans-20\netbeans\webcommon\typescript-lsp\node_modules\typescript\loc\lcl\TRK\TypeScriptLanguageService
[2024-01-15 15:51:28.325]:         extracting C:\Program Files\NetBeans-20\netbeans\webcommon\typescript-lsp\node_modules\typescript\loc\lcl\CHS\TypeScriptLanguageService
[2024-01-15 15:51:28.325]:         extracting C:\Program Files\NetBeans-20\netbeans\webcommon\typescript-lsp\node_modules\typescript\loc\lcl\DEU\TypeScriptLanguageService
[2024-01-15 15:51:28.325]:         extracting C:\Program Files\NetBeans-20\netbeans\webcommon\typescript-lsp\node_modules\typescript\loc\lcl\KOR\TypeScriptLanguageService
[2024-01-15 15:51:28.325]:         extracting C:\Program Files\NetBeans-20\netbeans\webcommon\typescript-lsp\node_modules\typescript\loc\lcl\PLK\TypeScriptLanguageService
[2024-01-15 15:51:28.325]:         extracting C:\Program Files\NetBeans-20\netbeans\webcommon\typescript-lsp\node_modules\typescript\loc\lcl\ESN\TypeScriptLanguageService
[2024-01-15 15:51:28.325]:         extracting C:\Program Files\NetBeans-20\netbeans\webcommon\typescript-lsp\node_modules\typescript\loc\lcl\JPN\TypeScriptLanguageService
[2024-01-15 15:51:28.325]:         extracting C:\Program Files\NetBeans-20\netbeans\webcommon\typescript-lsp\node_modules\typescript\loc\lcl\RUS\TypeScriptLanguageService
[2024-01-15 15:51:28.325]:         extracting C:\Program Files\NetBeans-20\netbeans\webcommon\typescript-lsp\node_modules\typescript\loc\lcl\ITA\TypeScriptLanguageService
[2024-01-15 15:51:28.325]:         extracting C:\Program Files\NetBeans-20\netbeans\webcommon\typescript-lsp\node_modules\typescript\loc\lcl\PTB\TypeScriptLanguageService
[2024-01-15 15:51:28.325]:         extracting C:\Program Files\NetBeans-20\netbeans\webcommon\typescript-lsp\node_modules\typescript\loc\lcl\CHT\TypeScriptLanguageService
[2024-01-15 15:51:28.340]:         extracting C:\Program Files\NetBeans-20\netbeans\webcommon\typescript-lsp\node_modules\typescript\loc\lcl\CSY\TypeScriptLanguageService
[2024-01-15 15:51:28.340]:         extracting C:\Program Files\NetBeans-20\netbeans\webcommon\typescript-lsp\node_modules\typescript\loc\lcl\FRA\TypeScriptLanguageService
[2024-01-15 15:51:28.340]:         extracting C:\Program Files\NetBeans-20\netbeans\webcommon\typescript-lsp\node_modules\vscode-languageserver-protocol\lib\common\api.js
[2024-01-15 15:51:28.340]:         extracting C:\Program Files\NetBeans-20\netbeans\webcommon\typescript-lsp\node_modules\typescript-language-server\lib\ts-protocol.d.ts
[2024-01-15 15:51:28.340]:         extracting C:\Program Files\NetBeans-20\netbeans\webcommon\typescript-lsp\node_modules\vscode-languageserver\lib\workspaceFolders.d.ts
[2024-01-15 15:51:28.340]:         extracting C:\Program Files\NetBeans-20\netbeans\webcommon\typescript-lsp\node_modules\typescript\lib\lib.es2015.symbol.wellknown.d.ts
[2024-01-15 15:51:28.340]:         extracting C:\Program Files\NetBeans-20\netbeans\webcommon\typescript-lsp\node_modules\typescript\lib\lib.es2020.symbol.wellknown.d.ts
[2024-01-15 15:51:28.340]:         extracting C:\Program Files\NetBeans-20\netbeans\webcommon\typescript-lsp\node_modules\typescript\lib\lib.webworker.importscripts.d.ts
[2024-01-15 15:51:28.340]:         extracting C:\Program Files\NetBeans-20\netbeans\webcommon\typescript-lsp\node_modules\vscode-languageserver-protocol\lib\common\utils
[2024-01-15 15:51:28.340]:         extracting C:\Program Files\NetBeans-20\netbeans\webcommon\typescript-lsp\node_modules\vscode-languageserver-protocol\lib\node\main.js
[2024-01-15 15:51:28.340]:         extracting C:\Program Files\NetBeans-20\netbeans\webcommon\typescript-lsp\node_modules\typescript-language-server\lib\lsp-client.d.ts
[2024-01-15 15:51:28.340]:         extracting C:\Program Files\NetBeans-20\netbeans\webcommon\typescript-lsp\node_modules\typescript-language-server\lib\refactor.js.map
[2024-01-15 15:51:28.340]:         extracting C:\Program Files\NetBeans-20\netbeans\webcommon\typescript-lsp\node_modules\typescript-language-server\lib\test-utils.d.ts
[2024-01-15 15:51:28.340]:         extracting C:\Program Files\NetBeans-20\netbeans\webcommon\typescript-lsp\node_modules\typescript-language-server\lib\logger.d.ts.map
[2024-01-15 15:51:28.340]:         extracting C:\Program Files\NetBeans-20\netbeans\webcommon\typescript-lsp\node_modules\typescript-language-server\lib\tsp-client.d.ts
[2024-01-15 15:51:28.340]:         extracting C:\Program Files\NetBeans-20\netbeans\webcommon\typescript-lsp\node_modules\typescript-language-server\lib\commands.js.map
[2024-01-15 15:51:28.340]:         extracting C:\Program Files\NetBeans-20\netbeans\webcommon\typescript-lsp\node_modules\typescript-language-server\lib\document.js.map
[2024-01-15 15:51:28.340]:         extracting C:\Program Files\NetBeans-20\netbeans\webcommon\typescript-lsp\node_modules\typescript-language-server\lib\quickfix.js.map
[2024-01-15 15:51:28.340]:         extracting C:\Program Files\NetBeans-20\netbeans\webcommon\typescript-lsp\node_modules\typescript-language-server\lib\completion.d.ts
[2024-01-15 15:51:28.340]:         extracting C:\Program Files\NetBeans-20\netbeans\webcommon\typescript-lsp\node_modules\typescript-language-server\lib\lsp-server.d.ts
[2024-01-15 15:51:28.340]:         extracting C:\Program Files\NetBeans-20\netbeans\webcommon\typescript-lsp\node_modules\vscode-textbuffer\lib\test\piecetree.test.d.ts
[2024-01-15 15:51:28.340]:         extracting C:\Program Files\NetBeans-20\netbeans\webcommon\typescript-lsp\node_modules\vscode-languageserver\lib\proposed.progress.js
[2024-01-15 15:51:28.340]:         extracting C:\Program Files\NetBeans-20\netbeans\webcommon\typescript-lsp\node_modules\typescript-language-server\lib\hover.d.ts.map
[2024-01-15 15:51:28.340]:         extracting C:\Program Files\NetBeans-20\netbeans\webcommon\typescript-lsp\node_modules\typescript-language-server\lib\ts-protocol.js
[2024-01-15 15:51:28.340]:         extracting C:\Program Files\NetBeans-20\netbeans\webcommon\typescript-lsp\node_modules\typescript-language-server\lib\utils.d.ts.map
[2024-01-15 15:51:28.356]:         extracting C:\Program Files\NetBeans-20\netbeans\webcommon\typescript-lsp\node_modules\typescript-language-server\lib\calls.d.ts.map
[2024-01-15 15:51:28.357]:         extracting C:\Program Files\NetBeans-20\netbeans\webcommon\typescript-lsp\node_modules\vscode-languageserver\lib\workspaceFolders.js
[2024-01-15 15:51:28.357]:         extracting C:\Program Files\NetBeans-20\netbeans\webcommon\typescript-lsp\node_modules\typescript\lib\lib.es2018.asyncgenerator.d.ts
[2024-01-15 15:51:28.358]:         extracting C:\Program Files\NetBeans-20\netbeans\webcommon\typescript-lsp\node_modules\vscode-languageserver-types\lib\esm\main.d.ts
[2024-01-15 15:51:28.359]:         extracting C:\Program Files\NetBeans-20\netbeans\webcommon\typescript-lsp\node_modules\vscode-languageserver-types\lib\umd\main.d.ts
[2024-01-15 15:51:28.359]:         extracting C:\Program Files\NetBeans-20\netbeans\webcommon\typescript-lsp\node_modules\typescript-language-server\lib\lsp-server.js
[2024-01-15 15:51:28.359]:         extracting C:\Program Files\NetBeans-20\netbeans\webcommon\typescript-lsp\node_modules\typescript-language-server\lib\quickfix.d.ts
[2024-01-15 15:51:28.359]:         extracting C:\Program Files\NetBeans-20\netbeans\webcommon\typescript-lsp\node_modules\typescript-language-server\lib\refactor.d.ts
[2024-01-15 15:51:28.359]:         extracting C:\Program Files\NetBeans-20\netbeans\webcommon\typescript-lsp\node_modules\typescript-language-server\lib\completion.js
[2024-01-15 15:51:28.359]:         extracting C:\Program Files\NetBeans-20\netbeans\webcommon\typescript-lsp\node_modules\typescript-language-server\lib\tsp-client.js
[2024-01-15 15:51:28.359]:         extracting C:\Program Files\NetBeans-20\netbeans\webcommon\typescript-lsp\node_modules\typescript-language-server\lib\lsp-client.js
[2024-01-15 15:51:28.359]:         extracting C:\Program Files\NetBeans-20\netbeans\webcommon\typescript-lsp\node_modules\typescript-language-server\lib\logger.js.map
[2024-01-15 15:51:28.359]:         extracting C:\Program Files\NetBeans-20\netbeans\webcommon\typescript-lsp\node_modules\typescript-language-server\lib\test-utils.js
[2024-01-15 15:51:28.359]:         extracting C:\Program Files\NetBeans-20\netbeans\webcommon\typescript-lsp\node_modules\typescript-language-server\lib\document.d.ts
[2024-01-15 15:51:28.359]:         extracting C:\Program Files\NetBeans-20\netbeans\webcommon\typescript-lsp\node_modules\typescript-language-server\lib\commands.d.ts
[2024-01-15 15:51:28.359]:         extracting C:\Program Files\NetBeans-20\netbeans\webcommon\typescript-lsp\node_modules\vscode-textbuffer\lib\test\piecetree.test.js
[2024-01-15 15:51:28.359]:         extracting C:\Program Files\NetBeans-20\netbeans\webcommon\typescript-lsp\node_modules\vscode-textbuffer\src\test\piecetree.test.ts
[2024-01-15 15:51:28.359]:         extracting C:\Program Files\NetBeans-20\netbeans\webcommon\typescript-lsp\node_modules\vscode-jsonrpc\lib\common\messageBuffer.d.ts
[2024-01-15 15:51:28.359]:         extracting C:\Program Files\NetBeans-20\netbeans\webcommon\typescript-lsp\node_modules\vscode-jsonrpc\lib\common\messageReader.d.ts
[2024-01-15 15:51:28.359]:         extracting C:\Program Files\NetBeans-20\netbeans\webcommon\typescript-lsp\node_modules\vscode-jsonrpc\lib\common\messageWriter.d.ts
[2024-01-15 15:51:28.359]:         extracting C:\Program Files\NetBeans-20\netbeans\webcommon\typescript-lsp\node_modules\vscode-languageserver\lib\configuration.d.ts
[2024-01-15 15:51:28.359]:         extracting C:\Program Files\NetBeans-20\netbeans\webcommon\typescript-lsp\node_modules\typescript\lib\lib.es2016.array.include.d.ts
[2024-01-15 15:51:28.371]:         extracting C:\Program Files\NetBeans-20\netbeans\webcommon\typescript-lsp\node_modules\typescript\lib\lib.es2018.asynciterable.d.ts
[2024-01-15 15:51:28.371]:         extracting C:\Program Files\NetBeans-20\netbeans\webcommon\typescript-lsp\node_modules\typescript\loc\lcl\TRK\TypeScriptDebugEngine
[2024-01-15 15:51:28.371]:         extracting C:\Program Files\NetBeans-20\netbeans\webcommon\typescript-lsp\node_modules\typescript\loc\lcl\CHS\TypeScriptDebugEngine
[2024-01-15 15:51:28.372]:         extracting C:\Program Files\NetBeans-20\netbeans\webcommon\typescript-lsp\node_modules\typescript\loc\lcl\DEU\TypeScriptDebugEngine
[2024-01-15 15:51:28.372]:         extracting C:\Program Files\NetBeans-20\netbeans\webcommon\typescript-lsp\node_modules\typescript\loc\lcl\KOR\TypeScriptDebugEngine
[2024-01-15 15:51:28.372]:         extracting C:\Program Files\NetBeans-20\netbeans\webcommon\typescript-lsp\node_modules\typescript\loc\lcl\PLK\TypeScriptDebugEngine
[2024-01-15 15:51:28.372]:         extracting C:\Program Files\NetBeans-20\netbeans\webcommon\typescript-lsp\node_modules\typescript\loc\lcl\ESN\TypeScriptDebugEngine
[2024-01-15 15:51:28.372]:         extracting C:\Program Files\NetBeans-20\netbeans\webcommon\typescript-lsp\node_modules\typescript\loc\lcl\JPN\TypeScriptDebugEngine
[2024-01-15 15:51:28.372]:         extracting C:\Program Files\NetBeans-20\netbeans\webcommon\typescript-lsp\node_modules\typescript\loc\lcl\RUS\TypeScriptDebugEngine
[2024-01-15 15:51:28.372]:         extracting C:\Program Files\NetBeans-20\netbeans\webcommon\typescript-lsp\node_modules\typescript\loc\lcl\ITA\TypeScriptDebugEngine
[2024-01-15 15:51:28.372]:         extracting C:\Program Files\NetBeans-20\netbeans\webcommon\typescript-lsp\node_modules\typescript\loc\lcl\PTB\TypeScriptDebugEngine
[2024-01-15 15:51:28.373]:         extracting C:\Program Files\NetBeans-20\netbeans\webcommon\typescript-lsp\node_modules\typescript\loc\lcl\CHT\TypeScriptDebugEngine
[2024-01-15 15:51:28.373]:         extracting C:\Program Files\NetBeans-20\netbeans\webcommon\typescript-lsp\node_modules\typescript\loc\lcl\CSY\TypeScriptDebugEngine
[2024-01-15 15:51:28.373]:         extracting C:\Program Files\NetBeans-20\netbeans\webcommon\typescript-lsp\node_modules\typescript\loc\lcl\FRA\TypeScriptDebugEngine
[2024-01-15 15:51:28.373]:         extracting C:\Program Files\NetBeans-20\netbeans\webcommon\typescript-lsp\node_modules\command-exists\test\non-executable-script.js
[2024-01-15 15:51:28.374]:         extracting C:\Program Files\NetBeans-20\netbeans\webcommon\typescript-lsp\node_modules\typescript-language-server\lib\calls.js.map
[2024-01-15 15:51:28.374]:         extracting C:\Program Files\NetBeans-20\netbeans\webcommon\typescript-lsp\node_modules\typescript-language-server\lib\cli.d.ts.map
[2024-01-15 15:51:28.374]:         extracting C:\Program Files\NetBeans-20\netbeans\webcommon\typescript-lsp\node_modules\typescript-language-server\lib\hover.js.map
[2024-01-15 15:51:28.374]:         extracting C:\Program Files\NetBeans-20\netbeans\webcommon\typescript-lsp\node_modules\typescript-language-server\lib\utils.js.map
[2024-01-15 15:51:28.374]:         extracting C:\Program Files\NetBeans-20\netbeans\webcommon\typescript-lsp\node_modules\vscode-textbuffer\lib\pieceTreeBuilder.d.ts
[2024-01-15 15:51:28.374]:         extracting C:\Program Files\NetBeans-20\netbeans\webcommon\typescript-lsp\node_modules\vscode-jsonrpc\lib\common\cancellation.d.ts
[2024-01-15 15:51:28.374]:         extracting C:\Program Files\NetBeans-20\netbeans\webcommon\typescript-lsp\node_modules\vscode-languageserver\thirdpartynotices.txt
[2024-01-15 15:51:28.374]:         extracting C:\Program Files\NetBeans-20\netbeans\webcommon\typescript-lsp\node_modules\typescript\lib\lib.es2020.sharedmemory.d.ts
[2024-01-15 15:51:28.374]:         extracting C:\Program Files\NetBeans-20\netbeans\webcommon\typescript-lsp\node_modules\typescript\lib\lib.es2017.sharedmemory.d.ts
[2024-01-15 15:51:28.374]:         extracting C:\Program Files\NetBeans-20\netbeans\webcommon\typescript-lsp\node_modules\vscode-languageserver-protocol\package.json
[2024-01-15 15:51:28.374]:         extracting C:\Program Files\NetBeans-20\netbeans\webcommon\typescript-lsp\node_modules\vscode-languageserver-protocol\browser.d.ts
[2024-01-15 15:51:28.374]:         extracting C:\Program Files\NetBeans-20\netbeans\webcommon\typescript-lsp\node_modules\vscode-languageserver-types\lib\esm\main.js
[2024-01-15 15:51:28.374]:         extracting C:\Program Files\NetBeans-20\netbeans\webcommon\typescript-lsp\node_modules\vscode-languageserver-types\lib\umd\main.js
[2024-01-15 15:51:28.389]:         extracting C:\Program Files\NetBeans-20\netbeans\webcommon\update_tracking\org-netbeans-modules-selenium2-webclient-protractor.xml
[2024-01-15 15:51:28.389]:         extracting C:\Program Files\NetBeans-20\netbeans\webcommon\typescript-lsp\node_modules\typescript-language-server\lib\refactor.js
[2024-01-15 15:51:28.389]:         extracting C:\Program Files\NetBeans-20\netbeans\webcommon\typescript-lsp\node_modules\typescript-language-server\lib\logger.d.ts
[2024-01-15 15:51:28.389]:         extracting C:\Program Files\NetBeans-20\netbeans\webcommon\typescript-lsp\node_modules\typescript-language-server\lib\document.js
[2024-01-15 15:51:28.389]:         extracting C:\Program Files\NetBeans-20\netbeans\webcommon\typescript-lsp\node_modules\typescript-language-server\lib\commands.js
[2024-01-15 15:51:28.389]:         extracting C:\Program Files\NetBeans-20\netbeans\webcommon\typescript-lsp\node_modules\typescript-language-server\lib\quickfix.js
[2024-01-15 15:51:28.389]:         extracting C:\Program Files\NetBeans-20\netbeans\webcommon\typescript-lsp\node_modules\vscode-textbuffer\lib\common\position.d.ts
[2024-01-15 15:51:28.389]:         extracting C:\Program Files\NetBeans-20\netbeans\webcommon\typescript-lsp\node_modules\vscode-textbuffer\lib\common\charCode.d.ts
[2024-01-15 15:51:28.389]:         extracting C:\Program Files\NetBeans-20\netbeans\webcommon\typescript-lsp\node_modules\vscode-jsonrpc\lib\common\messageWriter.js
[2024-01-15 15:51:28.389]:         extracting C:\Program Files\NetBeans-20\netbeans\webcommon\typescript-lsp\node_modules\vscode-jsonrpc\lib\common\messageReader.js
[2024-01-15 15:51:28.389]:         extracting C:\Program Files\NetBeans-20\netbeans\webcommon\typescript-lsp\node_modules\vscode-jsonrpc\lib\common\messageBuffer.js
[2024-01-15 15:51:28.389]:         extracting C:\Program Files\NetBeans-20\netbeans\webcommon\typescript-lsp\node_modules\vscode-languageserver\lib\configuration.js
[2024-01-15 15:51:28.389]:         extracting C:\Program Files\NetBeans-20\netbeans\webcommon\typescript-lsp\node_modules\typescript\lib\lib.webworker.iterable.d.ts
[2024-01-15 15:51:28.389]:         extracting C:\Program Files\NetBeans-20\netbeans\webcommon\typescript-lsp\node_modules\typescript\lib\lib.es2017.typedarrays.d.ts
[2024-01-15 15:51:28.389]:         extracting C:\Program Files\NetBeans-20\netbeans\webcommon\typescript-lsp\node_modules\vscode-languageserver-protocol\lib\browser
[2024-01-15 15:51:28.389]:         extracting C:\Program Files\NetBeans-20\netbeans\webcommon\typescript-lsp\node_modules\vscode-languageserver-protocol\License.txt
[2024-01-15 15:51:28.389]:         extracting C:\Program Files\NetBeans-20\netbeans\webcommon\config\Modules\org-netbeans-modules-selenium2-webclient-protractor.xml
[2024-01-15 15:51:28.389]:         extracting C:\Program Files\NetBeans-20\netbeans\webcommon\typescript-lsp\node_modules\typescript-language-server\lib\calls.d.ts
[2024-01-15 15:51:28.389]:         extracting C:\Program Files\NetBeans-20\netbeans\webcommon\typescript-lsp\node_modules\typescript-language-server\lib\hover.d.ts
[2024-01-15 15:51:28.389]:         extracting C:\Program Files\NetBeans-20\netbeans\webcommon\typescript-lsp\node_modules\typescript-language-server\lib\cli.js.map
[2024-01-15 15:51:28.389]:         extracting C:\Program Files\NetBeans-20\netbeans\webcommon\typescript-lsp\node_modules\typescript-language-server\lib\utils.d.ts
[2024-01-15 15:51:28.389]:         extracting C:\Program Files\NetBeans-20\netbeans\webcommon\typescript-lsp\node_modules\vscode-textbuffer\lib\pieceTreeBuilder.js
[2024-01-15 15:51:28.389]:         extracting C:\Program Files\NetBeans-20\netbeans\webcommon\typescript-lsp\node_modules\vscode-textbuffer\src\pieceTreeBuilder.ts
[2024-01-15 15:51:28.389]:         extracting C:\Program Files\NetBeans-20\netbeans\webcommon\typescript-lsp\node_modules\vscode-jsonrpc\lib\common\cancellation.js
[2024-01-15 15:51:28.389]:         extracting C:\Program Files\NetBeans-20\netbeans\webcommon\typescript-lsp\node_modules\vscode-jsonrpc\lib\common\connection.d.ts
[2024-01-15 15:51:28.405]:         extracting C:\Program Files\NetBeans-20\netbeans\webcommon\typescript-lsp\node_modules\vscode-jsonrpc\lib\common\disposable.d.ts
[2024-01-15 15:51:28.406]:         extracting C:\Program Files\NetBeans-20\netbeans\webcommon\typescript-lsp\node_modules\vscode-languageserver\lib\utils\uuid.d.ts
[2024-01-15 15:51:28.407]:         extracting C:\Program Files\NetBeans-20\netbeans\webcommon\typescript-lsp\node_modules\typescript\lib\lib.es2015.collection.d.ts
[2024-01-15 15:51:28.407]:         extracting C:\Program Files\NetBeans-20\netbeans\webcommon\typescript-lsp\node_modules\vscode-languageserver-protocol\lib\common
[2024-01-15 15:51:28.407]:         extracting C:\Program Files\NetBeans-20\netbeans\webcommon\typescript-lsp\node_modules\vscode-languageserver-protocol\browser.js
[2024-01-15 15:51:28.408]:         extracting C:\Program Files\NetBeans-20\netbeans\webcommon\typescript-lsp\node_modules\typescript-language-server\lib\logger.js
[2024-01-15 15:51:28.408]:         extracting C:\Program Files\NetBeans-20\netbeans\webcommon\typescript-lsp\node_modules\vscode-textbuffer\lib\pieceTreeBase.d.ts
[2024-01-15 15:51:28.409]:         extracting C:\Program Files\NetBeans-20\netbeans\webcommon\typescript-lsp\node_modules\vscode-textbuffer\lib\common\position.js
[2024-01-15 15:51:28.410]:         extracting C:\Program Files\NetBeans-20\netbeans\webcommon\typescript-lsp\node_modules\vscode-textbuffer\lib\common\charCode.js
[2024-01-15 15:51:28.410]:         extracting C:\Program Files\NetBeans-20\netbeans\webcommon\typescript-lsp\node_modules\vscode-textbuffer\src\common\position.ts
[2024-01-15 15:51:28.410]:         extracting C:\Program Files\NetBeans-20\netbeans\webcommon\typescript-lsp\node_modules\vscode-textbuffer\src\common\charCode.ts
[2024-01-15 15:51:28.410]:         extracting C:\Program Files\NetBeans-20\netbeans\webcommon\typescript-lsp\node_modules\vscode-jsonrpc\lib\common\linkedMap.d.ts
[2024-01-15 15:51:28.410]:         extracting C:\Program Files\NetBeans-20\netbeans\webcommon\typescript-lsp\node_modules\vscode-jsonrpc\lib\common\semaphore.d.ts
[2024-01-15 15:51:28.410]:         extracting C:\Program Files\NetBeans-20\netbeans\webcommon\typescript-lsp\node_modules\typescript\lib\lib.es2015.generator.d.ts
[2024-01-15 15:51:28.410]:         extracting C:\Program Files\NetBeans-20\netbeans\webcommon\typescript-lsp\node_modules\vscode-languageserver-protocol\node.d.ts
[2024-01-15 15:51:28.410]:         extracting C:\Program Files\NetBeans-20\netbeans\webcommon\typescript-lsp\node_modules\vscode-languageserver-protocol\README.md
[2024-01-15 15:51:28.410]:         extracting C:\Program Files\NetBeans-20\netbeans\webcommon\typescript-lsp\node_modules\command-exists\test\executable-script.js
[2024-01-15 15:51:28.410]:         extracting C:\Program Files\NetBeans-20\netbeans\webcommon\typescript-lsp\node_modules\vscode-languageserver-types\package.json
[2024-01-15 15:51:28.410]:         extracting C:\Program Files\NetBeans-20\netbeans\webcommon\typescript-lsp\node_modules\typescript-language-server\lib\utils.js
[2024-01-15 15:51:28.410]:         extracting C:\Program Files\NetBeans-20\netbeans\webcommon\typescript-lsp\node_modules\typescript-language-server\lib\cli.d.ts
[2024-01-15 15:51:28.410]:         extracting C:\Program Files\NetBeans-20\netbeans\webcommon\typescript-lsp\node_modules\typescript-language-server\lib\hover.js
[2024-01-15 15:51:28.410]:         extracting C:\Program Files\NetBeans-20\netbeans\webcommon\typescript-lsp\node_modules\typescript-language-server\lib\calls.js
[2024-01-15 15:51:28.410]:         extracting C:\Program Files\NetBeans-20\netbeans\webcommon\typescript-lsp\node_modules\typescript-language-server\package.json
[2024-01-15 15:51:28.410]:         extracting C:\Program Files\NetBeans-20\netbeans\webcommon\typescript-lsp\node_modules\vscode-textbuffer\lib\common\range.d.ts
[2024-01-15 15:51:28.410]:         extracting C:\Program Files\NetBeans-20\netbeans\webcommon\typescript-lsp\node_modules\vscode-jsonrpc\lib\common\connection.js
[2024-01-15 15:51:28.426]:         extracting C:\Program Files\NetBeans-20\netbeans\webcommon\typescript-lsp\node_modules\vscode-jsonrpc\lib\common\messages.d.ts
[2024-01-15 15:51:28.426]:         extracting C:\Program Files\NetBeans-20\netbeans\webcommon\typescript-lsp\node_modules\vscode-jsonrpc\lib\common\disposable.js
[2024-01-15 15:51:28.426]:         extracting C:\Program Files\NetBeans-20\netbeans\webcommon\typescript-lsp\node_modules\vscode-jsonrpc\lib\common\encoding.d.ts
[2024-01-15 15:51:28.426]:         extracting C:\Program Files\NetBeans-20\netbeans\webcommon\typescript-lsp\node_modules\vscode-languageserver\lib\utils\is.d.ts
[2024-01-15 15:51:28.426]:         extracting C:\Program Files\NetBeans-20\netbeans\webcommon\typescript-lsp\node_modules\vscode-languageserver\lib\utils\uuid.js
[2024-01-15 15:51:28.426]:         extracting C:\Program Files\NetBeans-20\netbeans\webcommon\typescript-lsp\node_modules\vscode-languageserver\lib\thenable.d.ts
[2024-01-15 15:51:28.426]:         extracting C:\Program Files\NetBeans-20\netbeans\webcommon\typescript-lsp\node_modules\typescript\lib\lib.es2015.iterable.d.ts
[2024-01-15 15:51:28.426]:         extracting C:\Program Files\NetBeans-20\netbeans\webcommon\typescript-lsp\node_modules\vscode-languageserver-protocol\lib\node
[2024-01-15 15:51:28.426]:         extracting C:\Program Files\NetBeans-20\netbeans\webcommon\typescript-lsp\node_modules\vscode-languageserver-protocol\node.cmd
[2024-01-15 15:51:28.426]:         extracting C:\Program Files\NetBeans-20\netbeans\webcommon\typescript-lsp\node_modules\vscode-languageserver-types\License.txt
[2024-01-15 15:51:28.426]:         extracting C:\Program Files\NetBeans-20\netbeans\webcommon\typescript-lsp\node_modules\vscode-textbuffer\lib\pieceTreeBase.js
[2024-01-15 15:51:28.426]:         extracting C:\Program Files\NetBeans-20\netbeans\webcommon\typescript-lsp\node_modules\vscode-textbuffer\src\pieceTreeBase.ts
[2024-01-15 15:51:28.426]:         extracting C:\Program Files\NetBeans-20\netbeans\webcommon\typescript-lsp\node_modules\vscode-jsonrpc\lib\common\semaphore.js
[2024-01-15 15:51:28.426]:         extracting C:\Program Files\NetBeans-20\netbeans\webcommon\typescript-lsp\node_modules\vscode-jsonrpc\lib\common\linkedMap.js
[2024-01-15 15:51:28.426]:         extracting C:\Program Files\NetBeans-20\netbeans\webcommon\typescript-lsp\node_modules\vscode-languageserver\lib\resolve.d.ts
[2024-01-15 15:51:28.426]:         extracting C:\Program Files\NetBeans-20\netbeans\webcommon\typescript-lsp\node_modules\typescript\lib\lib.es2020.promise.d.ts
[2024-01-15 15:51:28.426]:         extracting C:\Program Files\NetBeans-20\netbeans\webcommon\typescript-lsp\node_modules\typescript\lib\lib.esnext.weakref.d.ts
[2024-01-15 15:51:28.426]:         extracting C:\Program Files\NetBeans-20\netbeans\webcommon\typescript-lsp\node_modules\typescript\lib\lib.es2015.promise.d.ts
[2024-01-15 15:51:28.426]:         extracting C:\Program Files\NetBeans-20\netbeans\webcommon\typescript-lsp\node_modules\typescript\lib\lib.esnext.promise.d.ts
[2024-01-15 15:51:28.426]:         extracting C:\Program Files\NetBeans-20\netbeans\webcommon\typescript-lsp\node_modules\typescript\lib\lib.es2018.promise.d.ts
[2024-01-15 15:51:28.426]:         extracting C:\Program Files\NetBeans-20\netbeans\webcommon\typescript-lsp\node_modules\typescript\lib\typescriptServices.d.ts
[2024-01-15 15:51:28.438]:         extracting C:\Program Files\NetBeans-20\netbeans\webcommon\typescript-lsp\node_modules\typescript\lib\lib.es2015.reflect.d.ts
[2024-01-15 15:51:28.438]:         extracting C:\Program Files\NetBeans-20\netbeans\webcommon\typescript-lsp\node_modules\typescript\loc\lcl\TRK\TypeScriptTasks
[2024-01-15 15:51:28.439]:         extracting C:\Program Files\NetBeans-20\netbeans\webcommon\typescript-lsp\node_modules\typescript\loc\lcl\CHS\TypeScriptTasks
[2024-01-15 15:51:28.439]:         extracting C:\Program Files\NetBeans-20\netbeans\webcommon\typescript-lsp\node_modules\typescript\loc\lcl\DEU\TypeScriptTasks
[2024-01-15 15:51:28.439]:         extracting C:\Program Files\NetBeans-20\netbeans\webcommon\typescript-lsp\node_modules\typescript\loc\lcl\KOR\TypeScriptTasks
[2024-01-15 15:51:28.441]:         extracting C:\Program Files\NetBeans-20\netbeans\webcommon\typescript-lsp\node_modules\typescript\loc\lcl\PLK\TypeScriptTasks
[2024-01-15 15:51:28.441]:         extracting C:\Program Files\NetBeans-20\netbeans\webcommon\typescript-lsp\node_modules\typescript\loc\lcl\ESN\TypeScriptTasks
[2024-01-15 15:51:28.441]:         extracting C:\Program Files\NetBeans-20\netbeans\webcommon\typescript-lsp\node_modules\typescript\loc\lcl\JPN\TypeScriptTasks
[2024-01-15 15:51:28.441]:         extracting C:\Program Files\NetBeans-20\netbeans\webcommon\typescript-lsp\node_modules\typescript\loc\lcl\RUS\TypeScriptTasks
[2024-01-15 15:51:28.441]:         extracting C:\Program Files\NetBeans-20\netbeans\webcommon\typescript-lsp\node_modules\typescript\loc\lcl\ITA\TypeScriptTasks
[2024-01-15 15:51:28.441]:         extracting C:\Program Files\NetBeans-20\netbeans\webcommon\typescript-lsp\node_modules\typescript\loc\lcl\PTB\TypeScriptTasks
[2024-01-15 15:51:28.441]:         extracting C:\Program Files\NetBeans-20\netbeans\webcommon\typescript-lsp\node_modules\typescript\loc\lcl\CHT\TypeScriptTasks
[2024-01-15 15:51:28.442]:         extracting C:\Program Files\NetBeans-20\netbeans\webcommon\typescript-lsp\node_modules\typescript\loc\lcl\CSY\TypeScriptTasks
[2024-01-15 15:51:28.442]:         extracting C:\Program Files\NetBeans-20\netbeans\webcommon\typescript-lsp\node_modules\typescript\loc\lcl\FRA\TypeScriptTasks
[2024-01-15 15:51:28.442]:         extracting C:\Program Files\NetBeans-20\netbeans\webcommon\typescript-lsp\node_modules\vscode-languageserver-protocol\node.js
[2024-01-15 15:51:28.442]:         extracting C:\Program Files\NetBeans-20\netbeans\webcommon\update_tracking\org-netbeans-modules-selenium2-webclient-mocha.xml
[2024-01-15 15:51:28.442]:         extracting C:\Program Files\NetBeans-20\netbeans\webcommon\update_tracking\org-netbeans-modules-cordova-platforms-android.xml
[2024-01-15 15:51:28.442]:         extracting C:\Program Files\NetBeans-20\netbeans\webcommon\typescript-lsp\node_modules\typescript-language-server\lib\cli.js
[2024-01-15 15:51:28.442]:         extracting C:\Program Files\NetBeans-20\netbeans\webcommon\typescript-lsp\node_modules\vscode-textbuffer\lib\common\range.js
[2024-01-15 15:51:28.442]:         extracting C:\Program Files\NetBeans-20\netbeans\webcommon\typescript-lsp\node_modules\vscode-textbuffer\lib\rbTreeBase.d.ts
[2024-01-15 15:51:28.442]:         extracting C:\Program Files\NetBeans-20\netbeans\webcommon\typescript-lsp\node_modules\vscode-textbuffer\src\common\range.ts
[2024-01-15 15:51:28.442]:         extracting C:\Program Files\NetBeans-20\netbeans\webcommon\typescript-lsp\node_modules\vscode-jsonrpc\lib\common\encoding.js
[2024-01-15 15:51:28.442]:         extracting C:\Program Files\NetBeans-20\netbeans\webcommon\typescript-lsp\node_modules\vscode-jsonrpc\lib\common\events.d.ts
[2024-01-15 15:51:28.442]:         extracting C:\Program Files\NetBeans-20\netbeans\webcommon\typescript-lsp\node_modules\vscode-jsonrpc\lib\common\messages.js
[2024-01-15 15:51:28.442]:         extracting C:\Program Files\NetBeans-20\netbeans\webcommon\typescript-lsp\node_modules\vscode-languageserver\lib\utils\is.js
[2024-01-15 15:51:28.442]:         extracting C:\Program Files\NetBeans-20\netbeans\webcommon\typescript-lsp\node_modules\vscode-languageserver\lib\thenable.js
[2024-01-15 15:51:28.442]:         extracting C:\Program Files\NetBeans-20\netbeans\webcommon\typescript-lsp\node_modules\typescript\lib\lib.es2020.string.d.ts
[2024-01-15 15:51:28.442]:         extracting C:\Program Files\NetBeans-20\netbeans\webcommon\typescript-lsp\node_modules\typescript\lib\lib.es2015.symbol.d.ts
[2024-01-15 15:51:28.442]:         extracting C:\Program Files\NetBeans-20\netbeans\webcommon\typescript-lsp\node_modules\typescript\lib\lib.es2019.symbol.d.ts
[2024-01-15 15:51:28.442]:         extracting C:\Program Files\NetBeans-20\netbeans\webcommon\typescript-lsp\node_modules\typescript\lib\lib.es2017.string.d.ts
[2024-01-15 15:51:28.442]:         extracting C:\Program Files\NetBeans-20\netbeans\webcommon\typescript-lsp\node_modules\typescript\lib\lib.es2018.regexp.d.ts
[2024-01-15 15:51:28.458]:         extracting C:\Program Files\NetBeans-20\netbeans\webcommon\typescript-lsp\node_modules\typescript\lib\lib.es2019.string.d.ts
[2024-01-15 15:51:28.458]:         extracting C:\Program Files\NetBeans-20\netbeans\webcommon\typescript-lsp\node_modules\typescript\lib\lib.es2020.bigint.d.ts
[2024-01-15 15:51:28.458]:         extracting C:\Program Files\NetBeans-20\netbeans\webcommon\typescript-lsp\node_modules\typescript\lib\lib.es2019.object.d.ts
[2024-01-15 15:51:28.458]:         extracting C:\Program Files\NetBeans-20\netbeans\webcommon\typescript-lsp\node_modules\typescript\lib\lib.esnext.string.d.ts
[2024-01-15 15:51:28.458]:         extracting C:\Program Files\NetBeans-20\netbeans\webcommon\typescript-lsp\node_modules\typescript\lib\lib.es2017.object.d.ts
[2024-01-15 15:51:28.458]:         extracting C:\Program Files\NetBeans-20\netbeans\webcommon\typescript-lsp\node_modules\fs-extra\lib\json\output-json-sync.js
[2024-01-15 15:51:28.458]:         extracting C:\Program Files\NetBeans-20\netbeans\webcommon\typescript-lsp\node_modules\vscode-languageserver-types\README.md
[2024-01-15 15:51:28.458]:         extracting C:\Program Files\NetBeans-20\netbeans\webcommon\update_tracking\org-netbeans-modules-javascript2-source-query.xml
[2024-01-15 15:51:28.458]:         extracting C:\Program Files\NetBeans-20\netbeans\webcommon\config\Modules\org-netbeans-modules-selenium2-webclient-mocha.xml
[2024-01-15 15:51:28.458]:         extracting C:\Program Files\NetBeans-20\netbeans\webcommon\config\Modules\org-netbeans-modules-cordova-platforms-android.xml
[2024-01-15 15:51:28.458]:         extracting C:\Program Files\NetBeans-20\netbeans\webcommon\typescript-lsp\node_modules\vscode-jsonrpc\lib\browser\main.d.ts
[2024-01-15 15:51:28.458]:         extracting C:\Program Files\NetBeans-20\netbeans\webcommon\typescript-lsp\node_modules\vscode-jsonrpc\thirdpartynotices.txt
[2024-01-15 15:51:28.458]:         extracting C:\Program Files\NetBeans-20\netbeans\webcommon\typescript-lsp\node_modules\vscode-jsonrpc\typings\thenable.d.ts
[2024-01-15 15:51:28.458]:         extracting C:\Program Files\NetBeans-20\netbeans\webcommon\typescript-lsp\node_modules\vscode-languageserver\lib\files.d.ts
[2024-01-15 15:51:28.458]:         extracting C:\Program Files\NetBeans-20\netbeans\webcommon\typescript-lsp\node_modules\vscode-languageserver\lib\resolve.js
[2024-01-15 15:51:28.458]:         extracting C:\Program Files\NetBeans-20\netbeans\webcommon\typescript-lsp\node_modules\typescript\lib\typescriptServices.js
[2024-01-15 15:51:28.475]:         extracting C:\Program Files\NetBeans-20\netbeans\webcommon\typescript-lsp\node_modules\typescript\lib\lib.dom.iterable.d.ts
[2024-01-15 15:51:28.475]:         extracting C:\Program Files\NetBeans-20\netbeans\webcommon\typescript-lsp\node_modules\typescript\lib\lib.es2015.proxy.d.ts
[2024-01-15 15:51:28.475]:         extracting C:\Program Files\NetBeans-20\netbeans\webcommon\typescript-lsp\node_modules\typescript\lib\lib.es2019.array.d.ts
[2024-01-15 15:51:28.475]:         extracting C:\Program Files\NetBeans-20\netbeans\webcommon\typescript-lsp\node_modules\fs-extra\lib\ensure\symlink-paths.js
[2024-01-15 15:51:28.475]:         extracting C:\Program Files\NetBeans-20\netbeans\webcommon\typescript-lsp\node_modules\command-exists\lib\command-exists.js
[2024-01-15 15:51:28.475]:         extracting C:\Program Files\NetBeans-20\netbeans\webcommon\update_tracking\org-netbeans-modules-javascript-jstestdriver.xml
[2024-01-15 15:51:28.491]:         extracting C:\Program Files\NetBeans-20\netbeans\webcommon\update_tracking\org-netbeans-modules-javascript2-prototypejs.xml
[2024-01-15 15:51:28.491]:         extracting C:\Program Files\NetBeans-20\netbeans\webcommon\update_tracking\org-netbeans-modules-web-javascript-debugger.xml
[2024-01-15 15:51:28.491]:         extracting C:\Program Files\NetBeans-20\netbeans\webcommon\config\Modules\org-netbeans-modules-javascript2-source-query.xml
[2024-01-15 15:51:28.491]:         extracting C:\Program Files\NetBeans-20\netbeans\webcommon\typescript-lsp\node_modules\vscode-textbuffer\lib\rbTreeBase.js
[2024-01-15 15:51:28.491]:         extracting C:\Program Files\NetBeans-20\netbeans\webcommon\typescript-lsp\node_modules\vscode-textbuffer\src\rbTreeBase.ts
[2024-01-15 15:51:28.491]:         extracting C:\Program Files\NetBeans-20\netbeans\webcommon\typescript-lsp\node_modules\vscode-jsonrpc\lib\common\events.js
[2024-01-15 15:51:28.491]:         extracting C:\Program Files\NetBeans-20\netbeans\webcommon\typescript-lsp\node_modules\vscode-jsonrpc\lib\browser\ril.d.ts
[2024-01-15 15:51:28.491]:         extracting C:\Program Files\NetBeans-20\netbeans\webcommon\typescript-lsp\node_modules\vscode-languageserver\lib\main.d.ts
[2024-01-15 15:51:28.491]:         extracting C:\Program Files\NetBeans-20\netbeans\webcommon\typescript-lsp\node_modules\typescript\lib\lib.es2017.full.d.ts
[2024-01-15 15:51:28.491]:         extracting C:\Program Files\NetBeans-20\netbeans\webcommon\typescript-lsp\node_modules\typescript\lib\lib.es2016.full.d.ts
[2024-01-15 15:51:28.491]:         extracting C:\Program Files\NetBeans-20\netbeans\webcommon\typescript-lsp\node_modules\typescript\lib\lib.es2017.intl.d.ts
[2024-01-15 15:51:28.491]:         extracting C:\Program Files\NetBeans-20\netbeans\webcommon\typescript-lsp\node_modules\typescript\lib\tsserverlibrary.d.ts
[2024-01-15 15:51:28.491]:         extracting C:\Program Files\NetBeans-20\netbeans\webcommon\typescript-lsp\node_modules\typescript\lib\lib.es2018.full.d.ts
[2024-01-15 15:51:28.491]:         extracting C:\Program Files\NetBeans-20\netbeans\webcommon\typescript-lsp\node_modules\typescript\lib\lib.es2020.full.d.ts
[2024-01-15 15:51:28.491]:         extracting C:\Program Files\NetBeans-20\netbeans\webcommon\typescript-lsp\node_modules\typescript\lib\lib.es2019.full.d.ts
[2024-01-15 15:51:28.501]:         extracting C:\Program Files\NetBeans-20\netbeans\webcommon\typescript-lsp\node_modules\typescript\lib\lib.es2015.core.d.ts
[2024-01-15 15:51:28.501]:         extracting C:\Program Files\NetBeans-20\netbeans\webcommon\typescript-lsp\node_modules\typescript\lib\lib.es2020.intl.d.ts
[2024-01-15 15:51:28.501]:         extracting C:\Program Files\NetBeans-20\netbeans\webcommon\typescript-lsp\node_modules\typescript\lib\lib.esnext.intl.d.ts
[2024-01-15 15:51:28.501]:         extracting C:\Program Files\NetBeans-20\netbeans\webcommon\typescript-lsp\node_modules\typescript\lib\lib.es2018.intl.d.ts
[2024-01-15 15:51:28.501]:         extracting C:\Program Files\NetBeans-20\netbeans\webcommon\typescript-lsp\node_modules\typescript\lib\lib.esnext.full.d.ts
[2024-01-15 15:51:28.501]:         extracting C:\Program Files\NetBeans-20\netbeans\webcommon\typescript-lsp\node_modules\typescript\lib\cancellationToken.js
[2024-01-15 15:51:28.501]:         extracting C:\Program Files\NetBeans-20\netbeans\webcommon\typescript-lsp\node_modules\typescript\ThirdPartyNoticeText.txt
[2024-01-15 15:51:28.501]:         extracting C:\Program Files\NetBeans-20\netbeans\webcommon\typescript-lsp\node_modules\fs-extra\lib\copy-sync\copy-sync.js
[2024-01-15 15:51:28.501]:         extracting C:\Program Files\NetBeans-20\netbeans\webcommon\typescript-lsp\node_modules\fs-extra\lib\ensure\symlink-type.js
[2024-01-15 15:51:28.501]:         extracting C:\Program Files\NetBeans-20\netbeans\webcommon\typescript-lsp\node_modules\vscode-languageserver-types\lib\esm
[2024-01-15 15:51:28.501]:         extracting C:\Program Files\NetBeans-20\netbeans\webcommon\typescript-lsp\node_modules\vscode-languageserver-types\lib\umd
[2024-01-15 15:51:28.501]:         extracting C:\Program Files\NetBeans-20\netbeans\webcommon\modules\org-netbeans-modules-selenium2-webclient-protractor.jar
[2024-01-15 15:51:28.501]:         extracting C:\Program Files\NetBeans-20\netbeans\webcommon\config\Modules\org-netbeans-modules-javascript-jstestdriver.xml
[2024-01-15 15:51:28.501]:         extracting C:\Program Files\NetBeans-20\netbeans\webcommon\config\Modules\org-netbeans-modules-javascript2-prototypejs.xml
[2024-01-15 15:51:28.501]:         extracting C:\Program Files\NetBeans-20\netbeans\webcommon\config\Modules\org-netbeans-modules-web-javascript-debugger.xml
[2024-01-15 15:51:28.501]:         extracting C:\Program Files\NetBeans-20\netbeans\webcommon\typescript-lsp\node_modules\typescript-language-server\LICENSE
[2024-01-15 15:51:28.501]:         extracting C:\Program Files\NetBeans-20\netbeans\webcommon\typescript-lsp\node_modules\vscode-jsonrpc\lib\common\api.d.ts
[2024-01-15 15:51:28.501]:         extracting C:\Program Files\NetBeans-20\netbeans\webcommon\typescript-lsp\node_modules\vscode-jsonrpc\lib\common\ral.d.ts
[2024-01-15 15:51:28.501]:         extracting C:\Program Files\NetBeans-20\netbeans\webcommon\typescript-lsp\node_modules\vscode-jsonrpc\lib\browser\main.js
[2024-01-15 15:51:28.501]:         extracting C:\Program Files\NetBeans-20\netbeans\webcommon\typescript-lsp\node_modules\vscode-languageserver\lib\files.js
[2024-01-15 15:51:28.501]:         extracting C:\Program Files\NetBeans-20\netbeans\webcommon\typescript-lsp\node_modules\vscode-languageserver\package.json
[2024-01-15 15:51:28.501]:         extracting C:\Program Files\NetBeans-20\netbeans\webcommon\typescript-lsp\node_modules\typescript\lib\lib.scripthost.d.ts
[2024-01-15 15:51:28.501]:         extracting C:\Program Files\NetBeans-20\netbeans\webcommon\typescript-lsp\node_modules\typescript\lib\typingsInstaller.js
[2024-01-15 15:51:28.517]:         extracting C:\Program Files\NetBeans-20\netbeans\webcommon\typescript-lsp\node_modules\vscode-languageserver-protocol\lib
[2024-01-15 15:51:28.517]:         extracting C:\Program Files\NetBeans-20\netbeans\webcommon\typescript-lsp\node_modules\fs-extra\lib\mkdirs\mkdirs-sync.js
[2024-01-15 15:51:28.517]:         extracting C:\Program Files\NetBeans-20\netbeans\webcommon\update_tracking\org-netbeans-modules-web-clientproject-api.xml
[2024-01-15 15:51:28.517]:         extracting C:\Program Files\NetBeans-20\netbeans\webcommon\update_tracking\org-netbeans-modules-javascript-v8debug-ui.xml
[2024-01-15 15:51:28.517]:         extracting C:\Program Files\NetBeans-20\netbeans\webcommon\update_tracking\org-netbeans-modules-javascript2-requirejs.xml
[2024-01-15 15:51:28.517]:         extracting C:\Program Files\NetBeans-20\netbeans\webcommon\typescript-lsp\node_modules\vscode-jsonrpc\lib\common\is.d.ts
[2024-01-15 15:51:28.517]:         extracting C:\Program Files\NetBeans-20\netbeans\webcommon\typescript-lsp\node_modules\vscode-jsonrpc\lib\node\main.d.ts
[2024-01-15 15:51:28.532]:         extracting C:\Program Files\NetBeans-20\netbeans\webcommon\typescript-lsp\node_modules\vscode-jsonrpc\lib\browser\ril.js
[2024-01-15 15:51:28.532]:         extracting C:\Program Files\NetBeans-20\netbeans\webcommon\typescript-lsp\node_modules\vscode-languageserver\lib\main.js
[2024-01-15 15:51:28.532]:         extracting C:\Program Files\NetBeans-20\netbeans\webcommon\typescript-lsp\node_modules\vscode-languageserver\License.txt
[2024-01-15 15:51:28.532]:         extracting C:\Program Files\NetBeans-20\netbeans\webcommon\typescript-lsp\node_modules\typescript\lib\tsserverlibrary.js
[2024-01-15 15:51:28.548]:         extracting C:\Program Files\NetBeans-20\netbeans\webcommon\typescript-lsp\node_modules\typescript\lib\lib.webworker.d.ts
[2024-01-15 15:51:28.548]:         extracting C:\Program Files\NetBeans-20\netbeans\webcommon\typescript-lsp\node_modules\crypto-random-string\package.json
[2024-01-15 15:51:28.548]:         extracting C:\Program Files\NetBeans-20\netbeans\webcommon\typescript-lsp\node_modules\fs-extra\lib\path-exists\index.js
[2024-01-15 15:51:28.548]:         extracting C:\Program Files\NetBeans-20\netbeans\webcommon\update_tracking\org-netbeans-modules-javascript2-knockout.xml
[2024-01-15 15:51:28.548]:         extracting C:\Program Files\NetBeans-20\netbeans\webcommon\update_tracking\org-netbeans-modules-languages-apacheconf.xml
[2024-01-15 15:51:28.548]:         extracting C:\Program Files\NetBeans-20\netbeans\webcommon\config\Modules\org-netbeans-modules-web-clientproject-api.xml
[2024-01-15 15:51:28.548]:         extracting C:\Program Files\NetBeans-20\netbeans\webcommon\config\Modules\org-netbeans-modules-javascript-v8debug-ui.xml
[2024-01-15 15:51:28.548]:         extracting C:\Program Files\NetBeans-20\netbeans\webcommon\config\Modules\org-netbeans-modules-javascript2-requirejs.xml
[2024-01-15 15:51:28.548]:         extracting C:\Program Files\NetBeans-20\netbeans\webcommon\typescript-lsp\node_modules\vscode-textbuffer\lib\index.d.ts
[2024-01-15 15:51:28.548]:         extracting C:\Program Files\NetBeans-20\netbeans\webcommon\typescript-lsp\node_modules\vscode-textbuffer\jest.config.js
[2024-01-15 15:51:28.548]:         extracting C:\Program Files\NetBeans-20\netbeans\webcommon\typescript-lsp\node_modules\vscode-jsonrpc\lib\common\api.js
[2024-01-15 15:51:28.548]:         extracting C:\Program Files\NetBeans-20\netbeans\webcommon\typescript-lsp\node_modules\vscode-jsonrpc\lib\common\ral.js
[2024-01-15 15:51:28.548]:         extracting C:\Program Files\NetBeans-20\netbeans\webcommon\typescript-lsp\node_modules\vscode-jsonrpc\lib\node\ril.d.ts
[2024-01-15 15:51:28.548]:         extracting C:\Program Files\NetBeans-20\netbeans\webcommon\typescript-lsp\node_modules\fs-extra\lib\json\output-json.js
[2024-01-15 15:51:28.548]:         extracting C:\Program Files\NetBeans-20\netbeans\webcommon\typescript-lsp\node_modules\vscode-uri\.vscode\settings.json
[2024-01-15 15:51:28.564]:         extracting C:\Program Files\NetBeans-20\netbeans\webcommon\update_tracking\org-netbeans-modules-selenium2-webclient.xml
[2024-01-15 15:51:28.564]:         extracting C:\Program Files\NetBeans-20\netbeans\webcommon\config\Modules\org-netbeans-modules-javascript2-knockout.xml
[2024-01-15 15:51:28.564]:         extracting C:\Program Files\NetBeans-20\netbeans\webcommon\config\Modules\org-netbeans-modules-languages-apacheconf.xml
[2024-01-15 15:51:28.564]:         extracting C:\Program Files\NetBeans-20\netbeans\webcommon\typescript-lsp\node_modules\vscode-textbuffer\tsconfig.json
[2024-01-15 15:51:28.564]:         extracting C:\Program Files\NetBeans-20\netbeans\webcommon\typescript-lsp\node_modules\vscode-jsonrpc\lib\common\is.js
[2024-01-15 15:51:28.564]:         extracting C:\Program Files\NetBeans-20\netbeans\webcommon\typescript-lsp\node_modules\vscode-jsonrpc\lib\node\main.js
[2024-01-15 15:51:28.564]:         extracting C:\Program Files\NetBeans-20\netbeans\webcommon\typescript-lsp\node_modules\vscode-languageserver\lib\utils
[2024-01-15 15:51:28.564]:         extracting C:\Program Files\NetBeans-20\netbeans\webcommon\typescript-lsp\node_modules\vscode-languageserver\README.md
[2024-01-15 15:51:28.564]:         extracting C:\Program Files\NetBeans-20\netbeans\webcommon\typescript-lsp\node_modules\fs-extra\lib\copy-sync\index.js
[2024-01-15 15:51:28.564]:         extracting C:\Program Files\NetBeans-20\netbeans\webcommon\typescript-lsp\node_modules\fs-extra\lib\move-sync\index.js
[2024-01-15 15:51:28.564]:         extracting C:\Program Files\NetBeans-20\netbeans\webcommon\typescript-lsp\node_modules\vscode-languageserver-types\lib
[2024-01-15 15:51:28.564]:         extracting C:\Program Files\NetBeans-20\netbeans\webcommon\update_tracking\org-netbeans-modules-javascript2-extdoc.xml
[2024-01-15 15:51:28.564]:         extracting C:\Program Files\NetBeans-20\netbeans\webcommon\update_tracking\org-netbeans-modules-javascript2-nodejs.xml
[2024-01-15 15:51:28.564]:         extracting C:\Program Files\NetBeans-20\netbeans\webcommon\update_tracking\org-netbeans-modules-javascript-v8debug.xml
[2024-01-15 15:51:28.571]:         extracting C:\Program Files\NetBeans-20\netbeans\webcommon\update_tracking\org-netbeans-modules-web-client-samples.xml
[2024-01-15 15:51:28.571]:         extracting C:\Program Files\NetBeans-20\netbeans\webcommon\update_tracking\org-netbeans-modules-web-webkit-tooling.xml
[2024-01-15 15:51:28.572]:         extracting C:\Program Files\NetBeans-20\netbeans\webcommon\update_tracking\org-netbeans-modules-javascript2-jquery.xml
[2024-01-15 15:51:28.572]:         extracting C:\Program Files\NetBeans-20\netbeans\webcommon\update_tracking\org-netbeans-modules-javascript2-editor.xml
[2024-01-15 15:51:28.573]:         extracting C:\Program Files\NetBeans-20\netbeans\webcommon\config\Modules\org-netbeans-modules-selenium2-webclient.xml
[2024-01-15 15:51:28.573]:         extracting C:\Program Files\NetBeans-20\netbeans\webcommon\typescript-lsp\node_modules\typescript-language-server\lib
[2024-01-15 15:51:28.574]:         extracting C:\Program Files\NetBeans-20\netbeans\webcommon\typescript-lsp\node_modules\vscode-textbuffer\lib\index.js
[2024-01-15 15:51:28.574]:         extracting C:\Program Files\NetBeans-20\netbeans\webcommon\typescript-lsp\node_modules\vscode-textbuffer\package.json
[2024-01-15 15:51:28.575]:         extracting C:\Program Files\NetBeans-20\netbeans\webcommon\typescript-lsp\node_modules\vscode-textbuffer\src\index.ts
[2024-01-15 15:51:28.575]:         extracting C:\Program Files\NetBeans-20\netbeans\webcommon\typescript-lsp\node_modules\vscode-jsonrpc\lib\node\ril.js
[2024-01-15 15:51:28.575]:         extracting C:\Program Files\NetBeans-20\netbeans\webcommon\typescript-lsp\node_modules\typescript\lib\lib.es2019.d.ts
[2024-01-15 15:51:28.575]:         extracting C:\Program Files\NetBeans-20\netbeans\webcommon\typescript-lsp\node_modules\typescript\lib\lib.es2020.d.ts
[2024-01-15 15:51:28.575]:         extracting C:\Program Files\NetBeans-20\netbeans\webcommon\typescript-lsp\node_modules\typescript\lib\lib.es2016.d.ts
[2024-01-15 15:51:28.591]:         extracting C:\Program Files\NetBeans-20\netbeans\webcommon\typescript-lsp\node_modules\typescript\lib\lib.es2018.d.ts
[2024-01-15 15:51:28.591]:         extracting C:\Program Files\NetBeans-20\netbeans\webcommon\typescript-lsp\node_modules\typescript\lib\typescript.d.ts
[2024-01-15 15:51:28.591]:         extracting C:\Program Files\NetBeans-20\netbeans\webcommon\typescript-lsp\node_modules\typescript\lib\lib.es2017.d.ts
[2024-01-15 15:51:28.591]:         extracting C:\Program Files\NetBeans-20\netbeans\webcommon\typescript-lsp\node_modules\typescript\lib\lib.es2015.d.ts
[2024-01-15 15:51:28.591]:         extracting C:\Program Files\NetBeans-20\netbeans\webcommon\typescript-lsp\node_modules\typescript\lib\lib.esnext.d.ts
[2024-01-15 15:51:28.591]:         extracting C:\Program Files\NetBeans-20\netbeans\webcommon\typescript-lsp\node_modules\typescript\loc\lcl\TRK\Targets
[2024-01-15 15:51:28.591]:         extracting C:\Program Files\NetBeans-20\netbeans\webcommon\typescript-lsp\node_modules\typescript\loc\lcl\CHS\Targets
[2024-01-15 15:51:28.591]:         extracting C:\Program Files\NetBeans-20\netbeans\webcommon\typescript-lsp\node_modules\typescript\loc\lcl\DEU\Targets
[2024-01-15 15:51:28.591]:         extracting C:\Program Files\NetBeans-20\netbeans\webcommon\typescript-lsp\node_modules\typescript\loc\lcl\KOR\Targets
[2024-01-15 15:51:28.591]:         extracting C:\Program Files\NetBeans-20\netbeans\webcommon\typescript-lsp\node_modules\typescript\loc\lcl\PLK\Targets
[2024-01-15 15:51:28.591]:         extracting C:\Program Files\NetBeans-20\netbeans\webcommon\typescript-lsp\node_modules\typescript\loc\lcl\ESN\Targets
[2024-01-15 15:51:28.591]:         extracting C:\Program Files\NetBeans-20\netbeans\webcommon\typescript-lsp\node_modules\typescript\loc\lcl\JPN\Targets
[2024-01-15 15:51:28.591]:         extracting C:\Program Files\NetBeans-20\netbeans\webcommon\typescript-lsp\node_modules\typescript\loc\lcl\RUS\Targets
[2024-01-15 15:51:28.591]:         extracting C:\Program Files\NetBeans-20\netbeans\webcommon\typescript-lsp\node_modules\typescript\loc\lcl\ITA\Targets
[2024-01-15 15:51:28.591]:         extracting C:\Program Files\NetBeans-20\netbeans\webcommon\typescript-lsp\node_modules\typescript\loc\lcl\PTB\Targets
[2024-01-15 15:51:28.591]:         extracting C:\Program Files\NetBeans-20\netbeans\webcommon\typescript-lsp\node_modules\typescript\loc\lcl\CHT\Targets
[2024-01-15 15:51:28.591]:         extracting C:\Program Files\NetBeans-20\netbeans\webcommon\typescript-lsp\node_modules\typescript\loc\lcl\CSY\Targets
[2024-01-15 15:51:28.591]:         extracting C:\Program Files\NetBeans-20\netbeans\webcommon\typescript-lsp\node_modules\typescript\loc\lcl\FRA\Targets
[2024-01-15 15:51:28.591]:         extracting C:\Program Files\NetBeans-20\netbeans\webcommon\typescript-lsp\node_modules\typescript\CopyrightNotice.txt
[2024-01-15 15:51:28.591]:         extracting C:\Program Files\NetBeans-20\netbeans\webcommon\typescript-lsp\node_modules\crypto-random-string\readme.md
[2024-01-15 15:51:28.591]:         extracting C:\Program Files\NetBeans-20\netbeans\webcommon\typescript-lsp\node_modules\vscode-languageserver-protocol
[2024-01-15 15:51:28.591]:         extracting C:\Program Files\NetBeans-20\netbeans\webcommon\typescript-lsp\node_modules\fs-extra\lib\ensure\symlink.js
[2024-01-15 15:51:28.591]:         extracting C:\Program Files\NetBeans-20\netbeans\webcommon\update_tracking\org-netbeans-modules-extbrowser-chrome.xml
[2024-01-15 15:51:28.591]:         extracting C:\Program Files\NetBeans-20\netbeans\webcommon\update_tracking\org-netbeans-modules-javascript-nodejs.xml
[2024-01-15 15:51:28.591]:         extracting C:\Program Files\NetBeans-20\netbeans\webcommon\update_tracking\org-netbeans-modules-javascript2-extjs.xml
[2024-01-15 15:51:28.591]:         extracting C:\Program Files\NetBeans-20\netbeans\webcommon\update_tracking\org-netbeans-modules-javascript2-lexer.xml
[2024-01-15 15:51:28.591]:         extracting C:\Program Files\NetBeans-20\netbeans\webcommon\update_tracking\org-netbeans-modules-cordova-platforms.xml
[2024-01-15 15:51:28.621]:         extracting C:\Program Files\NetBeans-20\netbeans\webcommon\update_tracking\org-netbeans-modules-javascript2-jsdoc.xml
[2024-01-15 15:51:28.621]:         extracting C:\Program Files\NetBeans-20\netbeans\webcommon\update_tracking\org-netbeans-modules-javascript2-react.xml
[2024-01-15 15:51:28.621]:         extracting C:\Program Files\NetBeans-20\netbeans\webcommon\update_tracking\org-netbeans-modules-javascript2-model.xml
[2024-01-15 15:51:28.621]:         extracting C:\Program Files\NetBeans-20\netbeans\webcommon\update_tracking\org-netbeans-modules-web-clientproject.xml
[2024-01-15 15:51:28.621]:         extracting C:\Program Files\NetBeans-20\netbeans\webcommon\update_tracking\org-netbeans-modules-javascript2-types.xml
[2024-01-15 15:51:28.621]:         extracting C:\Program Files\NetBeans-20\netbeans\webcommon\update_tracking\org-netbeans-modules-typescript-editor.xml
[2024-01-15 15:51:28.621]:         extracting C:\Program Files\NetBeans-20\netbeans\webcommon\modules\org-netbeans-modules-selenium2-webclient-mocha.jar
[2024-01-15 15:51:28.621]:         extracting C:\Program Files\NetBeans-20\netbeans\webcommon\modules\org-netbeans-modules-cordova-platforms-android.jar
[2024-01-15 15:51:28.621]:         extracting C:\Program Files\NetBeans-20\netbeans\webcommon\config\Modules\org-netbeans-modules-javascript2-extdoc.xml
[2024-01-15 15:51:28.621]:         extracting C:\Program Files\NetBeans-20\netbeans\webcommon\config\Modules\org-netbeans-modules-javascript2-nodejs.xml
[2024-01-15 15:51:28.621]:         extracting C:\Program Files\NetBeans-20\netbeans\webcommon\config\Modules\org-netbeans-modules-javascript-v8debug.xml
[2024-01-15 15:51:28.621]:         extracting C:\Program Files\NetBeans-20\netbeans\webcommon\config\Modules\org-netbeans-modules-web-client-samples.xml
[2024-01-15 15:51:28.621]:         extracting C:\Program Files\NetBeans-20\netbeans\webcommon\config\Modules\org-netbeans-modules-web-webkit-tooling.xml
[2024-01-15 15:51:28.621]:         extracting C:\Program Files\NetBeans-20\netbeans\webcommon\config\Modules\org-netbeans-modules-javascript2-jquery.xml
[2024-01-15 15:51:28.621]:         extracting C:\Program Files\NetBeans-20\netbeans\webcommon\config\Modules\org-netbeans-modules-javascript2-editor.xml
[2024-01-15 15:51:28.621]:         extracting C:\Program Files\NetBeans-20\netbeans\webcommon\typescript-lsp\node_modules\typescript\CODE_OF_CONDUCT.md
[2024-01-15 15:51:28.621]:         extracting C:\Program Files\NetBeans-20\netbeans\webcommon\typescript-lsp\node_modules\crypto-random-string\index.js
[2024-01-15 15:51:28.621]:         extracting C:\Program Files\NetBeans-20\netbeans\webcommon\typescript-lsp\node_modules\fs-extra\lib\json\jsonfile.js
[2024-01-15 15:51:28.621]:         extracting C:\Program Files\NetBeans-20\netbeans\webcommon\typescript-lsp\node_modules\fs-extra\lib\mkdirs\mkdirs.js
[2024-01-15 15:51:28.621]:         extracting C:\Program Files\NetBeans-20\netbeans\webcommon\typescript-lsp\node_modules\fs-extra\lib\remove\rimraf.js
[2024-01-15 15:51:28.621]:         extracting C:\Program Files\NetBeans-20\netbeans\webcommon\typescript-lsp\node_modules\graceful-fs\legacy-streams.js
[2024-01-15 15:51:28.637]:         extracting C:\Program Files\NetBeans-20\netbeans\webcommon\typescript-lsp\node_modules\vscode-uri\lib\esm\index.d.ts
[2024-01-15 15:51:28.638]:         extracting C:\Program Files\NetBeans-20\netbeans\webcommon\typescript-lsp\node_modules\vscode-uri\lib\umd\index.d.ts
[2024-01-15 15:51:28.639]:         extracting C:\Program Files\NetBeans-20\netbeans\webcommon\update_tracking\org-netbeans-modules-javascript-cdnjs.xml
[2024-01-15 15:51:28.640]:         extracting C:\Program Files\NetBeans-20\netbeans\webcommon\update_tracking\org-netbeans-modules-javascript2-html.xml
[2024-01-15 15:51:28.640]:         extracting C:\Program Files\NetBeans-20\netbeans\webcommon\update_tracking\org-netbeans-modules-javascript-bower.xml
[2024-01-15 15:51:28.641]:         extracting C:\Program Files\NetBeans-20\netbeans\webcommon\update_tracking\org-netbeans-modules-javascript-karma.xml
[2024-01-15 15:51:28.641]:         extracting C:\Program Files\NetBeans-20\netbeans\webcommon\update_tracking\org-netbeans-modules-javascript2-sdoc.xml
[2024-01-15 15:51:28.642]:         extracting C:\Program Files\NetBeans-20\netbeans\webcommon\update_tracking\org-netbeans-modules-javascript2-json.xml
[2024-01-15 15:51:28.642]:         extracting C:\Program Files\NetBeans-20\netbeans\webcommon\update_tracking\org-netbeans-modules-javascript2-jade.xml
[2024-01-15 15:51:28.642]:         extracting C:\Program Files\NetBeans-20\netbeans\webcommon\update_tracking\org-netbeans-modules-javascript-grunt.xml
[2024-01-15 15:51:28.642]:         extracting C:\Program Files\NetBeans-20\netbeans\webcommon\modules\org-netbeans-modules-javascript2-source-query.jar
[2024-01-15 15:51:28.642]:         extracting C:\Program Files\NetBeans-20\netbeans\webcommon\config\Modules\org-netbeans-modules-extbrowser-chrome.xml
[2024-01-15 15:51:28.642]:         extracting C:\Program Files\NetBeans-20\netbeans\webcommon\config\Modules\org-netbeans-modules-javascript-nodejs.xml
[2024-01-15 15:51:28.642]:         extracting C:\Program Files\NetBeans-20\netbeans\webcommon\config\Modules\org-netbeans-modules-javascript2-extjs.xml
[2024-01-15 15:51:28.642]:         extracting C:\Program Files\NetBeans-20\netbeans\webcommon\config\Modules\org-netbeans-modules-javascript2-lexer.xml
[2024-01-15 15:51:28.642]:         extracting C:\Program Files\NetBeans-20\netbeans\webcommon\config\Modules\org-netbeans-modules-cordova-platforms.xml
[2024-01-15 15:51:28.642]:         extracting C:\Program Files\NetBeans-20\netbeans\webcommon\config\Modules\org-netbeans-modules-javascript2-jsdoc.xml
[2024-01-15 15:51:28.642]:         extracting C:\Program Files\NetBeans-20\netbeans\webcommon\config\Modules\org-netbeans-modules-javascript2-react.xml
[2024-01-15 15:51:28.642]:         extracting C:\Program Files\NetBeans-20\netbeans\webcommon\config\Modules\org-netbeans-modules-javascript2-model.xml
[2024-01-15 15:51:28.642]:         extracting C:\Program Files\NetBeans-20\netbeans\webcommon\config\Modules\org-netbeans-modules-web-clientproject.xml
[2024-01-15 15:51:28.642]:         extracting C:\Program Files\NetBeans-20\netbeans\webcommon\config\Modules\org-netbeans-modules-javascript2-types.xml
[2024-01-15 15:51:28.642]:         extracting C:\Program Files\NetBeans-20\netbeans\webcommon\config\Modules\org-netbeans-modules-typescript-editor.xml
[2024-01-15 15:51:28.642]:         extracting C:\Program Files\NetBeans-20\netbeans\webcommon\ant\extra\org-netbeans-modules-cordova-projectupdate.jar
[2024-01-15 15:51:28.642]:         extracting C:\Program Files\NetBeans-20\netbeans\webcommon\typescript-lsp\node_modules\vscode-textbuffer\lib\common
[2024-01-15 15:51:28.642]:         extracting C:\Program Files\NetBeans-20\netbeans\webcommon\typescript-lsp\node_modules\vscode-textbuffer\src\common
[2024-01-15 15:51:28.642]:         extracting C:\Program Files\NetBeans-20\netbeans\webcommon\typescript-lsp\node_modules\commander\typings\index.d.ts
[2024-01-15 15:51:28.642]:         extracting C:\Program Files\NetBeans-20\netbeans\webcommon\typescript-lsp\node_modules\typescript\lib\protocol.d.ts
[2024-01-15 15:51:28.655]:         extracting C:\Program Files\NetBeans-20\netbeans\webcommon\typescript-lsp\node_modules\typescript\lib\typescript.js
[2024-01-15 15:51:28.674]:         extracting C:\Program Files\NetBeans-20\netbeans\webcommon\typescript-lsp\node_modules\typescript\lib\watchGuard.js
[2024-01-15 15:51:28.674]:         extracting C:\Program Files\NetBeans-20\netbeans\webcommon\typescript-lsp\node_modules\typescript\lib\typesMap.json
[2024-01-15 15:51:28.674]:         extracting C:\Program Files\NetBeans-20\netbeans\webcommon\typescript-lsp\node_modules\crypto-random-string\license
[2024-01-15 15:51:28.674]:         extracting C:\Program Files\NetBeans-20\netbeans\webcommon\typescript-lsp\node_modules\fs-extra\lib\ensure\index.js
[2024-01-15 15:51:28.674]:         extracting C:\Program Files\NetBeans-20\netbeans\webcommon\typescript-lsp\node_modules\fs-extra\lib\output\index.js
[2024-01-15 15:51:28.674]:         extracting C:\Program Files\NetBeans-20\netbeans\webcommon\typescript-lsp\node_modules\fs-extra\lib\mkdirs\win32.js
[2024-01-15 15:51:28.674]:         extracting C:\Program Files\NetBeans-20\netbeans\webcommon\typescript-lsp\node_modules\fs-extra\lib\mkdirs\index.js
[2024-01-15 15:51:28.674]:         extracting C:\Program Files\NetBeans-20\netbeans\webcommon\typescript-lsp\node_modules\fs-extra\lib\remove\index.js
[2024-01-15 15:51:28.674]:         extracting C:\Program Files\NetBeans-20\netbeans\webcommon\update_tracking\org-netbeans-modules-javascript2-doc.xml
[2024-01-15 15:51:28.674]:         extracting C:\Program Files\NetBeans-20\netbeans\webcommon\update_tracking\org-netbeans-modules-javascript-gulp.xml
[2024-01-15 15:51:28.674]:         extracting C:\Program Files\NetBeans-20\netbeans\webcommon\update_tracking\org-netbeans-modules-javascript2-kit.xml
[2024-01-15 15:51:28.674]:         extracting C:\Program Files\NetBeans-20\netbeans\webcommon\modules\org-netbeans-modules-javascript-jstestdriver.jar
[2024-01-15 15:51:28.674]:         extracting C:\Program Files\NetBeans-20\netbeans\webcommon\modules\org-netbeans-modules-web-javascript-debugger.jar
[2024-01-15 15:51:28.674]:         extracting C:\Program Files\NetBeans-20\netbeans\webcommon\modules\org-netbeans-modules-javascript2-prototypejs.jar
[2024-01-15 15:51:28.674]:         extracting C:\Program Files\NetBeans-20\netbeans\webcommon\config\Modules\org-netbeans-modules-javascript-cdnjs.xml
[2024-01-15 15:51:28.674]:         extracting C:\Program Files\NetBeans-20\netbeans\webcommon\config\Modules\org-netbeans-modules-javascript2-html.xml
[2024-01-15 15:51:28.674]:         extracting C:\Program Files\NetBeans-20\netbeans\webcommon\config\Modules\org-netbeans-modules-javascript-bower.xml
[2024-01-15 15:51:28.674]:         extracting C:\Program Files\NetBeans-20\netbeans\webcommon\config\Modules\org-netbeans-modules-javascript-karma.xml
[2024-01-15 15:51:28.690]:         extracting C:\Program Files\NetBeans-20\netbeans\webcommon\config\Modules\org-netbeans-modules-javascript2-sdoc.xml
[2024-01-15 15:51:28.691]:         extracting C:\Program Files\NetBeans-20\netbeans\webcommon\config\Modules\org-netbeans-modules-javascript2-json.xml
[2024-01-15 15:51:28.691]:         extracting C:\Program Files\NetBeans-20\netbeans\webcommon\config\Modules\org-netbeans-modules-javascript2-jade.xml
[2024-01-15 15:51:28.691]:         extracting C:\Program Files\NetBeans-20\netbeans\webcommon\config\Modules\org-netbeans-modules-javascript-grunt.xml
[2024-01-15 15:51:28.691]:         extracting C:\Program Files\NetBeans-20\netbeans\webcommon\typescript-lsp\node_modules\vscode-textbuffer\README.md
[2024-01-15 15:51:28.691]:         extracting C:\Program Files\NetBeans-20\netbeans\webcommon\typescript-lsp\node_modules\vscode-jsonrpc\package.json
[2024-01-15 15:51:28.691]:         extracting C:\Program Files\NetBeans-20\netbeans\webcommon\typescript-lsp\node_modules\vscode-jsonrpc\browser.d.ts
[2024-01-15 15:51:28.691]:         extracting C:\Program Files\NetBeans-20\netbeans\webcommon\typescript-lsp\node_modules\typescript\lib\lib.dom.d.ts
[2024-01-15 15:51:28.691]:         extracting C:\Program Files\NetBeans-20\netbeans\webcommon\typescript-lsp\node_modules\typescript\lib\lib.es6.d.ts
[2024-01-15 15:51:28.691]:         extracting C:\Program Files\NetBeans-20\netbeans\webcommon\typescript-lsp\node_modules\typescript\lib\lib.es5.d.ts
[2024-01-15 15:51:28.691]:         extracting C:\Program Files\NetBeans-20\netbeans\webcommon\typescript-lsp\node_modules\fs-extra\lib\empty\index.js
[2024-01-15 15:51:28.691]:         extracting C:\Program Files\NetBeans-20\netbeans\webcommon\typescript-lsp\node_modules\fs-extra\lib\util\utimes.js
[2024-01-15 15:51:28.691]:         extracting C:\Program Files\NetBeans-20\netbeans\webcommon\typescript-lsp\node_modules\fs-extra\lib\util\buffer.js
[2024-01-15 15:51:28.691]:         extracting C:\Program Files\NetBeans-20\netbeans\webcommon\typescript-lsp\node_modules\fs-extra\lib\ensure\link.js
[2024-01-15 15:51:28.691]:         extracting C:\Program Files\NetBeans-20\netbeans\webcommon\typescript-lsp\node_modules\fs-extra\lib\ensure\file.js
[2024-01-15 15:51:28.691]:         extracting C:\Program Files\NetBeans-20\netbeans\webcommon\typescript-lsp\node_modules\command-exists\package.json
[2024-01-15 15:51:28.691]:         extracting C:\Program Files\NetBeans-20\netbeans\webcommon\typescript-lsp\node_modules\command-exists\test\test.js
[2024-01-15 15:51:28.691]:         extracting C:\Program Files\NetBeans-20\netbeans\webcommon\typescript-lsp\node_modules\command-exists\appveyor.yml
[2024-01-15 15:51:28.704]:         extracting C:\Program Files\NetBeans-20\netbeans\webcommon\typescript-lsp\node_modules\vscode-languageserver-types
[2024-01-15 15:51:28.704]:         extracting C:\Program Files\NetBeans-20\netbeans\webcommon\typescript-lsp\node_modules\vscode-uri\lib\esm\index.js
[2024-01-15 15:51:28.704]:         extracting C:\Program Files\NetBeans-20\netbeans\webcommon\typescript-lsp\node_modules\vscode-uri\lib\umd\index.js
[2024-01-15 15:51:28.705]:         extracting C:\Program Files\NetBeans-20\netbeans\webcommon\update_tracking\org-netbeans-modules-web-client-kit.xml
[2024-01-15 15:51:28.706]:         extracting C:\Program Files\NetBeans-20\netbeans\webcommon\config\Modules\org-netbeans-modules-javascript2-doc.xml
[2024-01-15 15:51:28.706]:         extracting C:\Program Files\NetBeans-20\netbeans\webcommon\config\Modules\org-netbeans-modules-javascript-gulp.xml
[2024-01-15 15:51:28.707]:         extracting C:\Program Files\NetBeans-20\netbeans\webcommon\config\Modules\org-netbeans-modules-javascript2-kit.xml
[2024-01-15 15:51:28.707]:         extracting C:\Program Files\NetBeans-20\netbeans\webcommon\typescript-lsp\node_modules\typescript-language-server
[2024-01-15 15:51:28.707]:         extracting C:\Program Files\NetBeans-20\netbeans\webcommon\typescript-lsp\node_modules\vscode-textbuffer\lib\test
[2024-01-15 15:51:28.707]:         extracting C:\Program Files\NetBeans-20\netbeans\webcommon\typescript-lsp\node_modules\vscode-textbuffer\src\test
[2024-01-15 15:51:28.707]:         extracting C:\Program Files\NetBeans-20\netbeans\webcommon\typescript-lsp\node_modules\vscode-jsonrpc\lib\browser
[2024-01-15 15:51:28.707]:         extracting C:\Program Files\NetBeans-20\netbeans\webcommon\typescript-lsp\node_modules\vscode-jsonrpc\License.txt
[2024-01-15 15:51:28.708]:         extracting C:\Program Files\NetBeans-20\netbeans\webcommon\typescript-lsp\node_modules\typescript\lib\tsserver.js
[2024-01-15 15:51:28.724]:         extracting C:\Program Files\NetBeans-20\netbeans\webcommon\typescript-lsp\node_modules\fs-extra\lib\move\index.js
[2024-01-15 15:51:28.724]:         extracting C:\Program Files\NetBeans-20\netbeans\webcommon\typescript-lsp\node_modules\fs-extra\lib\json\index.js
[2024-01-15 15:51:28.724]:         extracting C:\Program Files\NetBeans-20\netbeans\webcommon\typescript-lsp\node_modules\fs-extra\lib\copy\index.js
[2024-01-15 15:51:28.724]:         extracting C:\Program Files\NetBeans-20\netbeans\webcommon\typescript-lsp\node_modules\command-exists\.travis.yml
[2024-01-15 15:51:28.724]:         extracting C:\Program Files\NetBeans-20\netbeans\webcommon\typescript-lsp\node_modules\graceful-fs\graceful-fs.js
[2024-01-15 15:51:28.724]:         extracting C:\Program Files\NetBeans-20\netbeans\webcommon\typescript-lsp\node_modules\unique-string\package.json
[2024-01-15 15:51:28.724]:         extracting C:\Program Files\NetBeans-20\netbeans\webcommon\update_tracking\org-netbeans-modules-html-knockout.xml
[2024-01-15 15:51:28.724]:         extracting C:\Program Files\NetBeans-20\netbeans\webcommon\update_tracking\org-netbeans-modules-languages-ini.xml
[2024-01-15 15:51:28.724]:         extracting C:\Program Files\NetBeans-20\netbeans\webcommon\modules\org-netbeans-modules-javascript2-requirejs.jar
[2024-01-15 15:51:28.724]:         extracting C:\Program Files\NetBeans-20\netbeans\webcommon\modules\org-netbeans-modules-javascript-v8debug-ui.jar
[2024-01-15 15:51:28.739]:         extracting C:\Program Files\NetBeans-20\netbeans\webcommon\modules\org-netbeans-modules-web-clientproject-api.jar
[2024-01-15 15:51:28.742]:         extracting C:\Program Files\NetBeans-20\netbeans\webcommon\config\Modules\org-netbeans-modules-web-client-kit.xml
[2024-01-15 15:51:28.742]:         extracting C:\Program Files\NetBeans-20\netbeans\webcommon\typescript-lsp\node_modules\vscode-textbuffer\LICENSE
[2024-01-15 15:51:28.742]:         extracting C:\Program Files\NetBeans-20\netbeans\webcommon\typescript-lsp\node_modules\vscode-jsonrpc\lib\common
[2024-01-15 15:51:28.742]:         extracting C:\Program Files\NetBeans-20\netbeans\webcommon\typescript-lsp\node_modules\vscode-jsonrpc\browser.js
[2024-01-15 15:51:28.742]:         extracting C:\Program Files\NetBeans-20\netbeans\webcommon\typescript-lsp\node_modules\vscode-languageserver\lib
[2024-01-15 15:51:28.742]:         extracting C:\Program Files\NetBeans-20\netbeans\webcommon\typescript-lsp\node_modules\vscode-languageserver\bin
[2024-01-15 15:51:28.742]:         extracting C:\Program Files\NetBeans-20\netbeans\webcommon\typescript-lsp\node_modules\fs-extra\lib\copy\copy.js
[2024-01-15 15:51:28.742]:         extracting C:\Program Files\NetBeans-20\netbeans\webcommon\typescript-lsp\node_modules\command-exists\.npmignore
[2024-01-15 15:51:28.742]:         extracting C:\Program Files\NetBeans-20\netbeans\webcommon\typescript-lsp\node_modules\universalify\package.json
[2024-01-15 15:51:28.742]:         extracting C:\Program Files\NetBeans-20\netbeans\webcommon\update_tracking\org-netbeans-modules-html-angular.xml
[2024-01-15 15:51:28.742]:         extracting C:\Program Files\NetBeans-20\netbeans\webcommon\modules\org-netbeans-modules-javascript2-knockout.jar
[2024-01-15 15:51:28.742]:         extracting C:\Program Files\NetBeans-20\netbeans\webcommon\modules\org-netbeans-modules-languages-apacheconf.jar
[2024-01-15 15:51:28.742]:         extracting C:\Program Files\NetBeans-20\netbeans\webcommon\config\Modules\org-netbeans-modules-html-knockout.xml
[2024-01-15 15:51:28.742]:         extracting C:\Program Files\NetBeans-20\netbeans\webcommon\config\Modules\org-netbeans-modules-languages-ini.xml
[2024-01-15 15:51:28.742]:         extracting C:\Program Files\NetBeans-20\netbeans\webcommon\typescript-lsp\node_modules\vscode-jsonrpc\node.d.ts
[2024-01-15 15:51:28.742]:         extracting C:\Program Files\NetBeans-20\netbeans\webcommon\typescript-lsp\node_modules\vscode-jsonrpc\README.md
[2024-01-15 15:51:28.742]:         extracting C:\Program Files\NetBeans-20\netbeans\webcommon\typescript-lsp\node_modules\typescript\lib\README.md
[2024-01-15 15:51:28.742]:         extracting C:\Program Files\NetBeans-20\netbeans\webcommon\typescript-lsp\node_modules\fs-extra\lib\path-exists
[2024-01-15 15:51:28.742]:         extracting C:\Program Files\NetBeans-20\netbeans\webcommon\typescript-lsp\node_modules\fs-extra\lib\fs\index.js
[2024-01-15 15:51:28.754]:         extracting C:\Program Files\NetBeans-20\netbeans\webcommon\typescript-lsp\node_modules\command-exists\.jshintrc
[2024-01-15 15:51:28.755]:         extracting C:\Program Files\NetBeans-20\netbeans\webcommon\typescript-lsp\node_modules\command-exists\README.md
[2024-01-15 15:51:28.755]:         extracting C:\Program Files\NetBeans-20\netbeans\webcommon\typescript-lsp\node_modules\graceful-fs\polyfills.js
[2024-01-15 15:51:28.758]:         extracting C:\Program Files\NetBeans-20\netbeans\webcommon\typescript-lsp\node_modules\graceful-fs\package.json
[2024-01-15 15:51:28.758]:         extracting C:\Program Files\NetBeans-20\netbeans\webcommon\update_tracking\org-netbeans-modules-web-inspect.xml
[2024-01-15 15:51:28.758]:         extracting C:\Program Files\NetBeans-20\netbeans\webcommon\modules\org-netbeans-modules-selenium2-webclient.jar
[2024-01-15 15:51:28.758]:         extracting C:\Program Files\NetBeans-20\netbeans\webcommon\config\Modules\org-netbeans-modules-html-angular.xml
[2024-01-15 15:51:28.758]:         extracting C:\Program Files\NetBeans-20\netbeans\webcommon\typescript-lsp\node_modules\vscode-jsonrpc\lib\node
[2024-01-15 15:51:28.758]:         extracting C:\Program Files\NetBeans-20\netbeans\webcommon\typescript-lsp\node_modules\vscode-jsonrpc\node.cmd
[2024-01-15 15:51:28.758]:         extracting C:\Program Files\NetBeans-20\netbeans\webcommon\typescript-lsp\node_modules\p-debounce\package.json
[2024-01-15 15:51:28.758]:         extracting C:\Program Files\NetBeans-20\netbeans\webcommon\typescript-lsp\node_modules\typescript\lib\lib.d.ts
[2024-01-15 15:51:28.758]:         extracting C:\Program Files\NetBeans-20\netbeans\webcommon\typescript-lsp\node_modules\typescript\package.json
[2024-01-15 15:51:28.758]:         extracting C:\Program Files\NetBeans-20\netbeans\webcommon\typescript-lsp\node_modules\typescript\bin\tsserver
[2024-01-15 15:51:28.758]:         extracting C:\Program Files\NetBeans-20\netbeans\webcommon\typescript-lsp\node_modules\command-exists\index.js
[2024-01-15 15:51:28.758]:         extracting C:\Program Files\NetBeans-20\netbeans\webcommon\typescript-lsp\node_modules\vscode-uri\package.json
[2024-01-15 15:51:28.758]:         extracting C:\Program Files\NetBeans-20\netbeans\webcommon\typescript-lsp\node_modules\unique-string\readme.md
[2024-01-15 15:51:28.758]:         extracting C:\Program Files\NetBeans-20\netbeans\webcommon\modules\org-netbeans-modules-web-client-samples.jar
[2024-01-15 15:51:28.758]:         extracting C:\Program Files\NetBeans-20\netbeans\webcommon\modules\org-netbeans-modules-javascript2-editor.jar
[2024-01-15 15:51:28.774]:         extracting C:\Program Files\NetBeans-20\netbeans\webcommon\modules\org-netbeans-modules-javascript-v8debug.jar
[2024-01-15 15:51:28.776]:         extracting C:\Program Files\NetBeans-20\netbeans\webcommon\modules\org-netbeans-modules-javascript2-nodejs.jar
[2024-01-15 15:51:28.778]:         extracting C:\Program Files\NetBeans-20\netbeans\webcommon\modules\org-netbeans-modules-javascript2-jquery.jar
[2024-01-15 15:51:28.778]:         extracting C:\Program Files\NetBeans-20\netbeans\webcommon\modules\org-netbeans-modules-javascript2-extdoc.jar
[2024-01-15 15:51:28.778]:         extracting C:\Program Files\NetBeans-20\netbeans\webcommon\modules\org-netbeans-modules-web-webkit-tooling.jar
[2024-01-15 15:51:28.778]:         extracting C:\Program Files\NetBeans-20\netbeans\webcommon\config\Modules\org-netbeans-modules-web-inspect.xml
[2024-01-15 15:51:28.778]:         extracting C:\Program Files\NetBeans-20\netbeans\webcommon\typescript-lsp\node_modules\vscode-jsonrpc\node.js
[2024-01-15 15:51:28.778]:         extracting C:\Program Files\NetBeans-20\netbeans\webcommon\typescript-lsp\node_modules\vscode-jsonrpc\typings
[2024-01-15 15:51:28.778]:         extracting C:\Program Files\NetBeans-20\netbeans\webcommon\typescript-lsp\node_modules\commander\package.json
[2024-01-15 15:51:28.778]:         extracting C:\Program Files\NetBeans-20\netbeans\webcommon\typescript-lsp\node_modules\commander\CHANGELOG.md
[2024-01-15 15:51:28.778]:         extracting C:\Program Files\NetBeans-20\netbeans\webcommon\typescript-lsp\node_modules\typescript\loc\lcl\TRK
[2024-01-15 15:51:28.778]:         extracting C:\Program Files\NetBeans-20\netbeans\webcommon\typescript-lsp\node_modules\typescript\loc\lcl\CHS
[2024-01-15 15:51:28.778]:         extracting C:\Program Files\NetBeans-20\netbeans\webcommon\typescript-lsp\node_modules\typescript\loc\lcl\DEU
[2024-01-15 15:51:28.778]:         extracting C:\Program Files\NetBeans-20\netbeans\webcommon\typescript-lsp\node_modules\typescript\loc\lcl\KOR
[2024-01-15 15:51:28.778]:         extracting C:\Program Files\NetBeans-20\netbeans\webcommon\typescript-lsp\node_modules\typescript\loc\lcl\PLK
[2024-01-15 15:51:28.778]:         extracting C:\Program Files\NetBeans-20\netbeans\webcommon\typescript-lsp\node_modules\typescript\loc\lcl\ESN
[2024-01-15 15:51:28.778]:         extracting C:\Program Files\NetBeans-20\netbeans\webcommon\typescript-lsp\node_modules\typescript\loc\lcl\JPN
[2024-01-15 15:51:28.778]:         extracting C:\Program Files\NetBeans-20\netbeans\webcommon\typescript-lsp\node_modules\typescript\loc\lcl\RUS
[2024-01-15 15:51:28.778]:         extracting C:\Program Files\NetBeans-20\netbeans\webcommon\typescript-lsp\node_modules\typescript\loc\lcl\ITA
[2024-01-15 15:51:28.778]:         extracting C:\Program Files\NetBeans-20\netbeans\webcommon\typescript-lsp\node_modules\typescript\loc\lcl\PTB
[2024-01-15 15:51:28.778]:         extracting C:\Program Files\NetBeans-20\netbeans\webcommon\typescript-lsp\node_modules\typescript\loc\lcl\CHT
[2024-01-15 15:51:28.778]:         extracting C:\Program Files\NetBeans-20\netbeans\webcommon\typescript-lsp\node_modules\typescript\loc\lcl\CSY
[2024-01-15 15:51:28.778]:         extracting C:\Program Files\NetBeans-20\netbeans\webcommon\typescript-lsp\node_modules\typescript\loc\lcl\FRA
[2024-01-15 15:51:28.778]:         extracting C:\Program Files\NetBeans-20\netbeans\webcommon\typescript-lsp\node_modules\typescript\LICENSE.txt
[2024-01-15 15:51:28.778]:         extracting C:\Program Files\NetBeans-20\netbeans\webcommon\typescript-lsp\node_modules\fs-extra\lib\copy-sync
[2024-01-15 15:51:28.778]:         extracting C:\Program Files\NetBeans-20\netbeans\webcommon\typescript-lsp\node_modules\fs-extra\lib\move-sync
[2024-01-15 15:51:28.778]:         extracting C:\Program Files\NetBeans-20\netbeans\webcommon\typescript-lsp\node_modules\command-exists\LICENSE
[2024-01-15 15:51:28.778]:         extracting C:\Program Files\NetBeans-20\netbeans\webcommon\typescript-lsp\node_modules\vscode-uri\.travis.yml
[2024-01-15 15:51:28.789]:         extracting C:\Program Files\NetBeans-20\netbeans\webcommon\typescript-lsp\node_modules\unique-string\index.js
[2024-01-15 15:51:28.789]:         extracting C:\Program Files\NetBeans-20\netbeans\webcommon\typescript-lsp\node_modules\universalify\README.md
[2024-01-15 15:51:28.790]:         extracting C:\Program Files\NetBeans-20\netbeans\webcommon\update_tracking\org-netbeans-libs-jstestdriver.xml
[2024-01-15 15:51:28.790]:         extracting C:\Program Files\NetBeans-20\netbeans\webcommon\update_tracking\org-netbeans-modules-netserver.xml
[2024-01-15 15:51:28.791]:         extracting C:\Program Files\NetBeans-20\netbeans\webcommon\modules\org-netbeans-modules-javascript2-types.jar
[2024-01-15 15:51:28.792]:         extracting C:\Program Files\NetBeans-20\netbeans\webcommon\modules\org-netbeans-modules-javascript2-model.jar
[2024-01-15 15:51:28.794]:         extracting C:\Program Files\NetBeans-20\netbeans\webcommon\modules\org-netbeans-modules-javascript2-jsdoc.jar
[2024-01-15 15:51:28.794]:         extracting C:\Program Files\NetBeans-20\netbeans\webcommon\modules\org-netbeans-modules-typescript-editor.jar
[2024-01-15 15:51:28.794]:         extracting C:\Program Files\NetBeans-20\netbeans\webcommon\modules\org-netbeans-modules-extbrowser-chrome.jar
[2024-01-15 15:51:28.794]:         extracting C:\Program Files\NetBeans-20\netbeans\webcommon\modules\org-netbeans-modules-javascript2-react.jar
[2024-01-15 15:51:28.794]:         extracting C:\Program Files\NetBeans-20\netbeans\webcommon\modules\org-netbeans-modules-cordova-platforms.jar
[2024-01-15 15:51:28.794]:         extracting C:\Program Files\NetBeans-20\netbeans\webcommon\modules\org-netbeans-modules-web-clientproject.jar
[2024-01-15 15:51:28.806]:         extracting C:\Program Files\NetBeans-20\netbeans\webcommon\modules\org-netbeans-modules-javascript2-extjs.jar
[2024-01-15 15:51:28.807]:         extracting C:\Program Files\NetBeans-20\netbeans\webcommon\modules\org-netbeans-modules-javascript2-lexer.jar
[2024-01-15 15:51:28.809]:         extracting C:\Program Files\NetBeans-20\netbeans\webcommon\modules\org-netbeans-modules-javascript-nodejs.jar
[2024-01-15 15:51:28.809]:         extracting C:\Program Files\NetBeans-20\netbeans\webcommon\typescript-lsp\node_modules\vscode-textbuffer\lib
[2024-01-15 15:51:28.809]:         extracting C:\Program Files\NetBeans-20\netbeans\webcommon\typescript-lsp\node_modules\vscode-textbuffer\src
[2024-01-15 15:51:28.809]:         extracting C:\Program Files\NetBeans-20\netbeans\webcommon\typescript-lsp\node_modules\temp-dir\package.json
[2024-01-15 15:51:28.809]:         extracting C:\Program Files\NetBeans-20\netbeans\webcommon\typescript-lsp\node_modules\vscode-languageserver
[2024-01-15 15:51:28.809]:         extracting C:\Program Files\NetBeans-20\netbeans\webcommon\typescript-lsp\node_modules\typescript\lib\tsc.js
[2024-01-15 15:51:28.825]:         extracting C:\Program Files\NetBeans-20\netbeans\webcommon\typescript-lsp\node_modules\typescript\AUTHORS.md
[2024-01-15 15:51:28.825]:         extracting C:\Program Files\NetBeans-20\netbeans\webcommon\typescript-lsp\node_modules\fs-extra\lib\index.js
[2024-01-15 15:51:28.825]:         extracting C:\Program Files\NetBeans-20\netbeans\webcommon\typescript-lsp\node_modules\fs-extra\package.json
[2024-01-15 15:51:28.825]:         extracting C:\Program Files\NetBeans-20\netbeans\webcommon\typescript-lsp\node_modules\fs-extra\CHANGELOG.md
[2024-01-15 15:51:28.825]:         extracting C:\Program Files\NetBeans-20\netbeans\webcommon\typescript-lsp\node_modules\jsonfile\package.json
[2024-01-15 15:51:28.825]:         extracting C:\Program Files\NetBeans-20\netbeans\webcommon\typescript-lsp\node_modules\jsonfile\CHANGELOG.md
[2024-01-15 15:51:28.825]:         extracting C:\Program Files\NetBeans-20\netbeans\webcommon\typescript-lsp\node_modules\graceful-fs\README.md
[2024-01-15 15:51:28.825]:         extracting C:\Program Files\NetBeans-20\netbeans\webcommon\typescript-lsp\node_modules\vscode-uri\LICENSE.md
[2024-01-15 15:51:28.825]:         extracting C:\Program Files\NetBeans-20\netbeans\webcommon\typescript-lsp\node_modules\unique-string\license
[2024-01-15 15:51:28.825]:         extracting C:\Program Files\NetBeans-20\netbeans\webcommon\typescript-lsp\node_modules\universalify\index.js
[2024-01-15 15:51:28.825]:         extracting C:\Program Files\NetBeans-20\netbeans\webcommon\modules\org-netbeans-modules-javascript-karma.jar
[2024-01-15 15:51:28.825]:         extracting C:\Program Files\NetBeans-20\netbeans\webcommon\modules\org-netbeans-modules-javascript-bower.jar
[2024-01-15 15:51:28.825]:         extracting C:\Program Files\NetBeans-20\netbeans\webcommon\modules\org-netbeans-modules-javascript-grunt.jar
[2024-01-15 15:51:28.839]:         extracting C:\Program Files\NetBeans-20\netbeans\webcommon\modules\org-netbeans-modules-javascript-cdnjs.jar
[2024-01-15 15:51:28.841]:         extracting C:\Program Files\NetBeans-20\netbeans\webcommon\modules\org-netbeans-modules-javascript2-sdoc.jar
[2024-01-15 15:51:28.842]:         extracting C:\Program Files\NetBeans-20\netbeans\webcommon\modules\org-netbeans-modules-javascript2-jade.jar
[2024-01-15 15:51:28.842]:         extracting C:\Program Files\NetBeans-20\netbeans\webcommon\modules\org-netbeans-modules-javascript2-json.jar
[2024-01-15 15:51:28.842]:         extracting C:\Program Files\NetBeans-20\netbeans\webcommon\modules\org-netbeans-modules-javascript2-html.jar
[2024-01-15 15:51:28.842]:         extracting C:\Program Files\NetBeans-20\netbeans\webcommon\config\Modules\org-netbeans-libs-jstestdriver.xml
[2024-01-15 15:51:28.842]:         extracting C:\Program Files\NetBeans-20\netbeans\webcommon\config\Modules\org-netbeans-modules-netserver.xml
[2024-01-15 15:51:28.842]:         extracting C:\Program Files\NetBeans-20\netbeans\webcommon\typescript-lsp\node_modules\p-debounce\readme.md
[2024-01-15 15:51:28.842]:         extracting C:\Program Files\NetBeans-20\netbeans\webcommon\typescript-lsp\node_modules\typescript\lib\zh-cn
[2024-01-15 15:51:28.842]:         extracting C:\Program Files\NetBeans-20\netbeans\webcommon\typescript-lsp\node_modules\typescript\lib\zh-tw
[2024-01-15 15:51:28.842]:         extracting C:\Program Files\NetBeans-20\netbeans\webcommon\typescript-lsp\node_modules\typescript\lib\pt-br
[2024-01-15 15:51:28.842]:         extracting C:\Program Files\NetBeans-20\netbeans\webcommon\typescript-lsp\node_modules\typescript\README.md
[2024-01-15 15:51:28.842]:         extracting C:\Program Files\NetBeans-20\netbeans\webcommon\typescript-lsp\node_modules\crypto-random-string
[2024-01-15 15:51:28.842]:         extracting C:\Program Files\NetBeans-20\netbeans\webcommon\typescript-lsp\node_modules\graceful-fs\clone.js
[2024-01-15 15:51:28.842]:         extracting C:\Program Files\NetBeans-20\netbeans\webcommon\typescript-lsp\node_modules\vscode-uri\README.md
[2024-01-15 15:51:28.842]:         extracting C:\Program Files\NetBeans-20\netbeans\webcommon\typescript-lsp\node_modules\universalify\LICENSE
[2024-01-15 15:51:28.842]:         extracting C:\Program Files\NetBeans-20\netbeans\webcommon\update_tracking\org-netbeans-modules-cordova.xml
[2024-01-15 15:51:28.842]:         extracting C:\Program Files\NetBeans-20\netbeans\webcommon\modules\org-netbeans-modules-javascript-gulp.jar
[2024-01-15 15:51:28.842]:         extracting C:\Program Files\NetBeans-20\netbeans\webcommon\modules\org-netbeans-modules-javascript2-kit.jar
[2024-01-15 15:51:28.842]:         extracting C:\Program Files\NetBeans-20\netbeans\webcommon\modules\org-netbeans-modules-javascript2-doc.jar
[2024-01-15 15:51:28.842]:         extracting C:\Program Files\NetBeans-20\netbeans\webcommon\typescript-lsp\node_modules\p-debounce\index.js
[2024-01-15 15:51:28.842]:         extracting C:\Program Files\NetBeans-20\netbeans\webcommon\typescript-lsp\node_modules\commander\Readme.md
[2024-01-15 15:51:28.842]:         extracting C:\Program Files\NetBeans-20\netbeans\webcommon\typescript-lsp\node_modules\fs-extra\lib\ensure
[2024-01-15 15:51:28.842]:         extracting C:\Program Files\NetBeans-20\netbeans\webcommon\typescript-lsp\node_modules\fs-extra\lib\output
[2024-01-15 15:51:28.842]:         extracting C:\Program Files\NetBeans-20\netbeans\webcommon\typescript-lsp\node_modules\fs-extra\lib\mkdirs
[2024-01-15 15:51:28.842]:         extracting C:\Program Files\NetBeans-20\netbeans\webcommon\typescript-lsp\node_modules\fs-extra\lib\remove
[2024-01-15 15:51:28.842]:         extracting C:\Program Files\NetBeans-20\netbeans\webcommon\typescript-lsp\node_modules\command-exists\test
[2024-01-15 15:51:28.842]:         extracting C:\Program Files\NetBeans-20\netbeans\webcommon\typescript-lsp\node_modules\graceful-fs\LICENSE
[2024-01-15 15:51:28.857]:         extracting C:\Program Files\NetBeans-20\netbeans\webcommon\modules\org-netbeans-modules-web-client-kit.jar
[2024-01-15 15:51:28.857]:         extracting C:\Program Files\NetBeans-20\netbeans\webcommon\config\Modules\org-netbeans-modules-cordova.xml
[2024-01-15 15:51:28.857]:         extracting C:\Program Files\NetBeans-20\netbeans\webcommon\typescript-lsp\node_modules\temp-dir\readme.md
[2024-01-15 15:51:28.857]:         extracting C:\Program Files\NetBeans-20\netbeans\webcommon\typescript-lsp\node_modules\vscode-jsonrpc\lib
[2024-01-15 15:51:28.857]:         extracting C:\Program Files\NetBeans-20\netbeans\webcommon\typescript-lsp\node_modules\tempy\package.json
[2024-01-15 15:51:28.857]:         extracting C:\Program Files\NetBeans-20\netbeans\webcommon\typescript-lsp\node_modules\p-debounce\license
[2024-01-15 15:51:28.857]:         extracting C:\Program Files\NetBeans-20\netbeans\webcommon\typescript-lsp\node_modules\commander\index.js
[2024-01-15 15:51:28.857]:         extracting C:\Program Files\NetBeans-20\netbeans\webcommon\typescript-lsp\node_modules\typescript\bin\tsc
[2024-01-15 15:51:28.857]:         extracting C:\Program Files\NetBeans-20\netbeans\webcommon\typescript-lsp\node_modules\typescript\loc\lcl
[2024-01-15 15:51:28.857]:         extracting C:\Program Files\NetBeans-20\netbeans\webcommon\typescript-lsp\node_modules\fs-extra\lib\empty
[2024-01-15 15:51:28.857]:         extracting C:\Program Files\NetBeans-20\netbeans\webcommon\typescript-lsp\node_modules\fs-extra\README.md
[2024-01-15 15:51:28.857]:         extracting C:\Program Files\NetBeans-20\netbeans\webcommon\typescript-lsp\node_modules\command-exists\lib
[2024-01-15 15:51:28.857]:         extracting C:\Program Files\NetBeans-20\netbeans\webcommon\typescript-lsp\node_modules\jsonfile\README.md
[2024-01-15 15:51:28.857]:         extracting C:\Program Files\NetBeans-20\netbeans\webcommon\typescript-lsp\node_modules\vscode-uri\.vscode
[2024-01-15 15:51:28.857]:         extracting C:\Program Files\NetBeans-20\netbeans\webcommon\typescript-lsp\node_modules\vscode-uri\lib\esm
[2024-01-15 15:51:28.857]:         extracting C:\Program Files\NetBeans-20\netbeans\webcommon\typescript-lsp\node_modules\vscode-uri\lib\umd
[2024-01-15 15:51:28.857]:         extracting C:\Program Files\NetBeans-20\netbeans\webcommon\modules\org-netbeans-modules-html-knockout.jar
[2024-01-15 15:51:28.857]:         extracting C:\Program Files\NetBeans-20\netbeans\webcommon\modules\org-netbeans-modules-languages-ini.jar
[2024-01-15 15:51:28.857]:         extracting C:\Program Files\NetBeans-20\netbeans\webcommon\typescript-lsp\node_modules\vscode-textbuffer
[2024-01-15 15:51:28.857]:         extracting C:\Program Files\NetBeans-20\netbeans\webcommon\typescript-lsp\node_modules\temp-dir\index.js
[2024-01-15 15:51:28.857]:         extracting C:\Program Files\NetBeans-20\netbeans\webcommon\typescript-lsp\node_modules\commander\LICENSE
[2024-01-15 15:51:28.857]:         extracting C:\Program Files\NetBeans-20\netbeans\webcommon\typescript-lsp\node_modules\commander\typings
[2024-01-15 15:51:28.857]:         extracting C:\Program Files\NetBeans-20\netbeans\webcommon\typescript-lsp\node_modules\typescript\lib\de
[2024-01-15 15:51:28.857]:         extracting C:\Program Files\NetBeans-20\netbeans\webcommon\typescript-lsp\node_modules\typescript\lib\es
[2024-01-15 15:51:28.857]:         extracting C:\Program Files\NetBeans-20\netbeans\webcommon\typescript-lsp\node_modules\typescript\lib\tr
[2024-01-15 15:51:28.857]:         extracting C:\Program Files\NetBeans-20\netbeans\webcommon\typescript-lsp\node_modules\typescript\lib\fr
[2024-01-15 15:51:28.857]:         extracting C:\Program Files\NetBeans-20\netbeans\webcommon\typescript-lsp\node_modules\typescript\lib\cs
[2024-01-15 15:51:28.857]:         extracting C:\Program Files\NetBeans-20\netbeans\webcommon\typescript-lsp\node_modules\typescript\lib\it
[2024-01-15 15:51:28.857]:         extracting C:\Program Files\NetBeans-20\netbeans\webcommon\typescript-lsp\node_modules\typescript\lib\ru
[2024-01-15 15:51:28.873]:         extracting C:\Program Files\NetBeans-20\netbeans\webcommon\typescript-lsp\node_modules\typescript\lib\ko
[2024-01-15 15:51:28.873]:         extracting C:\Program Files\NetBeans-20\netbeans\webcommon\typescript-lsp\node_modules\typescript\lib\pl
[2024-01-15 15:51:28.873]:         extracting C:\Program Files\NetBeans-20\netbeans\webcommon\typescript-lsp\node_modules\typescript\lib\ja
[2024-01-15 15:51:28.873]:         extracting C:\Program Files\NetBeans-20\netbeans\webcommon\typescript-lsp\node_modules\fs-extra\lib\util
[2024-01-15 15:51:28.873]:         extracting C:\Program Files\NetBeans-20\netbeans\webcommon\typescript-lsp\node_modules\fs-extra\lib\move
[2024-01-15 15:51:28.873]:         extracting C:\Program Files\NetBeans-20\netbeans\webcommon\typescript-lsp\node_modules\fs-extra\lib\json
[2024-01-15 15:51:28.873]:         extracting C:\Program Files\NetBeans-20\netbeans\webcommon\typescript-lsp\node_modules\fs-extra\lib\copy
[2024-01-15 15:51:28.873]:         extracting C:\Program Files\NetBeans-20\netbeans\webcommon\typescript-lsp\node_modules\jsonfile\index.js
[2024-01-15 15:51:28.873]:         extracting C:\Program Files\NetBeans-20\netbeans\webcommon\update_tracking\org-netbeans-libs-nashorn.xml
[2024-01-15 15:51:28.873]:         extracting C:\Program Files\NetBeans-20\netbeans\webcommon\update_tracking\org-netbeans-api-knockout.xml
[2024-01-15 15:51:28.873]:         extracting C:\Program Files\NetBeans-20\netbeans\webcommon\update_tracking\org-netbeans-libs-graaljs.xml
[2024-01-15 15:51:28.873]:         extracting C:\Program Files\NetBeans-20\netbeans\webcommon\modules\org-netbeans-modules-html-angular.jar
[2024-01-15 15:51:28.873]:         extracting C:\Program Files\NetBeans-20\netbeans\webcommon\typescript-lsp\node_modules\temp-dir\license
[2024-01-15 15:51:28.873]:         extracting C:\Program Files\NetBeans-20\netbeans\webcommon\typescript-lsp\node_modules\fs-extra\LICENSE
[2024-01-15 15:51:28.873]:         extracting C:\Program Files\NetBeans-20\netbeans\webcommon\typescript-lsp\node_modules\jsonfile\LICENSE
[2024-01-15 15:51:28.873]:         extracting C:\Program Files\NetBeans-20\netbeans\webcommon\update_tracking\org-netbeans-lib-v8debug.xml
[2024-01-15 15:51:28.873]:         extracting C:\Program Files\NetBeans-20\netbeans\webcommon\modules\org-netbeans-modules-web-inspect.jar
[2024-01-15 15:51:28.873]:         extracting C:\Program Files\NetBeans-20\netbeans\webcommon\config\Modules\org-netbeans-libs-nashorn.xml
[2024-01-15 15:51:28.873]:         extracting C:\Program Files\NetBeans-20\netbeans\webcommon\config\Modules\org-netbeans-api-knockout.xml
[2024-01-15 15:51:28.873]:         extracting C:\Program Files\NetBeans-20\netbeans\webcommon\config\Modules\org-netbeans-libs-graaljs.xml
[2024-01-15 15:51:28.873]:         extracting C:\Program Files\NetBeans-20\netbeans\webcommon\typescript-lsp\node_modules\tempy\readme.md
[2024-01-15 15:51:28.873]:         extracting C:\Program Files\NetBeans-20\netbeans\webcommon\typescript-lsp\node_modules\fs-extra\lib\fs
[2024-01-15 15:51:28.873]:         extracting C:\Program Files\NetBeans-20\netbeans\webcommon\update_tracking\org-netbeans-libs-plist.xml
[2024-01-15 15:51:28.873]:         extracting C:\Program Files\NetBeans-20\netbeans\webcommon\config\Modules\org-netbeans-lib-v8debug.xml
[2024-01-15 15:51:28.873]:         extracting C:\Program Files\NetBeans-20\netbeans\webcommon\typescript-lsp\node_modules\vscode-jsonrpc
[2024-01-15 15:51:28.873]:         extracting C:\Program Files\NetBeans-20\netbeans\webcommon\typescript-lsp\node_modules\tempy\index.js
[2024-01-15 15:51:28.873]:         extracting C:\Program Files\NetBeans-20\netbeans\webcommon\typescript-lsp\node_modules\typescript\lib
[2024-01-15 15:51:28.873]:         extracting C:\Program Files\NetBeans-20\netbeans\webcommon\typescript-lsp\node_modules\typescript\bin
[2024-01-15 15:51:28.873]:         extracting C:\Program Files\NetBeans-20\netbeans\webcommon\typescript-lsp\node_modules\typescript\loc
[2024-01-15 15:51:28.873]:         extracting C:\Program Files\NetBeans-20\netbeans\webcommon\typescript-lsp\node_modules\command-exists
[2024-01-15 15:51:28.889]:         extracting C:\Program Files\NetBeans-20\netbeans\webcommon\typescript-lsp\node_modules\vscode-uri\lib
[2024-01-15 15:51:28.889]:         extracting C:\Program Files\NetBeans-20\netbeans\webcommon\karma\karma-netbeans-reporter\package.json
[2024-01-15 15:51:28.889]:         extracting C:\Program Files\NetBeans-20\netbeans\webcommon\modules\org-netbeans-libs-jstestdriver.jar
[2024-01-15 15:51:28.889]:         extracting C:\Program Files\NetBeans-20\netbeans\webcommon\modules\org-netbeans-modules-netserver.jar
[2024-01-15 15:51:28.889]:         extracting C:\Program Files\NetBeans-20\netbeans\webcommon\config\Modules\org-netbeans-libs-plist.xml
[2024-01-15 15:51:28.889]:         extracting C:\Program Files\NetBeans-20\netbeans\webcommon\typescript-lsp\node_modules\tempy\license
[2024-01-15 15:51:28.889]:         extracting C:\Program Files\NetBeans-20\netbeans\webcommon\typescript-lsp\node_modules\unique-string
[2024-01-15 15:51:28.889]:         extracting C:\Program Files\NetBeans-20\netbeans\webcommon\typescript-lsp\node_modules\fs-extra\lib
[2024-01-15 15:51:28.889]:         extracting C:\Program Files\NetBeans-20\netbeans\webcommon\typescript-lsp\node_modules\universalify
[2024-01-15 15:51:28.889]:         extracting C:\Program Files\NetBeans-20\netbeans\webcommon\modules\org-netbeans-modules-cordova.jar
[2024-01-15 15:51:28.889]:         extracting C:\Program Files\NetBeans-20\netbeans\webcommon\typescript-lsp\node_modules\graceful-fs
[2024-01-15 15:51:28.889]:         extracting C:\Program Files\NetBeans-20\netbeans\webcommon\protractor\jasmine-netbeans-reporter.js
[2024-01-15 15:51:28.889]:         extracting C:\Program Files\NetBeans-20\netbeans\webcommon\typescript-lsp\node_modules\p-debounce
[2024-01-15 15:51:28.889]:         extracting C:\Program Files\NetBeans-20\netbeans\webcommon\typescript-lsp\node_modules\typescript
[2024-01-15 15:51:28.889]:         extracting C:\Program Files\NetBeans-20\netbeans\webcommon\typescript-lsp\node_modules\vscode-uri
[2024-01-15 15:51:28.889]:         extracting C:\Program Files\NetBeans-20\netbeans\webcommon\karma\karma-netbeans-reporter\index.js
[2024-01-15 15:51:28.889]:         extracting C:\Program Files\NetBeans-20\netbeans\webcommon\typescript-lsp\node_modules\commander
[2024-01-15 15:51:28.889]:         extracting C:\Program Files\NetBeans-20\netbeans\webcommon\modules\org-netbeans-libs-graaljs.jar
[2024-01-15 15:51:28.889]:         extracting C:\Program Files\NetBeans-20\netbeans\webcommon\modules\ext\libs.jstestdriver-ext.jar
[2024-01-15 15:51:28.889]:         extracting C:\Program Files\NetBeans-20\netbeans\webcommon\modules\org-netbeans-libs-nashorn.jar
[2024-01-15 15:51:28.889]:         extracting C:\Program Files\NetBeans-20\netbeans\webcommon\modules\org-netbeans-api-knockout.jar
[2024-01-15 15:51:28.889]:         extracting C:\Program Files\NetBeans-20\netbeans\webcommon\typescript-lsp\node_modules\temp-dir
[2024-01-15 15:51:28.889]:         extracting C:\Program Files\NetBeans-20\netbeans\webcommon\typescript-lsp\node_modules\fs-extra
[2024-01-15 15:51:28.889]:         extracting C:\Program Files\NetBeans-20\netbeans\webcommon\typescript-lsp\node_modules\jsonfile
[2024-01-15 15:51:28.889]:         extracting C:\Program Files\NetBeans-20\netbeans\webcommon\protractor\netbeans-configuration.js
[2024-01-15 15:51:28.889]:         extracting C:\Program Files\NetBeans-20\netbeans\webcommon\modules\org-netbeans-lib-v8debug.jar
[2024-01-15 15:51:28.904]:         extracting C:\Program Files\NetBeans-20\netbeans\webcommon\modules\org-netbeans-libs-plist.jar
[2024-01-15 15:51:28.904]:         extracting C:\Program Files\NetBeans-20\netbeans\webcommon\modules\ext\js-launcher-20.3.0.jar
[2024-01-15 15:51:28.904]:         extracting C:\Program Files\NetBeans-20\netbeans\webcommon\typescript-lsp\node_modules\tempy
[2024-01-15 15:51:28.904]:         extracting C:\Program Files\NetBeans-20\netbeans\webcommon\docs\jquery-propertyNames.xml
[2024-01-15 15:51:28.904]:         extracting C:\Program Files\NetBeans-20\netbeans\webcommon\karma\karma-netbeans-reporter
[2024-01-15 15:51:28.904]:         extracting C:\Program Files\NetBeans-20\netbeans\webcommon\karma\karma-netbeans.conf.js
[2024-01-15 15:51:28.904]:         extracting C:\Program Files\NetBeans-20\netbeans\webcommon\modules\ext\regex-20.3.0.jar
[2024-01-15 15:51:28.904]:         extracting C:\Program Files\NetBeans-20\netbeans\webcommon\typescript-lsp\node_modules
[2024-01-15 15:51:28.904]:         extracting C:\Program Files\NetBeans-20\netbeans\webcommon\mocha\netbeans-reporter.js
[2024-01-15 15:51:28.904]:         extracting C:\Program Files\NetBeans-20\netbeans\webcommon\modules\ext\icu4j-67.1.jar
[2024-01-15 15:51:28.951]:         extracting C:\Program Files\NetBeans-20\netbeans\webcommon\docs\extjs-properties.xml
[2024-01-15 15:51:28.951]:         extracting C:\Program Files\NetBeans-20\netbeans\webcommon\modules\ext\js-20.3.0.jar
[2024-01-15 15:51:28.998]:         extracting C:\Program Files\NetBeans-20\netbeans\webcommon\modules\ext\dd-plist.jar
[2024-01-15 15:51:29.014]:         extracting C:\Program Files\NetBeans-20\netbeans\webcommon\jsstubs\core-stubs.zip
[2024-01-15 15:51:29.014]:         extracting C:\Program Files\NetBeans-20\netbeans\webcommon\jsstubs\dom-stubs.zip
[2024-01-15 15:51:29.014]:         extracting C:\Program Files\NetBeans-20\netbeans\webcommon\docs\jquery-api.xml
[2024-01-15 15:51:29.014]:         extracting C:\Program Files\NetBeans-20\netbeans\webcommon\update_tracking
[2024-01-15 15:51:29.014]:         extracting C:\Program Files\NetBeans-20\netbeans\webcommon\typescript-lsp
[2024-01-15 15:51:29.014]:         extracting C:\Program Files\NetBeans-20\netbeans\webcommon\config\Modules
[2024-01-15 15:51:29.014]:         extracting C:\Program Files\NetBeans-20\netbeans\webcommon\.lastModified
[2024-01-15 15:51:29.014]:         extracting C:\Program Files\NetBeans-20\netbeans\webcommon\VERSION.txt
[2024-01-15 15:51:29.014]:         extracting C:\Program Files\NetBeans-20\netbeans\webcommon\modules\ext
[2024-01-15 15:51:29.014]:         extracting C:\Program Files\NetBeans-20\netbeans\webcommon\protractor
[2024-01-15 15:51:29.014]:         extracting C:\Program Files\NetBeans-20\netbeans\webcommon\ant\extra
[2024-01-15 15:51:29.014]:         extracting C:\Program Files\NetBeans-20\netbeans\webcommon\jsstubs
[2024-01-15 15:51:29.014]:         extracting C:\Program Files\NetBeans-20\netbeans\webcommon\modules
[2024-01-15 15:51:29.014]:         extracting C:\Program Files\NetBeans-20\netbeans\webcommon\config
[2024-01-15 15:51:29.014]:         extracting C:\Program Files\NetBeans-20\netbeans\webcommon\mocha
[2024-01-15 15:51:29.014]:         extracting C:\Program Files\NetBeans-20\netbeans\webcommon\karma
[2024-01-15 15:51:29.014]:         extracting C:\Program Files\NetBeans-20\netbeans\webcommon\docs
[2024-01-15 15:51:29.014]:         extracting C:\Program Files\NetBeans-20\netbeans\webcommon\ant
[2024-01-15 15:51:29.014]:         extracting C:\Program Files\NetBeans-20\netbeans\webcommon
[2024-01-15 15:51:29.014]:         extracting C:\Program Files\NetBeans-20\netbeans
[2024-01-15 15:51:29.029]:         deleting file: C:\Users\imrab\.nbi\tmp\data,1.jar.1
[2024-01-15 15:51:29.029]:         ... saving legal artifacts if required
[2024-01-15 15:51:29.029]:         ... running installation logic
[2024-01-15 15:51:29.029]:         NameResolver - to parse C:\Program Files\NetBeans-20
[2024-01-15 15:51:29.029]:         NameResolver - to parse C:\Program Files\NetBeans-20
[2024-01-15 15:51:29.029]:         Modifying netbeans.conf for NetBeans installed at C:\Program Files\NetBeans-20 by adding cluster "webcommon"
[2024-01-15 15:51:29.029]:         ... initial list of clusters : 
[2024-01-15 15:51:29.029]:             # Licensed to the Apache Software Foundation (ASF) under one
[2024-01-15 15:51:29.029]:             # or more contributor license agreements.  See the NOTICE file
[2024-01-15 15:51:29.029]:             # distributed with this work for additional information
[2024-01-15 15:51:29.029]:             # regarding copyright ownership.  The ASF licenses this file
[2024-01-15 15:51:29.029]:             # to you under the Apache License, Version 2.0 (the
[2024-01-15 15:51:29.029]:             # "License"); you may not use this file except in compliance
[2024-01-15 15:51:29.029]:             # with the License.  You may obtain a copy of the License at
[2024-01-15 15:51:29.029]:             #
[2024-01-15 15:51:29.029]:             #   http://www.apache.org/licenses/LICENSE-2.0
[2024-01-15 15:51:29.029]:             #
[2024-01-15 15:51:29.029]:             # Unless required by applicable law or agreed to in writing,
[2024-01-15 15:51:29.029]:             # software distributed under the License is distributed on an
[2024-01-15 15:51:29.029]:             # "AS IS" BASIS, WITHOUT WARRANTIES OR CONDITIONS OF ANY
[2024-01-15 15:51:29.029]:             # KIND, either express or implied.  See the License for the
[2024-01-15 15:51:29.029]:             # specific language governing permissions and limitations
[2024-01-15 15:51:29.029]:             # under the License.
[2024-01-15 15:51:29.029]:             
[2024-01-15 15:51:29.029]:             # platform cluster first
[2024-01-15 15:51:29.029]:             platform
[2024-01-15 15:51:29.029]:             # application cluster second
[2024-01-15 15:51:29.029]:             nb
[2024-01-15 15:51:29.029]:             # ergonomics cluster if present
[2024-01-15 15:51:29.029]:             ergonomics
[2024-01-15 15:51:29.029]:             # and now the rest
[2024-01-15 15:51:29.029]:             ide
[2024-01-15 15:51:29.029]:             extide
[2024-01-15 15:51:29.029]:             java
[2024-01-15 15:51:29.029]:             apisupport
[2024-01-15 15:51:29.029]:             webcommon
[2024-01-15 15:51:29.029]:             websvccommon
[2024-01-15 15:51:29.029]:             enterprise
[2024-01-15 15:51:29.029]:             mobility
[2024-01-15 15:51:29.029]:             profiler
[2024-01-15 15:51:29.029]:             python
[2024-01-15 15:51:29.029]:             php
[2024-01-15 15:51:29.029]:             identity
[2024-01-15 15:51:29.029]:             harness
[2024-01-15 15:51:29.029]:             cnd
[2024-01-15 15:51:29.029]:             cndext
[2024-01-15 15:51:29.029]:             cpplite
[2024-01-15 15:51:29.029]:             dlight
[2024-01-15 15:51:29.029]:             groovy
[2024-01-15 15:51:29.029]:             extra
[2024-01-15 15:51:29.029]:             javacard
[2024-01-15 15:51:29.029]:             javafx
[2024-01-15 15:51:29.029]:             rust
[2024-01-15 15:51:29.029]:         ... requested cluster already exist, do nothing
[2024-01-15 15:51:29.029]:             child = bin
[2024-01-15 15:51:29.029]:             child = cpplite
[2024-01-15 15:51:29.029]:             child = DEPENDENCIES
[2024-01-15 15:51:29.029]:             child = etc
[2024-01-15 15:51:29.029]:             child = extide
[2024-01-15 15:51:29.029]:             child = harness
[2024-01-15 15:51:29.029]:             child = ide
[2024-01-15 15:51:29.029]:             child = LICENSE
[2024-01-15 15:51:29.029]:             child = licenses
[2024-01-15 15:51:29.045]:             child = nb
[2024-01-15 15:51:29.045]:         ... register in system, create uninstaller, etc
[2024-01-15 15:51:29.045]:         ... save installation files list
[2024-01-15 15:51:29.107]:     ... finished installation of HTML5/JavaScript(nb-webcommon/20.0.0.231123.0)
[2024-01-15 15:51:29.313]:     NameResolver - to parse Installing {0}...
[2024-01-15 15:51:29.313]:     Start installation of Java SE(nb-javase/20.0.0.231123.0)
[2024-01-15 15:51:29.313]:         NameResolver - to parse C:\Program Files\NetBeans-20
[2024-01-15 15:51:29.313]:         NameResolver - to parse C:\Program Files\NetBeans-20
[2024-01-15 15:51:29.313]:         NameResolver - to parse C:\Program Files\NetBeans-20
[2024-01-15 15:51:29.313]:         NameResolver - to parse C:\Program Files\NetBeans-20
[2024-01-15 15:51:29.313]:         ... extracting files from the data archives
[2024-01-15 15:51:29.313]:         NameResolver - to parse C:\Program Files\NetBeans-20
[2024-01-15 15:51:29.313]:         deleting file: C:\Users\imrab\AppData\Local\Temp\nbi-8343337173473485249.tmp
[2024-01-15 15:51:29.313]:         extracting C:\Program Files\NetBeans-20\netbeans\java\modules\ext\eclipselink\org.eclipse.persistence.jpa.modelgen.processor-2.7.12.jar
[2024-01-15 15:51:29.313]:         extracting C:\Program Files\NetBeans-20\netbeans\apisupport\update_tracking\org-netbeans-modules-apisupport-installer-maven.xml
[2024-01-15 15:51:29.313]:         extracting C:\Program Files\NetBeans-20\netbeans\ergonomics\config\Modules\org-netbeans-modules-j2ee-metadata-model-support.xml
[2024-01-15 15:51:29.328]:         extracting C:\Program Files\NetBeans-20\netbeans\apisupport\config\Modules\org-netbeans-modules-apisupport-installer-maven.xml
[2024-01-15 15:51:29.328]:         extracting C:\Program Files\NetBeans-20\netbeans\ergonomics\config\Modules\org-netbeans-modules-projectimport-eclipse-core.xml
[2024-01-15 15:51:29.328]:         extracting C:\Program Files\NetBeans-20\netbeans\ergonomics\config\Modules\org-netbeans-modules-java-nativeimage-debugger.xml
[2024-01-15 15:51:29.328]:         extracting C:\Program Files\NetBeans-20\netbeans\ergonomics\config\Modules\org-netbeans-modules-cordova-platforms-android.xml
[2024-01-15 15:51:29.328]:         extracting C:\Program Files\NetBeans-20\netbeans\ergonomics\config\Modules\org-netbeans-modules-websvc-saas-codegen-j2ee.xml
[2024-01-15 15:51:29.328]:         extracting C:\Program Files\NetBeans-20\netbeans\ergonomics\config\Modules\org-netbeans-modules-j2ee-eclipselinkmodelgen.xml
[2024-01-15 15:51:29.328]:         extracting C:\Program Files\NetBeans-20\netbeans\apisupport\update_tracking\org-netbeans-modules-apisupport-refactoring.xml
[2024-01-15 15:51:29.328]:         extracting C:\Program Files\NetBeans-20\netbeans\ergonomics\config\Modules\org-netbeans-modules-javascript-jstestdriver.xml
[2024-01-15 15:51:29.328]:         extracting C:\Program Files\NetBeans-20\netbeans\ergonomics\config\Modules\org-netbeans-modules-javascript2-prototypejs.xml
[2024-01-15 15:51:29.328]:         extracting C:\Program Files\NetBeans-20\netbeans\ergonomics\config\Modules\org-netbeans-modules-web-javascript-debugger.xml
[2024-01-15 15:51:29.328]:         extracting C:\Program Files\NetBeans-20\netbeans\java\update_tracking\org-netbeans-modules-j2ee-metadata-model-support.xml
[2024-01-15 15:51:29.328]:         extracting C:\Program Files\NetBeans-20\netbeans\java\update_tracking\org-netbeans-modules-java-hints-declarative-test.xml
[2024-01-15 15:51:29.328]:         extracting C:\Program Files\NetBeans-20\netbeans\profiler\update_tracking\org-netbeans-modules-profiler-projectsupport.xml
[2024-01-15 15:51:29.328]:         extracting C:\Program Files\NetBeans-20\netbeans\apisupport\config\Modules\org-netbeans-modules-apisupport-refactoring.xml
[2024-01-15 15:51:29.328]:         extracting C:\Program Files\NetBeans-20\netbeans\ergonomics\config\Modules\org-netbeans-modules-java-hints-declarative.xml
[2024-01-15 15:51:29.328]:         extracting C:\Program Files\NetBeans-20\netbeans\java\update_tracking\org-netbeans-modules-projectimport-eclipse-j2se.xml
[2024-01-15 15:51:29.328]:         extracting C:\Program Files\NetBeans-20\netbeans\java\update_tracking\org-netbeans-modules-spellchecker-bindings-java.xml
[2024-01-15 15:51:29.328]:         extracting C:\Program Files\NetBeans-20\netbeans\java\update_tracking\org-netbeans-modules-projectimport-eclipse-core.xml
[2024-01-15 15:51:29.328]:         extracting C:\Program Files\NetBeans-20\netbeans\java\modules\ext\eclipselink\org.eclipse.persistence.jpa.jpql-2.7.12.jar
[2024-01-15 15:51:29.344]:         extracting C:\Program Files\NetBeans-20\netbeans\java\config\Modules\org-netbeans-modules-j2ee-metadata-model-support.xml
[2024-01-15 15:51:29.344]:         extracting C:\Program Files\NetBeans-20\netbeans\java\config\Modules\org-netbeans-modules-java-hints-declarative-test.xml
[2024-01-15 15:51:29.344]:         extracting C:\Program Files\NetBeans-20\netbeans\profiler\update_tracking\org-netbeans-modules-debugger-jpda-heapwalk.xml
[2024-01-15 15:51:29.344]:         extracting C:\Program Files\NetBeans-20\netbeans\profiler\config\Modules\org-netbeans-modules-profiler-projectsupport.xml
[2024-01-15 15:51:29.344]:         extracting C:\Program Files\NetBeans-20\netbeans\apisupport\update_tracking\org-netbeans-modules-apisupport-installer.xml
[2024-01-15 15:51:29.344]:         extracting C:\Program Files\NetBeans-20\netbeans\ergonomics\config\Modules\org-netbeans-modules-javaee-beanvalidation.xml
[2024-01-15 15:51:29.344]:         extracting C:\Program Files\NetBeans-20\netbeans\ergonomics\config\Modules\org-netbeans-modules-j2ee-jpa-verification.xml
[2024-01-15 15:51:29.344]:         extracting C:\Program Files\NetBeans-20\netbeans\ergonomics\config\Modules\org-netbeans-modules-profiler-oql-language.xml
[2024-01-15 15:51:29.344]:         extracting C:\Program Files\NetBeans-20\netbeans\ergonomics\config\Modules\org-netbeans-modules-javascript2-requirejs.xml
[2024-01-15 15:51:29.344]:         extracting C:\Program Files\NetBeans-20\netbeans\ergonomics\config\Modules\org-netbeans-modules-debugger-jpda-truffle.xml
[2024-01-15 15:51:29.344]:         extracting C:\Program Files\NetBeans-20\netbeans\java\update_tracking\org-netbeans-modules-java-nativeimage-debugger.xml
[2024-01-15 15:51:29.344]:         extracting C:\Program Files\NetBeans-20\netbeans\java\update_tracking\org-netbeans-modules-debugger-jpda-trufflenode.xml
[2024-01-15 15:51:29.344]:         extracting C:\Program Files\NetBeans-20\netbeans\java\modules\ext\spring-3.0\spring-instrument-tomcat-3.2.18.RELEASE.jar
[2024-01-15 15:51:29.344]:         extracting C:\Program Files\NetBeans-20\netbeans\java\config\Modules\org-netbeans-modules-projectimport-eclipse-j2se.xml
[2024-01-15 15:51:29.344]:         extracting C:\Program Files\NetBeans-20\netbeans\java\config\Modules\org-netbeans-modules-spellchecker-bindings-java.xml
[2024-01-15 15:51:29.359]:         extracting C:\Program Files\NetBeans-20\netbeans\java\config\Modules\org-netbeans-modules-projectimport-eclipse-core.xml
[2024-01-15 15:51:29.359]:         extracting C:\Program Files\NetBeans-20\netbeans\profiler\update_tracking\org-netbeans-modules-profiler-oql-language.xml
[2024-01-15 15:51:29.359]:         extracting C:\Program Files\NetBeans-20\netbeans\profiler\config\Modules\org-netbeans-modules-debugger-jpda-heapwalk.xml
[2024-01-15 15:51:29.359]:         extracting C:\Program Files\NetBeans-20\netbeans\apisupport\config\Modules\org-netbeans-modules-apisupport-installer.xml
[2024-01-15 15:51:29.359]:         extracting C:\Program Files\NetBeans-20\netbeans\ergonomics\config\Modules\org-netbeans-modules-j2ee-persistence-kit.xml
[2024-01-15 15:51:29.359]:         extracting C:\Program Files\NetBeans-20\netbeans\ergonomics\config\Modules\org-netbeans-modules-apisupport-installer.xml
[2024-01-15 15:51:29.359]:         extracting C:\Program Files\NetBeans-20\netbeans\ergonomics\config\Modules\org-netbeans-modules-javafx2-scenebuilder.xml
[2024-01-15 15:51:29.359]:         extracting C:\Program Files\NetBeans-20\netbeans\ergonomics\config\Modules\org-netbeans-modules-j2ee-jpa-refactoring.xml
[2024-01-15 15:51:29.359]:         extracting C:\Program Files\NetBeans-20\netbeans\ergonomics\config\Modules\org-netbeans-modules-websvc-customization.xml
[2024-01-15 15:51:29.359]:         extracting C:\Program Files\NetBeans-20\netbeans\ergonomics\config\Modules\org-netbeans-modules-debugger-jpda-visual.xml
[2024-01-15 15:51:29.359]:         extracting C:\Program Files\NetBeans-20\netbeans\ergonomics\config\Modules\org-netbeans-modules-java-openjdk-project.xml
[2024-01-15 15:51:29.359]:         extracting C:\Program Files\NetBeans-20\netbeans\ergonomics\config\Modules\org-netbeans-modules-languages-apacheconf.xml
[2024-01-15 15:51:29.359]:         extracting C:\Program Files\NetBeans-20\netbeans\ergonomics\config\Modules\org-netbeans-modules-websvc-jaxwsmodelapi.xml
[2024-01-15 15:51:29.359]:         extracting C:\Program Files\NetBeans-20\netbeans\ergonomics\config\Modules\org-netbeans-modules-j2ee-ejbverification.xml
[2024-01-15 15:51:29.359]:         extracting C:\Program Files\NetBeans-20\netbeans\java\update_tracking\org-netbeans-modules-debugger-jpda-projectsui.xml
[2024-01-15 15:51:29.359]:         extracting C:\Program Files\NetBeans-20\netbeans\java\update_tracking\org-netbeans-modules-websvc-saas-codegen-java.xml
[2024-01-15 15:51:29.359]:         extracting C:\Program Files\NetBeans-20\netbeans\java\update_tracking\org-netbeans-modules-j2ee-eclipselinkmodelgen.xml
[2024-01-15 15:51:29.359]:         extracting C:\Program Files\NetBeans-20\netbeans\java\config\Modules\org-netbeans-modules-java-nativeimage-debugger.xml
[2024-01-15 15:51:29.359]:         extracting C:\Program Files\NetBeans-20\netbeans\java\config\Modules\org-netbeans-modules-debugger-jpda-trufflenode.xml
[2024-01-15 15:51:29.359]:         extracting C:\Program Files\NetBeans-20\netbeans\profiler\lib\deployed\jdk16\linux-arm-vfp-hflt\libprofilerinterface.so
[2024-01-15 15:51:29.359]:         extracting C:\Program Files\NetBeans-20\netbeans\profiler\config\Modules\org-netbeans-modules-profiler-oql-language.xml
[2024-01-15 15:51:29.359]:         extracting C:\Program Files\NetBeans-20\netbeans\apisupport\update_tracking\org-netbeans-modules-apisupport-project.xml
[2024-01-15 15:51:29.359]:         extracting C:\Program Files\NetBeans-20\netbeans\apisupport\update_tracking\org-netbeans-modules-apisupport-wizards.xml
[2024-01-15 15:51:29.359]:         extracting C:\Program Files\NetBeans-20\netbeans\apisupport\modules\org-netbeans-modules-apisupport-installer-maven.jar
[2024-01-15 15:51:29.359]:         extracting C:\Program Files\NetBeans-20\netbeans\ergonomics\config\Modules\org-netbeans-modules-profiler-snaptracer.xml
[2024-01-15 15:51:29.359]:         extracting C:\Program Files\NetBeans-20\netbeans\ergonomics\config\Modules\org-netbeans-modules-jakarta-transformer.xml
[2024-01-15 15:51:29.375]:         extracting C:\Program Files\NetBeans-20\netbeans\ergonomics\config\Modules\org-netbeans-modules-profiler-heapwalker.xml
[2024-01-15 15:51:29.375]:         extracting C:\Program Files\NetBeans-20\netbeans\ergonomics\config\Modules\org-netbeans-modules-j2ee-persistenceapi.xml
[2024-01-15 15:51:29.375]:         extracting C:\Program Files\NetBeans-20\netbeans\ergonomics\config\Modules\org-netbeans-modules-jakartaee9-platform.xml
[2024-01-15 15:51:29.375]:         extracting C:\Program Files\NetBeans-20\netbeans\ergonomics\config\Modules\org-netbeans-modules-websvc-editor-hints.xml
[2024-01-15 15:51:29.375]:         extracting C:\Program Files\NetBeans-20\netbeans\ergonomics\config\Modules\org-netbeans-modules-jakartaee8-platform.xml
[2024-01-15 15:51:29.375]:         extracting C:\Program Files\NetBeans-20\netbeans\ergonomics\config\Modules\org-netbeans-modules-j2ee-ejbrefactoring.xml
[2024-01-15 15:51:29.375]:         extracting C:\Program Files\NetBeans-20\netbeans\ergonomics\config\Modules\org-netbeans-modules-websvc-saas-codegen.xml
[2024-01-15 15:51:29.375]:         extracting C:\Program Files\NetBeans-20\netbeans\java\ant\extra\org-netbeans-modules-java-j2seproject-copylibstask.jar
[2024-01-15 15:51:29.375]:         extracting C:\Program Files\NetBeans-20\netbeans\java\update_tracking\org-netbeans-modules-java-source-queriesimpl.xml
[2024-01-15 15:51:29.375]:         extracting C:\Program Files\NetBeans-20\netbeans\java\update_tracking\org-netbeans-modules-java-preprocessorbridge.xml
[2024-01-15 15:51:29.375]:         extracting C:\Program Files\NetBeans-20\netbeans\java\modules\ext\spring-3.0\spring-context-support-3.2.18.RELEASE.jar
[2024-01-15 15:51:29.375]:         extracting C:\Program Files\NetBeans-20\netbeans\java\modules\ext\spring-4\spring-instrument-tomcat-4.3.29.RELEASE.jar
[2024-01-15 15:51:29.375]:         extracting C:\Program Files\NetBeans-20\netbeans\java\modules\ext\eclipselink\org.eclipse.persistence.antlr-2.7.12.jar
[2024-01-15 15:51:29.375]:         extracting C:\Program Files\NetBeans-20\netbeans\java\config\Modules\org-netbeans-modules-debugger-jpda-projectsui.xml
[2024-01-15 15:51:29.375]:         extracting C:\Program Files\NetBeans-20\netbeans\java\config\Modules\org-netbeans-modules-websvc-saas-codegen-java.xml
[2024-01-15 15:51:29.375]:         extracting C:\Program Files\NetBeans-20\netbeans\java\config\Modules\org-netbeans-modules-j2ee-eclipselinkmodelgen.xml
[2024-01-15 15:51:29.375]:         extracting C:\Program Files\NetBeans-20\netbeans\profiler\update_tracking\org-netbeans-modules-profiler-snaptracer.xml
[2024-01-15 15:51:29.375]:         extracting C:\Program Files\NetBeans-20\netbeans\profiler\update_tracking\org-netbeans-modules-profiler-heapwalker.xml
[2024-01-15 15:51:29.375]:         extracting C:\Program Files\NetBeans-20\netbeans\apisupport\config\Modules\org-netbeans-modules-apisupport-project.xml
[2024-01-15 15:51:29.375]:         extracting C:\Program Files\NetBeans-20\netbeans\apisupport\config\Modules\org-netbeans-modules-apisupport-wizards.xml
[2024-01-15 15:51:29.375]:         extracting C:\Program Files\NetBeans-20\netbeans\ergonomics\config\Modules\org-netbeans-modules-javascript2-extdoc.xml
[2024-01-15 15:51:29.375]:         extracting C:\Program Files\NetBeans-20\netbeans\ergonomics\config\Modules\org-netbeans-modules-debugger-jpda-jsui.xml
[2024-01-15 15:51:29.375]:         extracting C:\Program Files\NetBeans-20\netbeans\ergonomics\config\Modules\org-netbeans-modules-groovy-refactoring.xml
[2024-01-15 15:51:29.375]:         extracting C:\Program Files\NetBeans-20\netbeans\ergonomics\config\Modules\org-netbeans-modules-javascript2-nodejs.xml
[2024-01-15 15:51:29.391]:         extracting C:\Program Files\NetBeans-20\netbeans\ergonomics\config\Modules\org-netbeans-modules-apisupport-project.xml
[2024-01-15 15:51:29.391]:         extracting C:\Program Files\NetBeans-20\netbeans\ergonomics\config\Modules\org-netbeans-modules-j2ee-ejbjarproject.xml
[2024-01-15 15:51:29.391]:         extracting C:\Program Files\NetBeans-20\netbeans\ergonomics\config\Modules\org-netbeans-modules-web-client-samples.xml
[2024-01-15 15:51:29.391]:         extracting C:\Program Files\NetBeans-20\netbeans\ergonomics\config\Modules\org-netbeans-modules-j2ee-genericserver.xml
[2024-01-15 15:51:29.391]:         extracting C:\Program Files\NetBeans-20\netbeans\ergonomics\config\Modules\org-netbeans-modules-web-jsf-navigation.xml
[2024-01-15 15:51:29.391]:         extracting C:\Program Files\NetBeans-20\netbeans\ergonomics\config\Modules\org-netbeans-modules-web-webkit-tooling.xml
[2024-01-15 15:51:29.391]:         extracting C:\Program Files\NetBeans-20\netbeans\ergonomics\config\Modules\org-netbeans-modules-apisupport-wizards.xml
[2024-01-15 15:51:29.391]:         extracting C:\Program Files\NetBeans-20\netbeans\ergonomics\config\Modules\org-netbeans-modules-j2ee-clientproject.xml
[2024-01-15 15:51:29.391]:         extracting C:\Program Files\NetBeans-20\netbeans\ergonomics\config\Modules\org-netbeans-modules-javascript2-jquery.xml
[2024-01-15 15:51:29.391]:         extracting C:\Program Files\NetBeans-20\netbeans\ergonomics\config\Modules\org-netbeans-modules-javascript2-editor.xml
[2024-01-15 15:51:29.391]:         extracting C:\Program Files\NetBeans-20\netbeans\java\update_tracking\org-netbeans-modules-debugger-jpda-projects.xml
[2024-01-15 15:51:29.391]:         extracting C:\Program Files\NetBeans-20\netbeans\java\update_tracking\org-netbeans-modules-java-hints-declarative.xml
[2024-01-15 15:51:29.391]:         extracting C:\Program Files\NetBeans-20\netbeans\java\modules\ext\spring-3.0\spring-webmvc-portlet-3.2.18.RELEASE.jar
[2024-01-15 15:51:29.391]:         extracting C:\Program Files\NetBeans-20\netbeans\java\modules\ext\eclipselink\org.eclipse.persistence.core-2.7.12.jar
[2024-01-15 15:51:29.406]:         extracting C:\Program Files\NetBeans-20\netbeans\java\modules\ext\eclipselink\org.eclipse.persistence.moxy-2.7.12.jar
[2024-01-15 15:51:29.422]:         extracting C:\Program Files\NetBeans-20\netbeans\java\config\Modules\org-netbeans-modules-java-source-queriesimpl.xml
[2024-01-15 15:51:29.422]:         extracting C:\Program Files\NetBeans-20\netbeans\java\config\Modules\org-netbeans-modules-java-preprocessorbridge.xml
[2024-01-15 15:51:29.422]:         extracting C:\Program Files\NetBeans-20\netbeans\profiler\lib\deployed\jdk16\hpux-pa_risc2.0w\libprofilerinterface.sl
[2024-01-15 15:51:29.422]:         extracting C:\Program Files\NetBeans-20\netbeans\profiler\lib\deployed\jdk15\hpux-pa_risc2.0w\libprofilerinterface.sl
[2024-01-15 15:51:29.422]:         extracting C:\Program Files\NetBeans-20\netbeans\profiler\update_tracking\org-netbeans-modules-profiler-utilities.xml
[2024-01-15 15:51:29.422]:         extracting C:\Program Files\NetBeans-20\netbeans\profiler\config\Modules\org-netbeans-modules-profiler-snaptracer.xml
[2024-01-15 15:51:29.422]:         extracting C:\Program Files\NetBeans-20\netbeans\profiler\config\Modules\org-netbeans-modules-profiler-heapwalker.xml
[2024-01-15 15:51:29.422]:         extracting C:\Program Files\NetBeans-20\netbeans\apisupport\update_tracking\org-netbeans-modules-maven-apisupport.xml
[2024-01-15 15:51:29.422]:         extracting C:\Program Files\NetBeans-20\netbeans\ergonomics\config\Modules\org-netbeans-modules-glassfish-tooling.xml
[2024-01-15 15:51:29.422]:         extracting C:\Program Files\NetBeans-20\netbeans\ergonomics\config\Modules\org-netbeans-modules-extbrowser-chrome.xml
[2024-01-15 15:51:29.422]:         extracting C:\Program Files\NetBeans-20\netbeans\ergonomics\config\Modules\org-netbeans-modules-javascript-nodejs.xml
[2024-01-15 15:51:29.422]:         extracting C:\Program Files\NetBeans-20\netbeans\ergonomics\config\Modules\org-netbeans-modules-groovy-antproject.xml
[2024-01-15 15:51:29.422]:         extracting C:\Program Files\NetBeans-20\netbeans\ergonomics\config\Modules\org-netbeans-modules-javascript2-extjs.xml
[2024-01-15 15:51:29.422]:         extracting C:\Program Files\NetBeans-20\netbeans\ergonomics\config\Modules\org-netbeans-modules-jakarta-web-beans.xml
[2024-01-15 15:51:29.422]:         extracting C:\Program Files\NetBeans-20\netbeans\ergonomics\config\Modules\org-netbeans-modules-maven-refactoring.xml
[2024-01-15 15:51:29.422]:         extracting C:\Program Files\NetBeans-20\netbeans\ergonomics\config\Modules\org-netbeans-modules-java-module-graph.xml
[2024-01-15 15:51:29.422]:         extracting C:\Program Files\NetBeans-20\netbeans\ergonomics\config\Modules\org-netbeans-modules-web-jsf-richfaces.xml
[2024-01-15 15:51:29.422]:         extracting C:\Program Files\NetBeans-20\netbeans\ergonomics\config\Modules\org-netbeans-modules-websvc-projectapi.xml
[2024-01-15 15:51:29.422]:         extracting C:\Program Files\NetBeans-20\netbeans\ergonomics\config\Modules\org-netbeans-modules-java-j2seprofiles.xml
[2024-01-15 15:51:29.422]:         extracting C:\Program Files\NetBeans-20\netbeans\ergonomics\config\Modules\org-netbeans-modules-websvc-wsstackapi.xml
[2024-01-15 15:51:29.422]:         extracting C:\Program Files\NetBeans-20\netbeans\ergonomics\config\Modules\org-netbeans-modules-javascript2-jsdoc.xml
[2024-01-15 15:51:29.422]:         extracting C:\Program Files\NetBeans-20\netbeans\ergonomics\config\Modules\org-netbeans-modules-javascript2-react.xml
[2024-01-15 15:51:29.422]:         extracting C:\Program Files\NetBeans-20\netbeans\ergonomics\config\Modules\org-netbeans-modules-web-clientproject.xml
[2024-01-15 15:51:29.422]:         extracting C:\Program Files\NetBeans-20\netbeans\ergonomics\config\Modules\org-netbeans-modules-debugger-jpda-kit.xml
[2024-01-15 15:51:29.422]:         extracting C:\Program Files\NetBeans-20\netbeans\ergonomics\config\Modules\org-netbeans-modules-nashorn-execution.xml
[2024-01-15 15:51:29.422]:         extracting C:\Program Files\NetBeans-20\netbeans\ergonomics\config\Modules\org-netbeans-modules-websvc-jaxwsmodel.xml
[2024-01-15 15:51:29.438]:         extracting C:\Program Files\NetBeans-20\netbeans\ergonomics\config\Modules\org-netbeans-modules-java-j2seembedded.xml
[2024-01-15 15:51:29.438]:         extracting C:\Program Files\NetBeans-20\netbeans\ergonomics\config\Modules\org-netbeans-modules-typescript-editor.xml
[2024-01-15 15:51:29.438]:         extracting C:\Program Files\NetBeans-20\netbeans\ergonomics\config\Modules\org-netbeans-modules-java-j2seplatform.xml
[2024-01-15 15:51:29.438]:         extracting C:\Program Files\NetBeans-20\netbeans\ergonomics\config\Modules\org-netbeans-modules-php-code-analysis.xml
[2024-01-15 15:51:29.438]:         extracting C:\Program Files\NetBeans-20\netbeans\javafx\update_tracking\org-netbeans-modules-javafx2-scenebuilder.xml
[2024-01-15 15:51:29.438]:         extracting C:\Program Files\NetBeans-20\netbeans\java\update_tracking\org-netbeans-modules-java-hints-legacy-spi.xml
[2024-01-15 15:51:29.438]:         extracting C:\Program Files\NetBeans-20\netbeans\java\update_tracking\org-netbeans-modules-j2ee-jpa-verification.xml
[2024-01-15 15:51:29.438]:         extracting C:\Program Files\NetBeans-20\netbeans\java\update_tracking\org-netbeans-modules-debugger-jpda-truffle.xml
[2024-01-15 15:51:29.438]:         extracting C:\Program Files\NetBeans-20\netbeans\java\modules\ext\spring-4\spring-context-support-4.3.29.RELEASE.jar
[2024-01-15 15:51:29.438]:         extracting C:\Program Files\NetBeans-20\netbeans\java\modules\ext\eclipselink\org.eclipse.persistence.jpa-2.7.12.jar
[2024-01-15 15:51:29.438]:         extracting C:\Program Files\NetBeans-20\netbeans\java\config\Modules\org-netbeans-modules-debugger-jpda-projects.xml
[2024-01-15 15:51:29.438]:         extracting C:\Program Files\NetBeans-20\netbeans\java\config\Modules\org-netbeans-modules-java-hints-declarative.xml
[2024-01-15 15:51:29.438]:         extracting C:\Program Files\NetBeans-20\netbeans\profiler\lib\deployed\jdk16\hpux-pa_risc2.0\libprofilerinterface.sl
[2024-01-15 15:51:29.453]:         extracting C:\Program Files\NetBeans-20\netbeans\profiler\lib\deployed\jdk16\solaris-sparcv9\libprofilerinterface.so
[2024-01-15 15:51:29.453]:         extracting C:\Program Files\NetBeans-20\netbeans\profiler\lib\deployed\jdk15\hpux-pa_risc2.0\libprofilerinterface.sl
[2024-01-15 15:51:29.453]:         extracting C:\Program Files\NetBeans-20\netbeans\profiler\lib\deployed\jdk15\solaris-sparcv9\libprofilerinterface.so
[2024-01-15 15:51:29.453]:         extracting C:\Program Files\NetBeans-20\netbeans\profiler\update_tracking\org-netbeans-modules-profiler-freeform.xml
[2024-01-15 15:51:29.453]:         extracting C:\Program Files\NetBeans-20\netbeans\profiler\update_tracking\org-netbeans-modules-profiler-nbmodule.xml
[2024-01-15 15:51:29.453]:         extracting C:\Program Files\NetBeans-20\netbeans\profiler\config\Modules\org-netbeans-modules-profiler-utilities.xml
[2024-01-15 15:51:29.453]:         extracting C:\Program Files\NetBeans-20\netbeans\apisupport\config\Modules\org-netbeans-modules-maven-apisupport.xml
[2024-01-15 15:51:29.453]:         extracting C:\Program Files\NetBeans-20\netbeans\ergonomics\config\Modules\org-netbeans-modules-javafx2-platform.xml
[2024-01-15 15:51:29.453]:         extracting C:\Program Files\NetBeans-20\netbeans\ergonomics\config\Modules\org-netbeans-modules-j2ee-persistence.xml
[2024-01-15 15:51:29.453]:         extracting C:\Program Files\NetBeans-20\netbeans\ergonomics\config\Modules\org-netbeans-modules-cpplite-debugger.xml
[2024-01-15 15:51:29.453]:         extracting C:\Program Files\NetBeans-20\netbeans\ergonomics\config\Modules\org-netbeans-modules-refactoring-java.xml
[2024-01-15 15:51:29.453]:         extracting C:\Program Files\NetBeans-20\netbeans\ergonomics\config\Modules\org-netbeans-modules-javascript-cdnjs.xml
[2024-01-15 15:51:29.453]:         extracting C:\Program Files\NetBeans-20\netbeans\ergonomics\config\Modules\org-netbeans-modules-websvc-clientapi.xml
[2024-01-15 15:51:29.453]:         extracting C:\Program Files\NetBeans-20\netbeans\ergonomics\config\Modules\org-netbeans-modules-maven-checkstyle.xml
[2024-01-15 15:51:29.453]:         extracting C:\Program Files\NetBeans-20\netbeans\ergonomics\config\Modules\org-netbeans-modules-websvc-metro-lib.xml
[2024-01-15 15:51:29.453]:         extracting C:\Program Files\NetBeans-20\netbeans\ergonomics\config\Modules\org-netbeans-modules-javascript-bower.xml
[2024-01-15 15:51:29.453]:         extracting C:\Program Files\NetBeans-20\netbeans\ergonomics\config\Modules\org-netbeans-modules-debugger-jpda-ui.xml
[2024-01-15 15:51:29.453]:         extracting C:\Program Files\NetBeans-20\netbeans\ergonomics\config\Modules\org-netbeans-modules-debugger-jpda-js.xml
[2024-01-15 15:51:29.453]:         extracting C:\Program Files\NetBeans-20\netbeans\ergonomics\config\Modules\org-netbeans-modules-maven-repository.xml
[2024-01-15 15:51:29.453]:         extracting C:\Program Files\NetBeans-20\netbeans\ergonomics\config\Modules\org-netbeans-modules-php-nette-tester.xml
[2024-01-15 15:51:29.453]:         extracting C:\Program Files\NetBeans-20\netbeans\ergonomics\config\Modules\org-netbeans-modules-web-jsf-icefaces.xml
[2024-01-15 15:51:29.453]:         extracting C:\Program Files\NetBeans-20\netbeans\ergonomics\config\Modules\org-netbeans-modules-javascript-karma.xml
[2024-01-15 15:51:29.453]:         extracting C:\Program Files\NetBeans-20\netbeans\ergonomics\config\Modules\org-netbeans-modules-javascript2-sdoc.xml
[2024-01-15 15:51:29.453]:         extracting C:\Program Files\NetBeans-20\netbeans\ergonomics\config\Modules\org-netbeans-modules-websvc-websvcapi.xml
[2024-01-15 15:51:29.469]:         extracting C:\Program Files\NetBeans-20\netbeans\ergonomics\config\Modules\org-netbeans-modules-glassfish-javaee.xml
[2024-01-15 15:51:29.469]:         extracting C:\Program Files\NetBeans-20\netbeans\ergonomics\config\Modules\org-netbeans-modules-javaee-injection.xml
[2024-01-15 15:51:29.469]:         extracting C:\Program Files\NetBeans-20\netbeans\ergonomics\config\Modules\org-netbeans-modules-java-j2seproject.xml
[2024-01-15 15:51:29.469]:         extracting C:\Program Files\NetBeans-20\netbeans\ergonomics\config\Modules\org-netbeans-modules-javascript2-jade.xml
[2024-01-15 15:51:29.469]:         extracting C:\Program Files\NetBeans-20\netbeans\ergonomics\config\Modules\org-netbeans-modules-payara-jakartaee.xml
[2024-01-15 15:51:29.469]:         extracting C:\Program Files\NetBeans-20\netbeans\ergonomics\config\Modules\org-netbeans-modules-glassfish-common.xml
[2024-01-15 15:51:29.469]:         extracting C:\Program Files\NetBeans-20\netbeans\ergonomics\config\Modules\org-netbeans-modules-javascript-grunt.xml
[2024-01-15 15:51:29.469]:         extracting C:\Program Files\NetBeans-20\netbeans\ergonomics\config\Modules\org-netbeans-modules-profiler-options.xml
[2024-01-15 15:51:29.469]:         extracting C:\Program Files\NetBeans-20\netbeans\javafx\config\Modules\org-netbeans-modules-javafx2-scenebuilder.xml
[2024-01-15 15:51:29.469]:         extracting C:\Program Files\NetBeans-20\netbeans\java\update_tracking\org-netbeans-modules-j2ee-persistence-kit.xml
[2024-01-15 15:51:29.469]:         extracting C:\Program Files\NetBeans-20\netbeans\java\update_tracking\org-netbeans-modules-j2ee-jpa-refactoring.xml
[2024-01-15 15:51:29.469]:         extracting C:\Program Files\NetBeans-20\netbeans\java\update_tracking\org-netbeans-modules-debugger-jpda-visual.xml
[2024-01-15 15:51:29.469]:         extracting C:\Program Files\NetBeans-20\netbeans\java\update_tracking\org-netbeans-modules-java-openjdk-project.xml
[2024-01-15 15:51:29.469]:         extracting C:\Program Files\NetBeans-20\netbeans\java\update_tracking\org-netbeans-modules-gradle-java-coverage.xml
[2024-01-15 15:51:29.469]:         extracting C:\Program Files\NetBeans-20\netbeans\java\modules\ext\spring-5\spring-context-indexer-5.2.9.RELEASE.jar
[2024-01-15 15:51:29.469]:         extracting C:\Program Files\NetBeans-20\netbeans\java\modules\ext\spring-5\spring-context-support-5.2.9.RELEASE.jar
[2024-01-15 15:51:29.469]:         extracting C:\Program Files\NetBeans-20\netbeans\java\modules\ext\spring-4\spring-webmvc-portlet-4.3.29.RELEASE.jar
[2024-01-15 15:51:29.469]:         extracting C:\Program Files\NetBeans-20\netbeans\java\modules\ext\eclipselink\org.eclipse.persistence.asm-9.4.0.jar
[2024-01-15 15:51:29.469]:         extracting C:\Program Files\NetBeans-20\netbeans\java\config\Modules\org-netbeans-modules-java-hints-legacy-spi.xml
[2024-01-15 15:51:29.469]:         extracting C:\Program Files\NetBeans-20\netbeans\java\config\Modules\org-netbeans-modules-j2ee-jpa-verification.xml
[2024-01-15 15:51:29.469]:         extracting C:\Program Files\NetBeans-20\netbeans\java\config\Modules\org-netbeans-modules-debugger-jpda-truffle.xml
[2024-01-15 15:51:29.469]:         extracting C:\Program Files\NetBeans-20\netbeans\profiler\update_tracking\org-netbeans-modules-profiler-ppoints.xml
[2024-01-15 15:51:29.484]:         extracting C:\Program Files\NetBeans-20\netbeans\profiler\update_tracking\org-netbeans-modules-profiler-options.xml
[2024-01-15 15:51:29.484]:         extracting C:\Program Files\NetBeans-20\netbeans\profiler\config\Modules\org-netbeans-modules-profiler-freeform.xml
[2024-01-15 15:51:29.484]:         extracting C:\Program Files\NetBeans-20\netbeans\profiler\config\Modules\org-netbeans-modules-profiler-nbmodule.xml
[2024-01-15 15:51:29.484]:         extracting C:\Program Files\NetBeans-20\netbeans\apisupport\update_tracking\org-netbeans-modules-apisupport-kit.xml
[2024-01-15 15:51:29.484]:         extracting C:\Program Files\NetBeans-20\netbeans\apisupport\update_tracking\org-netbeans-modules-apisupport-ant.xml
[2024-01-15 15:51:29.484]:         extracting C:\Program Files\NetBeans-20\netbeans\apisupport\modules\org-netbeans-modules-apisupport-refactoring.jar
[2024-01-15 15:51:29.484]:         extracting C:\Program Files\NetBeans-20\netbeans\ergonomics\update_tracking\org-netbeans-modules-ide-ergonomics.xml
[2024-01-15 15:51:29.484]:         extracting C:\Program Files\NetBeans-20\netbeans\ergonomics\config\Modules\org-netbeans-modules-j2ee-earproject.xml
[2024-01-15 15:51:29.484]:         extracting C:\Program Files\NetBeans-20\netbeans\ergonomics\config\Modules\org-netbeans-modules-javafx2-project.xml
[2024-01-15 15:51:29.484]:         extracting C:\Program Files\NetBeans-20\netbeans\ergonomics\config\Modules\org-netbeans-modules-php-refactoring.xml
[2024-01-15 15:51:29.484]:         extracting C:\Program Files\NetBeans-20\netbeans\ergonomics\config\Modules\org-netbeans-modules-web-core-syntax.xml
[2024-01-15 15:51:29.484]:         extracting C:\Program Files\NetBeans-20\netbeans\ergonomics\config\Modules\org-netbeans-modules-websvc-saas-kit.xml
[2024-01-15 15:51:29.484]:         extracting C:\Program Files\NetBeans-20\netbeans\ergonomics\config\Modules\org-netbeans-modules-profiler-nbimpl.xml
[2024-01-15 15:51:29.484]:         extracting C:\Program Files\NetBeans-20\netbeans\ergonomics\config\Modules\org-netbeans-modules-j2ee-sun-appsrv.xml
[2024-01-15 15:51:29.484]:         extracting C:\Program Files\NetBeans-20\netbeans\ergonomics\config\Modules\org-netbeans-modules-java-lsp-server.xml
[2024-01-15 15:51:29.484]:         extracting C:\Program Files\NetBeans-20\netbeans\ergonomics\config\Modules\org-netbeans-modules-java-source-ant.xml
[2024-01-15 15:51:29.484]:         extracting C:\Program Files\NetBeans-20\netbeans\ergonomics\config\Modules\org-netbeans-modules-web-refactoring.xml
[2024-01-15 15:51:29.484]:         extracting C:\Program Files\NetBeans-20\netbeans\ergonomics\config\Modules\org-netbeans-modules-websvc-saas-api.xml
[2024-01-15 15:51:29.484]:         extracting C:\Program Files\NetBeans-20\netbeans\ergonomics\config\Modules\org-netbeans-modules-languages-antlr.xml
[2024-01-15 15:51:29.484]:         extracting C:\Program Files\NetBeans-20\netbeans\ergonomics\config\Modules\org-netbeans-modules-java-mx-project.xml
[2024-01-15 15:51:29.484]:         extracting C:\Program Files\NetBeans-20\netbeans\ergonomics\config\Modules\org-netbeans-modules-javascript-gulp.xml
[2024-01-15 15:51:29.484]:         extracting C:\Program Files\NetBeans-20\netbeans\ergonomics\config\Modules\org-netbeans-modules-javafx2-samples.xml
[2024-01-15 15:51:29.484]:         extracting C:\Program Files\NetBeans-20\netbeans\ergonomics\config\Modules\org-netbeans-modules-cpplite-project.xml
[2024-01-15 15:51:29.484]:         extracting C:\Program Files\NetBeans-20\netbeans\ergonomics\config\Modules\org-netbeans-modules-javascript2-kit.xml
[2024-01-15 15:51:29.484]:         extracting C:\Program Files\NetBeans-20\netbeans\ergonomics\config\Modules\org-netbeans-modules-php-codeception.xml
[2024-01-15 15:51:29.484]:         extracting C:\Program Files\NetBeans-20\netbeans\ergonomics\config\Modules\org-netbeans-modules-java-j2semodule.xml
[2024-01-15 15:51:29.484]:         extracting C:\Program Files\NetBeans-20\netbeans\ergonomics\config\Modules\org-netbeans-modules-websvc-jaxwsapi.xml
[2024-01-15 15:51:29.500]:         extracting C:\Program Files\NetBeans-20\netbeans\ergonomics\config\Modules\org-netbeans-modules-web-client-rest.xml
[2024-01-15 15:51:29.500]:         extracting C:\Program Files\NetBeans-20\netbeans\ergonomics\config\Modules\org-netbeans-modules-java-navigation.xml
[2024-01-15 15:51:29.500]:         extracting C:\Program Files\NetBeans-20\netbeans\ergonomics\config\Modules\org-netbeans-modules-java-j2sedeploy.xml
[2024-01-15 15:51:29.500]:         extracting C:\Program Files\NetBeans-20\netbeans\java\update_tracking\org-netbeans-modules-java-testrunner-ant.xml
[2024-01-15 15:51:29.500]:         extracting C:\Program Files\NetBeans-20\netbeans\java\update_tracking\org-netbeans-modules-java-source-queries.xml
[2024-01-15 15:51:29.500]:         extracting C:\Program Files\NetBeans-20\netbeans\java\update_tracking\org-netbeans-modules-j2ee-persistenceapi.xml
[2024-01-15 15:51:29.500]:         extracting C:\Program Files\NetBeans-20\netbeans\java\update_tracking\org-netbeans-modules-java-source-compat8.xml
[2024-01-15 15:51:29.500]:         extracting C:\Program Files\NetBeans-20\netbeans\java\update_tracking\org-netbeans-modules-j2ee-core-utilities.xml
[2024-01-15 15:51:29.500]:         extracting C:\Program Files\NetBeans-20\netbeans\java\modules\org-netbeans-modules-j2ee-metadata-model-support.jar
[2024-01-15 15:51:29.506]:         extracting C:\Program Files\NetBeans-20\netbeans\java\modules\org-netbeans-modules-java-hints-declarative-test.jar
[2024-01-15 15:51:29.508]:         extracting C:\Program Files\NetBeans-20\netbeans\java\modules\ext\org-netbeans-modules-java-j2seembedded-probe.jar
[2024-01-15 15:51:29.508]:         extracting C:\Program Files\NetBeans-20\netbeans\java\config\ModuleAutoDeps\org-netbeans-modules-java-platform.xml
[2024-01-15 15:51:29.509]:         extracting C:\Program Files\NetBeans-20\netbeans\java\config\Modules\org-netbeans-modules-j2ee-persistence-kit.xml
[2024-01-15 15:51:29.510]:         extracting C:\Program Files\NetBeans-20\netbeans\java\config\Modules\org-netbeans-modules-j2ee-jpa-refactoring.xml
[2024-01-15 15:51:29.510]:         extracting C:\Program Files\NetBeans-20\netbeans\java\config\Modules\org-netbeans-modules-debugger-jpda-visual.xml
[2024-01-15 15:51:29.510]:         extracting C:\Program Files\NetBeans-20\netbeans\java\config\Modules\org-netbeans-modules-java-openjdk-project.xml
[2024-01-15 15:51:29.510]:         extracting C:\Program Files\NetBeans-20\netbeans\java\config\Modules\org-netbeans-modules-gradle-java-coverage.xml
[2024-01-15 15:51:29.510]:         extracting C:\Program Files\NetBeans-20\netbeans\profiler\lib\deployed\jdk16\solaris-sparc\libprofilerinterface.so
[2024-01-15 15:51:29.510]:         extracting C:\Program Files\NetBeans-20\netbeans\profiler\lib\deployed\jdk16\solaris-amd64\libprofilerinterface.so
[2024-01-15 15:51:29.510]:         extracting C:\Program Files\NetBeans-20\netbeans\profiler\lib\deployed\jdk15\solaris-sparc\libprofilerinterface.so
[2024-01-15 15:51:29.510]:         extracting C:\Program Files\NetBeans-20\netbeans\profiler\lib\deployed\jdk15\solaris-amd64\libprofilerinterface.so
[2024-01-15 15:51:29.510]:         extracting C:\Program Files\NetBeans-20\netbeans\profiler\update_tracking\org-netbeans-modules-profiler-attach.xml
[2024-01-15 15:51:29.510]:         extracting C:\Program Files\NetBeans-20\netbeans\profiler\update_tracking\org-netbeans-modules-profiler-nbimpl.xml
[2024-01-15 15:51:29.510]:         extracting C:\Program Files\NetBeans-20\netbeans\profiler\modules\org-netbeans-modules-profiler-projectsupport.jar
[2024-01-15 15:51:29.510]:         extracting C:\Program Files\NetBeans-20\netbeans\profiler\config\Modules\org-netbeans-modules-profiler-ppoints.xml
[2024-01-15 15:51:29.510]:         extracting C:\Program Files\NetBeans-20\netbeans\profiler\config\Modules\org-netbeans-modules-profiler-options.xml
[2024-01-15 15:51:29.510]:         extracting C:\Program Files\NetBeans-20\netbeans\apisupport\config\Modules\org-netbeans-modules-apisupport-kit.xml
[2024-01-15 15:51:29.510]:         extracting C:\Program Files\NetBeans-20\netbeans\apisupport\config\Modules\org-netbeans-modules-apisupport-ant.xml
[2024-01-15 15:51:29.525]:         extracting C:\Program Files\NetBeans-20\netbeans\ergonomics\config\Modules\org-netbeans-modules-websvc-saas-ui.xml
[2024-01-15 15:51:29.525]:         extracting C:\Program Files\NetBeans-20\netbeans\ergonomics\config\Modules\org-netbeans-modules-web-client-kit.xml
[2024-01-15 15:51:29.525]:         extracting C:\Program Files\NetBeans-20\netbeans\ergonomics\config\Modules\org-netbeans-modules-javafx2-editor.xml
[2024-01-15 15:51:29.525]:         extracting C:\Program Files\NetBeans-20\netbeans\ergonomics\config\Modules\org-netbeans-modules-apisupport-kit.xml
[2024-01-15 15:51:29.525]:         extracting C:\Program Files\NetBeans-20\netbeans\ergonomics\config\Modules\org-netbeans-modules-ant-browsetask.xml
[2024-01-15 15:51:29.525]:         extracting C:\Program Files\NetBeans-20\netbeans\ergonomics\config\Modules\org-netbeans-modules-apisupport-ant.xml
[2024-01-15 15:51:29.525]:         extracting C:\Program Files\NetBeans-20\netbeans\ergonomics\config\Modules\org-netbeans-modules-payara-tooling.xml
[2024-01-15 15:51:29.525]:         extracting C:\Program Files\NetBeans-20\netbeans\ergonomics\config\Modules\org-netbeans-modules-j2ee-ddloaders.xml
[2024-01-15 15:51:29.525]:         extracting C:\Program Files\NetBeans-20\netbeans\ergonomics\config\Modules\org-netbeans-modules-jakartaee9-api.xml
[2024-01-15 15:51:29.525]:         extracting C:\Program Files\NetBeans-20\netbeans\ergonomics\config\Modules\org-netbeans-modules-cpplite-editor.xml
[2024-01-15 15:51:29.525]:         extracting C:\Program Files\NetBeans-20\netbeans\ergonomics\config\Modules\org-netbeans-modules-xml-tools-java.xml
[2024-01-15 15:51:29.525]:         extracting C:\Program Files\NetBeans-20\netbeans\ergonomics\config\Modules\org-netbeans-modules-ide-ergonomics.xml
[2024-01-15 15:51:29.525]:         extracting C:\Program Files\NetBeans-20\netbeans\ergonomics\config\Modules\org-netbeans-modules-javaee-project.xml
[2024-01-15 15:51:29.525]:         extracting C:\Program Files\NetBeans-20\netbeans\ergonomics\config\Modules\org-netbeans-modules-jakartaee8-api.xml
[2024-01-15 15:51:29.525]:         extracting C:\Program Files\NetBeans-20\netbeans\ergonomics\config\Modules\org-netbeans-modules-javaee-wildfly.xml
[2024-01-15 15:51:29.525]:         extracting C:\Program Files\NetBeans-20\netbeans\ergonomics\config\Modules\org-netbeans-modules-web-primefaces.xml
[2024-01-15 15:51:29.525]:         extracting C:\Program Files\NetBeans-20\netbeans\ergonomics\config\Modules\org-netbeans-modules-websvc-manager.xml
[2024-01-15 15:51:29.525]:         extracting C:\Program Files\NetBeans-20\netbeans\ergonomics\config\Modules\org-netbeans-modules-web-jsf-editor.xml
[2024-01-15 15:51:29.525]:         extracting C:\Program Files\NetBeans-20\netbeans\ergonomics\config\Modules\org-netbeans-modules-groovy-support.xml
[2024-01-15 15:51:29.539]:         extracting C:\Program Files\NetBeans-20\netbeans\ergonomics\config\Modules\org-netbeans-modules-web-bootsfaces.xml
[2024-01-15 15:51:29.539]:         extracting C:\Program Files\NetBeans-20\netbeans\ergonomics\config\Modules\org-netbeans-modules-maven-coverage.xml
[2024-01-15 15:51:29.540]:         extracting C:\Program Files\NetBeans-20\netbeans\ergonomics\config\Modules\org-netbeans-modules-websvc-restkit.xml
[2024-01-15 15:51:29.540]:         extracting C:\Program Files\NetBeans-20\netbeans\ergonomics\config\Modules\org-netbeans-modules-groovy-samples.xml
[2024-01-15 15:51:29.541]:         extracting C:\Program Files\NetBeans-20\netbeans\java\update_tracking\org-netbeans-modules-debugger-jpda-jsui.xml
[2024-01-15 15:51:29.541]:         extracting C:\Program Files\NetBeans-20\netbeans\java\update_tracking\org-netbeans-modules-gradle-persistence.xml
[2024-01-15 15:51:29.542]:         extracting C:\Program Files\NetBeans-20\netbeans\java\update_tracking\org-netbeans-modules-java-testrunner-ui.xml
[2024-01-15 15:51:29.542]:         extracting C:\Program Files\NetBeans-20\netbeans\java\modules\ext\spring-3.0\spring-instrument-3.2.18.RELEASE.jar
[2024-01-15 15:51:29.543]:         extracting C:\Program Files\NetBeans-20\netbeans\java\modules\ext\spring-3.0\spring-expression-3.2.18.RELEASE.jar
[2024-01-15 15:51:29.543]:         extracting C:\Program Files\NetBeans-20\netbeans\java\modules\org-netbeans-modules-projectimport-eclipse-core.jar
[2024-01-15 15:51:29.543]:         extracting C:\Program Files\NetBeans-20\netbeans\java\modules\org-netbeans-modules-spellchecker-bindings-java.jar
[2024-01-15 15:51:29.543]:         extracting C:\Program Files\NetBeans-20\netbeans\java\modules\org-netbeans-modules-projectimport-eclipse-j2se.jar
[2024-01-15 15:51:29.543]:         extracting C:\Program Files\NetBeans-20\netbeans\java\config\ModuleAutoDeps\org-netbeans-modules-java-project.xml
[2024-01-15 15:51:29.543]:         extracting C:\Program Files\NetBeans-20\netbeans\java\config\Modules\org-netbeans-modules-java-testrunner-ant.xml
[2024-01-15 15:51:29.543]:         extracting C:\Program Files\NetBeans-20\netbeans\java\config\Modules\org-netbeans-modules-java-source-queries.xml
[2024-01-15 15:51:29.543]:         extracting C:\Program Files\NetBeans-20\netbeans\java\config\Modules\org-netbeans-modules-j2ee-persistenceapi.xml
[2024-01-15 15:51:29.543]:         extracting C:\Program Files\NetBeans-20\netbeans\java\config\Modules\org-netbeans-modules-java-source-compat8.xml
[2024-01-15 15:51:29.543]:         extracting C:\Program Files\NetBeans-20\netbeans\java\config\Modules\org-netbeans-modules-j2ee-core-utilities.xml
[2024-01-15 15:51:29.543]:         extracting C:\Program Files\NetBeans-20\netbeans\profiler\lib\deployed\jdk16\solaris-i386\libprofilerinterface.so
[2024-01-15 15:51:29.543]:         extracting C:\Program Files\NetBeans-20\netbeans\profiler\lib\deployed\jdk15\solaris-i386\libprofilerinterface.so
[2024-01-15 15:51:29.543]:         extracting C:\Program Files\NetBeans-20\netbeans\profiler\update_tracking\org-netbeans-modules-maven-profiler.xml
[2024-01-15 15:51:29.543]:         extracting C:\Program Files\NetBeans-20\netbeans\profiler\modules\org-netbeans-modules-debugger-jpda-heapwalk.jar
[2024-01-15 15:51:29.543]:         extracting C:\Program Files\NetBeans-20\netbeans\profiler\config\Modules\org-netbeans-modules-profiler-attach.xml
[2024-01-15 15:51:29.543]:         extracting C:\Program Files\NetBeans-20\netbeans\profiler\config\Modules\org-netbeans-modules-profiler-nbimpl.xml
[2024-01-15 15:51:29.543]:         extracting C:\Program Files\NetBeans-20\netbeans\apisupport\modules\org-netbeans-modules-apisupport-installer.jar
[2024-01-15 15:51:29.557]:         extracting C:\Program Files\NetBeans-20\netbeans\ergonomics\config\Modules\org-netbeans-modules-maven-grammar.xml
[2024-01-15 15:51:29.557]:         extracting C:\Program Files\NetBeans-20\netbeans\ergonomics\config\Modules\org-netbeans-modules-j2ee-metadata.xml
[2024-01-15 15:51:29.558]:         extracting C:\Program Files\NetBeans-20\netbeans\ergonomics\config\Modules\org-netbeans-modules-j2ee-platform.xml
[2024-01-15 15:51:29.558]:         extracting C:\Program Files\NetBeans-20\netbeans\ergonomics\config\Modules\org-netbeans-modules-websvc-design.xml
[2024-01-15 15:51:29.559]:         extracting C:\Program Files\NetBeans-20\netbeans\ergonomics\config\Modules\org-netbeans-modules-java-examples.xml
[2024-01-15 15:51:29.559]:         extracting C:\Program Files\NetBeans-20\netbeans\ergonomics\config\Modules\org-netbeans-modules-j2ee-sun-ddui.xml
[2024-01-15 15:51:29.561]:         extracting C:\Program Files\NetBeans-20\netbeans\ergonomics\config\Modules\org-netbeans-modules-groovy-editor.xml
[2024-01-15 15:51:29.561]:         extracting C:\Program Files\NetBeans-20\netbeans\ergonomics\config\Modules\org-netbeans-modules-java-hints-ui.xml
[2024-01-15 15:51:29.562]:         extracting C:\Program Files\NetBeans-20\netbeans\ergonomics\config\Modules\org-netbeans-modules-languages-ini.xml
[2024-01-15 15:51:29.562]:         extracting C:\Program Files\NetBeans-20\netbeans\ergonomics\config\Modules\org-netbeans-modules-gradle-editor.xml
[2024-01-15 15:51:29.562]:         extracting C:\Program Files\NetBeans-20\netbeans\ergonomics\config\Modules\org-netbeans-modules-spring-webmvc.xml
[2024-01-15 15:51:29.562]:         extracting C:\Program Files\NetBeans-20\netbeans\ergonomics\config\Modules\org-netbeans-modules-java-freeform.xml
[2024-01-15 15:51:29.562]:         extracting C:\Program Files\NetBeans-20\netbeans\ergonomics\config\Modules\org-netbeans-modules-java-sourceui.xml
[2024-01-15 15:51:29.562]:         extracting C:\Program Files\NetBeans-20\netbeans\ergonomics\config\Modules\org-netbeans-modules-php-doctrine2.xml
[2024-01-15 15:51:29.562]:         extracting C:\Program Files\NetBeans-20\netbeans\ergonomics\config\Modules\org-netbeans-modules-payara-common.xml
[2024-01-15 15:51:29.562]:         extracting C:\Program Files\NetBeans-20\netbeans\ergonomics\config\Modules\org-netbeans-modules-kotlin-editor.xml
[2024-01-15 15:51:29.562]:         extracting C:\Program Files\NetBeans-20\netbeans\javafx\update_tracking\org-netbeans-modules-javafx2-platform.xml
[2024-01-15 15:51:29.562]:         extracting C:\Program Files\NetBeans-20\netbeans\java\update_tracking\org-netbeans-modules-maven-persistence.xml
[2024-01-15 15:51:29.562]:         extracting C:\Program Files\NetBeans-20\netbeans\java\update_tracking\org-netbeans-modules-maven-refactoring.xml
[2024-01-15 15:51:29.562]:         extracting C:\Program Files\NetBeans-20\netbeans\java\update_tracking\org-netbeans-modules-websvc-jaxws21api.xml
[2024-01-15 15:51:29.562]:         extracting C:\Program Files\NetBeans-20\netbeans\java\update_tracking\org-netbeans-modules-java-module-graph.xml
[2024-01-15 15:51:29.562]:         extracting C:\Program Files\NetBeans-20\netbeans\java\update_tracking\org-netbeans-modules-libs-corba-omgapi.xml
[2024-01-15 15:51:29.562]:         extracting C:\Program Files\NetBeans-20\netbeans\java\update_tracking\org-netbeans-modules-java-j2seprofiles.xml
[2024-01-15 15:51:29.562]:         extracting C:\Program Files\NetBeans-20\netbeans\java\update_tracking\org-netbeans-modules-debugger-jpda-kit.xml
[2024-01-15 15:51:29.562]:         extracting C:\Program Files\NetBeans-20\netbeans\java\update_tracking\org-netbeans-modules-nashorn-execution.xml
[2024-01-15 15:51:29.562]:         extracting C:\Program Files\NetBeans-20\netbeans\java\update_tracking\org-netbeans-modules-java-j2seembedded.xml
[2024-01-15 15:51:29.562]:         extracting C:\Program Files\NetBeans-20\netbeans\java\update_tracking\org-netbeans-modules-debugger-jpda-ant.xml
[2024-01-15 15:51:29.562]:         extracting C:\Program Files\NetBeans-20\netbeans\java\update_tracking\org-netbeans-modules-java-j2seplatform.xml
[2024-01-15 15:51:29.577]:         extracting C:\Program Files\NetBeans-20\netbeans\java\sources\org\netbeans\lib\awtextra\AbsoluteConstraints.java
[2024-01-15 15:51:29.577]:         extracting C:\Program Files\NetBeans-20\netbeans\java\modules\org-netbeans-modules-java-nativeimage-debugger.jar
[2024-01-15 15:51:29.577]:         extracting C:\Program Files\NetBeans-20\netbeans\java\modules\org-netbeans-modules-debugger-jpda-trufflenode.jar
[2024-01-15 15:51:29.577]:         extracting C:\Program Files\NetBeans-20\netbeans\java\config\ModuleAutoDeps\org-netbeans-modules-java-source.xml
[2024-01-15 15:51:29.577]:         extracting C:\Program Files\NetBeans-20\netbeans\java\config\ModuleAutoDeps\org-netbeans-modules-java-editor.xml
[2024-01-15 15:51:29.577]:         extracting C:\Program Files\NetBeans-20\netbeans\java\config\Modules\org-netbeans-modules-debugger-jpda-jsui.xml
[2024-01-15 15:51:29.577]:         extracting C:\Program Files\NetBeans-20\netbeans\java\config\Modules\org-netbeans-modules-gradle-persistence.xml
[2024-01-15 15:51:29.577]:         extracting C:\Program Files\NetBeans-20\netbeans\java\config\Modules\org-netbeans-modules-java-testrunner-ui.xml
[2024-01-15 15:51:29.577]:         extracting C:\Program Files\NetBeans-20\netbeans\profiler\lib\deployed\jdk16\linux-amd64\libprofilerinterface.so
[2024-01-15 15:51:29.577]:         extracting C:\Program Files\NetBeans-20\netbeans\profiler\lib\deployed\jdk16\windows-amd64\profilerinterface.dll
[2024-01-15 15:51:29.577]:         extracting C:\Program Files\NetBeans-20\netbeans\profiler\lib\deployed\jdk16\windows-amd64\profilerinterface.map
[2024-01-15 15:51:29.577]:         extracting C:\Program Files\NetBeans-20\netbeans\profiler\lib\deployed\jdk15\linux-amd64\libprofilerinterface.so
[2024-01-15 15:51:29.577]:         extracting C:\Program Files\NetBeans-20\netbeans\profiler\lib\deployed\jdk15\windows-amd64\profilerinterface.dll
[2024-01-15 15:51:29.577]:         extracting C:\Program Files\NetBeans-20\netbeans\profiler\lib\deployed\jdk15\windows-amd64\profilerinterface.map
[2024-01-15 15:51:29.577]:         extracting C:\Program Files\NetBeans-20\netbeans\profiler\update_tracking\org-netbeans-modules-profiler-j2se.xml
[2024-01-15 15:51:29.577]:         extracting C:\Program Files\NetBeans-20\netbeans\profiler\modules\org-netbeans-modules-profiler-oql-language.jar
[2024-01-15 15:51:29.593]:         extracting C:\Program Files\NetBeans-20\netbeans\profiler\config\Modules\org-netbeans-modules-maven-profiler.xml
[2024-01-15 15:51:29.593]:         extracting C:\Program Files\NetBeans-20\netbeans\ergonomics\config\Modules\org-netbeans-modules-html-angular.xml
[2024-01-15 15:51:29.593]:         extracting C:\Program Files\NetBeans-20\netbeans\ergonomics\config\Modules\org-netbeans-modules-options-java.xml
[2024-01-15 15:51:29.593]:         extracting C:\Program Files\NetBeans-20\netbeans\ergonomics\config\Modules\org-netbeans-modules-payara-micro.xml
[2024-01-15 15:51:29.593]:         extracting C:\Program Files\NetBeans-20\netbeans\ergonomics\config\Modules\org-netbeans-modules-maven-groovy.xml
[2024-01-15 15:51:29.593]:         extracting C:\Program Files\NetBeans-20\netbeans\ergonomics\config\Modules\org-netbeans-modules-php-composer.xml
[2024-01-15 15:51:29.593]:         extracting C:\Program Files\NetBeans-20\netbeans\ergonomics\config\Modules\org-netbeans-modules-gradle-dists.xml
[2024-01-15 15:51:29.593]:         extracting C:\Program Files\NetBeans-20\netbeans\ergonomics\config\Modules\org-netbeans-modules-ant-freeform.xml
[2024-01-15 15:51:29.593]:         extracting C:\Program Files\NetBeans-20\netbeans\ergonomics\config\Modules\org-netbeans-modules-ant-debugger.xml
[2024-01-15 15:51:29.593]:         extracting C:\Program Files\NetBeans-20\netbeans\ergonomics\config\Modules\org-netbeans-modules-spring-beans.xml
[2024-01-15 15:51:29.593]:         extracting C:\Program Files\NetBeans-20\netbeans\ergonomics\config\Modules\org-netbeans-modules-php-symfony2.xml
[2024-01-15 15:51:29.593]:         extracting C:\Program Files\NetBeans-20\netbeans\ergonomics\config\Modules\org-netbeans-modules-groovy-debug.xml
[2024-01-15 15:51:29.593]:         extracting C:\Program Files\NetBeans-20\netbeans\ergonomics\config\Modules\org-netbeans-modules-web-freeform.xml
[2024-01-15 15:51:29.593]:         extracting C:\Program Files\NetBeans-20\netbeans\ergonomics\config\Modules\org-netbeans-modules-j2ee-ejbcore.xml
[2024-01-15 15:51:29.593]:         extracting C:\Program Files\NetBeans-20\netbeans\ergonomics\config\Modules\org-netbeans-modules-profiler-kit.xml
[2024-01-15 15:51:29.593]:         extracting C:\Program Files\NetBeans-20\netbeans\ergonomics\config\Modules\org-netbeans-modules-cloud-amazon.xml
[2024-01-15 15:51:29.593]:         extracting C:\Program Files\NetBeans-20\netbeans\ergonomics\config\Modules\org-netbeans-modules-cloud-common.xml
[2024-01-15 15:51:29.593]:         extracting C:\Program Files\NetBeans-20\netbeans\ergonomics\config\Modules\org-netbeans-modules-javawebstart.xml
[2024-01-15 15:51:29.593]:         extracting C:\Program Files\NetBeans-20\netbeans\ergonomics\config\Modules\org-netbeans-modules-cloud-oracle.xml
[2024-01-15 15:51:29.593]:         extracting C:\Program Files\NetBeans-20\netbeans\javafx\update_tracking\org-netbeans-modules-javafx2-project.xml
[2024-01-15 15:51:29.593]:         extracting C:\Program Files\NetBeans-20\netbeans\javafx\update_tracking\org-netbeans-modules-javafx2-samples.xml
[2024-01-15 15:51:29.593]:         extracting C:\Program Files\NetBeans-20\netbeans\javafx\config\Modules\org-netbeans-modules-javafx2-platform.xml
[2024-01-15 15:51:29.593]:         extracting C:\Program Files\NetBeans-20\netbeans\java\update_tracking\org-netbeans-modules-j2ee-persistence.xml
[2024-01-15 15:51:29.593]:         extracting C:\Program Files\NetBeans-20\netbeans\java\update_tracking\org-netbeans-modules-java-source-base.xml
[2024-01-15 15:51:29.593]:         extracting C:\Program Files\NetBeans-20\netbeans\java\update_tracking\org-netbeans-modules-refactoring-java.xml
[2024-01-15 15:51:29.593]:         extracting C:\Program Files\NetBeans-20\netbeans\java\update_tracking\org-netbeans-modules-j2ee-eclipselink.xml
[2024-01-15 15:51:29.593]:         extracting C:\Program Files\NetBeans-20\netbeans\java\update_tracking\org-netbeans-modules-maven-checkstyle.xml
[2024-01-15 15:51:29.593]:         extracting C:\Program Files\NetBeans-20\netbeans\java\update_tracking\org-netbeans-modules-maven-indexer-ui.xml
[2024-01-15 15:51:29.608]:         extracting C:\Program Files\NetBeans-20\netbeans\java\update_tracking\org-netbeans-modules-debugger-jpda-ui.xml
[2024-01-15 15:51:29.608]:         extracting C:\Program Files\NetBeans-20\netbeans\java\update_tracking\org-netbeans-modules-java-editor-base.xml
[2024-01-15 15:51:29.608]:         extracting C:\Program Files\NetBeans-20\netbeans\java\update_tracking\org-netbeans-modules-debugger-jpda-js.xml
[2024-01-15 15:51:29.608]:         extracting C:\Program Files\NetBeans-20\netbeans\java\update_tracking\org-netbeans-modules-maven-repository.xml
[2024-01-15 15:51:29.608]:         extracting C:\Program Files\NetBeans-20\netbeans\java\update_tracking\org-netbeans-modules-form-refactoring.xml
[2024-01-15 15:51:29.608]:         extracting C:\Program Files\NetBeans-20\netbeans\java\update_tracking\org-netbeans-modules-javaee-injection.xml
[2024-01-15 15:51:29.608]:         extracting C:\Program Files\NetBeans-20\netbeans\java\update_tracking\org-netbeans-modules-java-platform-ui.xml
[2024-01-15 15:51:29.608]:         extracting C:\Program Files\NetBeans-20\netbeans\java\update_tracking\org-netbeans-modules-java-j2seproject.xml
[2024-01-15 15:51:29.608]:         extracting C:\Program Files\NetBeans-20\netbeans\java\modules\org-netbeans-modules-websvc-saas-codegen-java.jar
[2024-01-15 15:51:29.608]:         extracting C:\Program Files\NetBeans-20\netbeans\java\modules\org-netbeans-modules-j2ee-eclipselinkmodelgen.jar
[2024-01-15 15:51:29.608]:         extracting C:\Program Files\NetBeans-20\netbeans\java\modules\ext\spring-4\spring-instrument-4.3.29.RELEASE.jar
[2024-01-15 15:51:29.608]:         extracting C:\Program Files\NetBeans-20\netbeans\java\modules\ext\spring-4\spring-expression-4.3.29.RELEASE.jar
[2024-01-15 15:51:29.608]:         extracting C:\Program Files\NetBeans-20\netbeans\java\modules\org-netbeans-modules-debugger-jpda-projectsui.jar
[2024-01-15 15:51:29.608]:         extracting C:\Program Files\NetBeans-20\netbeans\java\config\Modules\org-netbeans-modules-maven-persistence.xml
[2024-01-15 15:51:29.608]:         extracting C:\Program Files\NetBeans-20\netbeans\java\config\Modules\org-netbeans-modules-maven-refactoring.xml
[2024-01-15 15:51:29.608]:         extracting C:\Program Files\NetBeans-20\netbeans\java\config\Modules\org-netbeans-modules-websvc-jaxws21api.xml
[2024-01-15 15:51:29.608]:         extracting C:\Program Files\NetBeans-20\netbeans\java\config\Modules\org-netbeans-modules-java-module-graph.xml
[2024-01-15 15:51:29.608]:         extracting C:\Program Files\NetBeans-20\netbeans\java\config\Modules\org-netbeans-modules-libs-corba-omgapi.xml
[2024-01-15 15:51:29.608]:         extracting C:\Program Files\NetBeans-20\netbeans\java\config\Modules\org-netbeans-modules-java-j2seprofiles.xml
[2024-01-15 15:51:29.608]:         extracting C:\Program Files\NetBeans-20\netbeans\java\config\Modules\org-netbeans-modules-debugger-jpda-kit.xml
[2024-01-15 15:51:29.624]:         extracting C:\Program Files\NetBeans-20\netbeans\java\config\Modules\org-netbeans-modules-nashorn-execution.xml
[2024-01-15 15:51:29.624]:         extracting C:\Program Files\NetBeans-20\netbeans\java\config\Modules\org-netbeans-modules-java-j2seembedded.xml
[2024-01-15 15:51:29.624]:         extracting C:\Program Files\NetBeans-20\netbeans\java\config\Modules\org-netbeans-modules-debugger-jpda-ant.xml
[2024-01-15 15:51:29.624]:         extracting C:\Program Files\NetBeans-20\netbeans\java\config\Modules\org-netbeans-modules-java-j2seplatform.xml
[2024-01-15 15:51:29.624]:         extracting C:\Program Files\NetBeans-20\netbeans\profiler\update_tracking\org-netbeans-modules-profiler-api.xml
[2024-01-15 15:51:29.624]:         extracting C:\Program Files\NetBeans-20\netbeans\profiler\update_tracking\org-netbeans-modules-profiler-oql.xml
[2024-01-15 15:51:29.624]:         extracting C:\Program Files\NetBeans-20\netbeans\profiler\update_tracking\org-netbeans-modules-profiler-kit.xml
[2024-01-15 15:51:29.624]:         extracting C:\Program Files\NetBeans-20\netbeans\profiler\config\Modules\org-netbeans-modules-profiler-j2se.xml
[2024-01-15 15:51:29.624]:         extracting C:\Program Files\NetBeans-20\netbeans\apisupport\modules\org-netbeans-modules-apisupport-wizards.jar
[2024-01-15 15:51:29.624]:         extracting C:\Program Files\NetBeans-20\netbeans\apisupport\modules\org-netbeans-modules-apisupport-project.jar
[2024-01-15 15:51:29.624]:         extracting C:\Program Files\NetBeans-20\netbeans\ergonomics\config\Modules\org-netbeans-modules-web-project.xml
[2024-01-15 15:51:29.624]:         extracting C:\Program Files\NetBeans-20\netbeans\ergonomics\config\Modules\org-netbeans-modules-libs-gradle.xml
[2024-01-15 15:51:29.624]:         extracting C:\Program Files\NetBeans-20\netbeans\ergonomics\config\Modules\org-netbeans-modules-java-source.xml
[2024-01-15 15:51:29.624]:         extracting C:\Program Files\NetBeans-20\netbeans\ergonomics\config\Modules\org-netbeans-modules-web-inspect.xml
[2024-01-15 15:51:29.624]:         extracting C:\Program Files\NetBeans-20\netbeans\ergonomics\config\Modules\org-netbeans-modules-web-jsf12ri.xml
[2024-01-15 15:51:29.624]:         extracting C:\Program Files\NetBeans-20\netbeans\ergonomics\config\Modules\org-netbeans-modules-cpplite-kit.xml
[2024-01-15 15:51:29.624]:         extracting C:\Program Files\NetBeans-20\netbeans\ergonomics\config\Modules\org-netbeans-modules-php-phpunit.xml
[2024-01-15 15:51:29.640]:         extracting C:\Program Files\NetBeans-20\netbeans\ergonomics\config\Modules\org-netbeans-modules-java-editor.xml
[2024-01-15 15:51:29.640]:         extracting C:\Program Files\NetBeans-20\netbeans\ergonomics\config\Modules\org-netbeans-modules-web-monitor.xml
[2024-01-15 15:51:29.640]:         extracting C:\Program Files\NetBeans-20\netbeans\ergonomics\config\Modules\org-netbeans-modules-javaee8-api.xml
[2024-01-15 15:51:29.640]:         extracting C:\Program Files\NetBeans-20\netbeans\ergonomics\config\Modules\org-netbeans-modules-websvc-owsm.xml
[2024-01-15 15:51:29.640]:         extracting C:\Program Files\NetBeans-20\netbeans\ergonomics\config\Modules\org-netbeans-modules-maven-graph.xml
[2024-01-15 15:51:29.640]:         extracting C:\Program Files\NetBeans-20\netbeans\ergonomics\config\Modules\org-netbeans-modules-php-samples.xml
[2024-01-15 15:51:29.640]:         extracting C:\Program Files\NetBeans-20\netbeans\ergonomics\config\Modules\org-netbeans-modules-j2ee-common.xml
[2024-01-15 15:51:29.640]:         extracting C:\Program Files\NetBeans-20\netbeans\ergonomics\config\Modules\org-netbeans-modules-javafx2-kit.xml
[2024-01-15 15:51:29.640]:         extracting C:\Program Files\NetBeans-20\netbeans\ergonomics\config\Modules\org-netbeans-modules-web-jsf-kit.xml
[2024-01-15 15:51:29.640]:         extracting C:\Program Files\NetBeans-20\netbeans\ergonomics\config\Modules\org-netbeans-modules-websvc-core.xml
[2024-01-15 15:51:29.640]:         extracting C:\Program Files\NetBeans-20\netbeans\ergonomics\config\Modules\org-netbeans-modules-php-symfony.xml
[2024-01-15 15:51:29.640]:         extracting C:\Program Files\NetBeans-20\netbeans\ergonomics\config\Modules\org-netbeans-modules-javaee7-api.xml
[2024-01-15 15:51:29.640]:         extracting C:\Program Files\NetBeans-20\netbeans\ergonomics\config\Modules\org-netbeans-modules-php-project.xml
[2024-01-15 15:51:29.640]:         extracting C:\Program Files\NetBeans-20\netbeans\javafx\update_tracking\org-netbeans-modules-javafx2-editor.xml
[2024-01-15 15:51:29.640]:         extracting C:\Program Files\NetBeans-20\netbeans\javafx\config\Modules\org-netbeans-modules-javafx2-project.xml
[2024-01-15 15:51:29.640]:         extracting C:\Program Files\NetBeans-20\netbeans\javafx\config\Modules\org-netbeans-modules-javafx2-samples.xml
[2024-01-15 15:51:29.640]:         extracting C:\Program Files\NetBeans-20\netbeans\java\ant\extra\org-netbeans-modules-javawebstart-anttasks.jar
[2024-01-15 15:51:29.640]:         extracting C:\Program Files\NetBeans-20\netbeans\java\update_tracking\org-netbeans-modules-java-editor-lib.xml
[2024-01-15 15:51:29.640]:         extracting C:\Program Files\NetBeans-20\netbeans\java\update_tracking\org-netbeans-modules-java-testrunner.xml
[2024-01-15 15:51:29.640]:         extracting C:\Program Files\NetBeans-20\netbeans\java\update_tracking\org-netbeans-modules-java-completion.xml
[2024-01-15 15:51:29.640]:         extracting C:\Program Files\NetBeans-20\netbeans\java\update_tracking\org-netbeans-modules-java-lsp-server.xml
[2024-01-15 15:51:29.640]:         extracting C:\Program Files\NetBeans-20\netbeans\java\update_tracking\org-netbeans-modules-java-source-ant.xml
[2024-01-15 15:51:29.640]:         extracting C:\Program Files\NetBeans-20\netbeans\java\update_tracking\org-netbeans-modules-languages-antlr.xml
[2024-01-15 15:51:29.640]:         extracting C:\Program Files\NetBeans-20\netbeans\java\update_tracking\org-netbeans-modules-java-mx-project.xml
[2024-01-15 15:51:29.640]:         extracting C:\Program Files\NetBeans-20\netbeans\java\update_tracking\org-netbeans-modules-java-hints-test.xml
[2024-01-15 15:51:29.640]:         extracting C:\Program Files\NetBeans-20\netbeans\java\update_tracking\org-netbeans-modules-java-api-common.xml
[2024-01-15 15:51:29.640]:         extracting C:\Program Files\NetBeans-20\netbeans\java\update_tracking\org-netbeans-modules-jellytools-java.xml
[2024-01-15 15:51:29.640]:         extracting C:\Program Files\NetBeans-20\netbeans\java\update_tracking\org-netbeans-modules-selenium2-maven.xml
[2024-01-15 15:51:29.655]:         extracting C:\Program Files\NetBeans-20\netbeans\java\update_tracking\org-netbeans-modules-java-project-ui.xml
[2024-01-15 15:51:29.655]:         extracting C:\Program Files\NetBeans-20\netbeans\java\update_tracking\org-netbeans-modules-java-j2semodule.xml
[2024-01-15 15:51:29.655]:         extracting C:\Program Files\NetBeans-20\netbeans\java\update_tracking\org-netbeans-modules-java-navigation.xml
[2024-01-15 15:51:29.655]:         extracting C:\Program Files\NetBeans-20\netbeans\java\update_tracking\org-netbeans-modules-java-j2sedeploy.xml
[2024-01-15 15:51:29.655]:         extracting C:\Program Files\NetBeans-20\netbeans\java\modules\org-netbeans-modules-java-source-queriesimpl.jar
[2024-01-15 15:51:29.655]:         extracting C:\Program Files\NetBeans-20\netbeans\java\modules\ext\spring-5\spring-expression-5.2.9.RELEASE.jar
[2024-01-15 15:51:29.655]:         extracting C:\Program Files\NetBeans-20\netbeans\java\modules\ext\spring-5\spring-instrument-5.2.9.RELEASE.jar
[2024-01-15 15:51:29.655]:         extracting C:\Program Files\NetBeans-20\netbeans\java\modules\ext\spring-3.0\spring-context-3.2.18.RELEASE.jar
[2024-01-15 15:51:29.655]:         extracting C:\Program Files\NetBeans-20\netbeans\java\modules\ext\spring-3.0\spring-aspects-3.2.18.RELEASE.jar
[2024-01-15 15:51:29.655]:         extracting C:\Program Files\NetBeans-20\netbeans\java\modules\ext\spring-4\spring-websocket-4.3.29.RELEASE.jar
[2024-01-15 15:51:29.655]:         extracting C:\Program Files\NetBeans-20\netbeans\java\modules\ext\spring-4\spring-messaging-4.3.29.RELEASE.jar
[2024-01-15 15:51:29.671]:         extracting C:\Program Files\NetBeans-20\netbeans\java\modules\org-netbeans-modules-java-preprocessorbridge.jar
[2024-01-15 15:51:29.671]:         extracting C:\Program Files\NetBeans-20\netbeans\java\config\ModuleAutoDeps\org-netbeans-api-debugger-jpda.xml
[2024-01-15 15:51:29.671]:         extracting C:\Program Files\NetBeans-20\netbeans\java\config\Modules\org-netbeans-modules-j2ee-persistence.xml
[2024-01-15 15:51:29.671]:         extracting C:\Program Files\NetBeans-20\netbeans\java\config\Modules\org-netbeans-modules-java-source-base.xml
[2024-01-15 15:51:29.671]:         extracting C:\Program Files\NetBeans-20\netbeans\java\config\Modules\org-netbeans-modules-refactoring-java.xml
[2024-01-15 15:51:29.671]:         extracting C:\Program Files\NetBeans-20\netbeans\java\config\Modules\org-netbeans-modules-j2ee-eclipselink.xml
[2024-01-15 15:51:29.671]:         extracting C:\Program Files\NetBeans-20\netbeans\java\config\Modules\org-netbeans-modules-maven-checkstyle.xml
[2024-01-15 15:51:29.671]:         extracting C:\Program Files\NetBeans-20\netbeans\java\config\Modules\org-netbeans-modules-maven-indexer-ui.xml
[2024-01-15 15:51:29.671]:         extracting C:\Program Files\NetBeans-20\netbeans\java\config\Modules\org-netbeans-modules-debugger-jpda-ui.xml
[2024-01-15 15:51:29.671]:         extracting C:\Program Files\NetBeans-20\netbeans\java\config\Modules\org-netbeans-modules-java-editor-base.xml
[2024-01-15 15:51:29.671]:         extracting C:\Program Files\NetBeans-20\netbeans\java\config\Modules\org-netbeans-modules-debugger-jpda-js.xml
[2024-01-15 15:51:29.671]:         extracting C:\Program Files\NetBeans-20\netbeans\java\config\Modules\org-netbeans-modules-maven-repository.xml
[2024-01-15 15:51:29.671]:         extracting C:\Program Files\NetBeans-20\netbeans\java\config\Modules\org-netbeans-modules-form-refactoring.xml
[2024-01-15 15:51:29.671]:         extracting C:\Program Files\NetBeans-20\netbeans\java\config\Modules\org-netbeans-modules-javaee-injection.xml
[2024-01-15 15:51:29.671]:         extracting C:\Program Files\NetBeans-20\netbeans\java\config\Modules\org-netbeans-modules-java-platform-ui.xml
[2024-01-15 15:51:29.671]:         extracting C:\Program Files\NetBeans-20\netbeans\java\config\Modules\org-netbeans-modules-java-j2seproject.xml
[2024-01-15 15:51:29.671]:         extracting C:\Program Files\NetBeans-20\netbeans\profiler\lib\deployed\jdk16\linux-arm\libprofilerinterface.so
[2024-01-15 15:51:29.671]:         extracting C:\Program Files\NetBeans-20\netbeans\profiler\update_tracking\org-netbeans-lib-profiler-charts.xml
[2024-01-15 15:51:29.671]:         extracting C:\Program Files\NetBeans-20\netbeans\profiler\update_tracking\org-netbeans-lib-profiler-common.xml
[2024-01-15 15:51:29.671]:         extracting C:\Program Files\NetBeans-20\netbeans\profiler\modules\org-netbeans-modules-profiler-snaptracer.jar
[2024-01-15 15:51:29.687]:         extracting C:\Program Files\NetBeans-20\netbeans\profiler\modules\org-netbeans-modules-profiler-heapwalker.jar
[2024-01-15 15:51:29.687]:         extracting C:\Program Files\NetBeans-20\netbeans\profiler\config\Modules\org-netbeans-modules-profiler-api.xml
[2024-01-15 15:51:29.687]:         extracting C:\Program Files\NetBeans-20\netbeans\profiler\config\Modules\org-netbeans-modules-profiler-oql.xml
[2024-01-15 15:51:29.687]:         extracting C:\Program Files\NetBeans-20\netbeans\profiler\config\Modules\org-netbeans-modules-profiler-kit.xml
[2024-01-15 15:51:29.687]:         extracting C:\Program Files\NetBeans-20\netbeans\ergonomics\config\Modules\org-netbeans-modules-javaee-api.xml
[2024-01-15 15:51:29.687]:         extracting C:\Program Files\NetBeans-20\netbeans\ergonomics\config\Modules\org-netbeans-modules-web-jsfapi.xml
[2024-01-15 15:51:29.687]:         extracting C:\Program Files\NetBeans-20\netbeans\ergonomics\config\Modules\org-netbeans-modules-websvc-kit.xml
[2024-01-15 15:51:29.687]:         extracting C:\Program Files\NetBeans-20\netbeans\ergonomics\config\Modules\org-netbeans-modules-php-editor.xml
[2024-01-15 15:51:29.687]:         extracting C:\Program Files\NetBeans-20\netbeans\ergonomics\config\Modules\org-netbeans-modules-groovy-gsp.xml
[2024-01-15 15:51:29.687]:         extracting C:\Program Files\NetBeans-20\netbeans\ergonomics\config\Modules\org-netbeans-modules-web-struts.xml
[2024-01-15 15:51:29.687]:         extracting C:\Program Files\NetBeans-20\netbeans\ergonomics\config\Modules\org-netbeans-modules-gradle-kit.xml
[2024-01-15 15:51:29.687]:         extracting C:\Program Files\NetBeans-20\netbeans\ergonomics\config\Modules\org-netbeans-modules-php-smarty.xml
[2024-01-15 15:51:29.687]:         extracting C:\Program Files\NetBeans-20\netbeans\ergonomics\config\Modules\org-netbeans-modules-java-debug.xml
[2024-01-15 15:51:29.687]:         extracting C:\Program Files\NetBeans-20\netbeans\ergonomics\config\Modules\org-netbeans-modules-java-hints.xml
[2024-01-15 15:51:29.687]:         extracting C:\Program Files\NetBeans-20\netbeans\ergonomics\config\Modules\org-netbeans-modules-php-apigen.xml
[2024-01-15 15:51:29.702]:         extracting C:\Program Files\NetBeans-20\netbeans\ergonomics\config\Modules\org-netbeans-modules-maven-osgi.xml
[2024-01-15 15:51:29.702]:         extracting C:\Program Files\NetBeans-20\netbeans\ergonomics\config\Modules\org-netbeans-modules-php-nette2.xml
[2024-01-15 15:51:29.702]:         extracting C:\Program Files\NetBeans-20\netbeans\ergonomics\config\Modules\org-netbeans-modules-groovy-kit.xml
[2024-01-15 15:51:29.702]:         extracting C:\Program Files\NetBeans-20\netbeans\ergonomics\config\Modules\org-netbeans-modules-php-phpdoc.xml
[2024-01-15 15:51:29.702]:         extracting C:\Program Files\NetBeans-20\netbeans\ergonomics\config\Modules\org-netbeans-modules-java-graph.xml
[2024-01-15 15:51:29.702]:         extracting C:\Program Files\NetBeans-20\netbeans\javafx\config\Modules\org-netbeans-modules-javafx2-editor.xml
[2024-01-15 15:51:29.702]:         extracting C:\Program Files\NetBeans-20\netbeans\java\update_tracking\org-netbeans-modules-selenium2-java.xml
[2024-01-15 15:51:29.702]:         extracting C:\Program Files\NetBeans-20\netbeans\java\update_tracking\org-netbeans-modules-maven-embedder.xml
[2024-01-15 15:51:29.702]:         extracting C:\Program Files\NetBeans-20\netbeans\java\update_tracking\org-netbeans-modules-ant-browsetask.xml
[2024-01-15 15:51:29.702]:         extracting C:\Program Files\NetBeans-20\netbeans\java\update_tracking\org-netbeans-modules-websvc-jaxws21.xml
[2024-01-15 15:51:29.702]:         extracting C:\Program Files\NetBeans-20\netbeans\java\update_tracking\org-netbeans-modules-ko4j-debugging.xml
[2024-01-15 15:51:29.702]:         extracting C:\Program Files\NetBeans-20\netbeans\java\update_tracking\org-netbeans-modules-xml-tools-java.xml
[2024-01-15 15:51:29.702]:         extracting C:\Program Files\NetBeans-20\netbeans\java\update_tracking\org-netbeans-modules-jshell-support.xml
[2024-01-15 15:51:29.702]:         extracting C:\Program Files\NetBeans-20\netbeans\java\update_tracking\org-netbeans-modules-maven-junit-ui.xml
[2024-01-15 15:51:29.702]:         extracting C:\Program Files\NetBeans-20\netbeans\java\update_tracking\org-netbeans-modules-maven-coverage.xml
[2024-01-15 15:51:29.702]:         extracting C:\Program Files\NetBeans-20\netbeans\java\modules\org-netbeans-modules-debugger-jpda-projects.jar
[2024-01-15 15:51:29.702]:         extracting C:\Program Files\NetBeans-20\netbeans\java\modules\ext\spring-5\spring-websocket-5.2.9.RELEASE.jar
[2024-01-15 15:51:29.702]:         extracting C:\Program Files\NetBeans-20\netbeans\java\modules\ext\spring-5\spring-messaging-5.2.9.RELEASE.jar
[2024-01-15 15:51:29.718]:         extracting C:\Program Files\NetBeans-20\netbeans\java\modules\ext\spring-3.0\spring-webmvc-3.2.18.RELEASE.jar
[2024-01-15 15:51:29.718]:         extracting C:\Program Files\NetBeans-20\netbeans\java\modules\ext\spring-3.0\spring-struts-3.2.18.RELEASE.jar
[2024-01-15 15:51:29.718]:         extracting C:\Program Files\NetBeans-20\netbeans\java\modules\org-netbeans-modules-java-hints-declarative.jar
[2024-01-15 15:51:29.718]:         extracting C:\Program Files\NetBeans-20\netbeans\java\config\Modules\org-netbeans-modules-java-editor-lib.xml
[2024-01-15 15:51:29.718]:         extracting C:\Program Files\NetBeans-20\netbeans\java\config\Modules\org-netbeans-modules-java-testrunner.xml
[2024-01-15 15:51:29.718]:         extracting C:\Program Files\NetBeans-20\netbeans\java\config\Modules\org-netbeans-modules-java-completion.xml
[2024-01-15 15:51:29.718]:         extracting C:\Program Files\NetBeans-20\netbeans\java\config\Modules\org-netbeans-modules-java-lsp-server.xml
[2024-01-15 15:51:29.718]:         extracting C:\Program Files\NetBeans-20\netbeans\java\config\Modules\org-netbeans-modules-java-source-ant.xml
[2024-01-15 15:51:29.718]:         extracting C:\Program Files\NetBeans-20\netbeans\java\config\Modules\org-netbeans-modules-languages-antlr.xml
[2024-01-15 15:51:29.718]:         extracting C:\Program Files\NetBeans-20\netbeans\java\config\Modules\org-netbeans-modules-java-mx-project.xml
[2024-01-15 15:51:29.718]:         extracting C:\Program Files\NetBeans-20\netbeans\java\config\Modules\org-netbeans-modules-java-hints-test.xml
[2024-01-15 15:51:29.718]:         extracting C:\Program Files\NetBeans-20\netbeans\java\config\Modules\org-netbeans-modules-java-api-common.xml
[2024-01-15 15:51:29.718]:         extracting C:\Program Files\NetBeans-20\netbeans\java\config\Modules\org-netbeans-modules-jellytools-java.xml
[2024-01-15 15:51:29.718]:         extracting C:\Program Files\NetBeans-20\netbeans\java\config\Modules\org-netbeans-modules-selenium2-maven.xml
[2024-01-15 15:51:29.718]:         extracting C:\Program Files\NetBeans-20\netbeans\java\config\Modules\org-netbeans-modules-java-project-ui.xml
[2024-01-15 15:51:29.718]:         extracting C:\Program Files\NetBeans-20\netbeans\java\config\Modules\org-netbeans-modules-java-j2semodule.xml
[2024-01-15 15:51:29.718]:         extracting C:\Program Files\NetBeans-20\netbeans\java\config\Modules\org-netbeans-modules-java-navigation.xml
[2024-01-15 15:51:29.718]:         extracting C:\Program Files\NetBeans-20\netbeans\java\config\Modules\org-netbeans-modules-java-j2sedeploy.xml
[2024-01-15 15:51:29.718]:         extracting C:\Program Files\NetBeans-20\netbeans\profiler\modules\org-netbeans-modules-profiler-utilities.jar
[2024-01-15 15:51:29.718]:         extracting C:\Program Files\NetBeans-20\netbeans\profiler\config\Modules\org-netbeans-lib-profiler-charts.xml
[2024-01-15 15:51:29.733]:         extracting C:\Program Files\NetBeans-20\netbeans\profiler\config\Modules\org-netbeans-lib-profiler-common.xml
[2024-01-15 15:51:29.733]:         extracting C:\Program Files\NetBeans-20\netbeans\apisupport\ant\nblib\org-netbeans-modules-apisupport-ant.jar
[2024-01-15 15:51:29.733]:         extracting C:\Program Files\NetBeans-20\netbeans\apisupport\modules\org-netbeans-modules-maven-apisupport.jar
[2024-01-15 15:51:29.733]:         extracting C:\Program Files\NetBeans-20\netbeans\ergonomics\config\Modules\org-netbeans-modules-web-beans.xml
[2024-01-15 15:51:29.733]:         extracting C:\Program Files\NetBeans-20\netbeans\ergonomics\config\Modules\org-netbeans-modules-web-debug.xml
[2024-01-15 15:51:29.733]:         extracting C:\Program Files\NetBeans-20\netbeans\ergonomics\config\Modules\org-netbeans-modules-php-phing.xml
[2024-01-15 15:51:29.733]:         extracting C:\Program Files\NetBeans-20\netbeans\ergonomics\config\Modules\org-netbeans-modules-websocket.xml
[2024-01-15 15:51:29.733]:         extracting C:\Program Files\NetBeans-20\netbeans\ergonomics\config\Modules\org-netbeans-modules-php-atoum.xml
[2024-01-15 15:51:29.733]:         extracting C:\Program Files\NetBeans-20\netbeans\ergonomics\config\Modules\org-netbeans-modules-micronaut.xml
[2024-01-15 15:51:29.733]:         extracting C:\Program Files\NetBeans-20\netbeans\ergonomics\config\Modules\org-netbeans-modules-php-latte.xml
[2024-01-15 15:51:29.733]:         extracting C:\Program Files\NetBeans-20\netbeans\ergonomics\config\Modules\org-netbeans-modules-maven-kit.xml
[2024-01-15 15:51:29.733]:         extracting C:\Program Files\NetBeans-20\netbeans\ergonomics\config\Modules\org-netbeans-modules-web-jsf20.xml
[2024-01-15 15:51:29.733]:         extracting C:\Program Files\NetBeans-20\netbeans\ergonomics\config\Modules\org-netbeans-modules-php-zend2.xml
[2024-01-15 15:51:29.733]:         extracting C:\Program Files\NetBeans-20\netbeans\ergonomics\config\Modules\org-netbeans-modules-web-jsf12.xml
[2024-01-15 15:51:29.733]:         extracting C:\Program Files\NetBeans-20\netbeans\javafx\update_tracking\org-netbeans-modules-maven-htmlui.xml
[2024-01-15 15:51:29.733]:         extracting C:\Program Files\NetBeans-20\netbeans\javafx\modules\org-netbeans-modules-javafx2-scenebuilder.jar
[2024-01-15 15:51:29.733]:         extracting C:\Program Files\NetBeans-20\netbeans\java\update_tracking\org-netbeans-modules-gradle-htmlui.xml
[2024-01-15 15:51:29.733]:         extracting C:\Program Files\NetBeans-20\netbeans\java\update_tracking\org-netbeans-modules-editor-htmlui.xml
[2024-01-15 15:51:29.733]:         extracting C:\Program Files\NetBeans-20\netbeans\java\update_tracking\org-netbeans-modules-maven-grammar.xml
[2024-01-15 15:51:29.733]:         extracting C:\Program Files\NetBeans-20\netbeans\java\update_tracking\org-netbeans-modules-java-platform.xml
[2024-01-15 15:51:29.733]:         extracting C:\Program Files\NetBeans-20\netbeans\java\update_tracking\org-netbeans-modules-j2ee-metadata.xml
[2024-01-15 15:51:29.733]:         extracting C:\Program Files\NetBeans-20\netbeans\java\update_tracking\org-netbeans-modules-debugger-jpda.xml
[2024-01-15 15:51:29.733]:         extracting C:\Program Files\NetBeans-20\netbeans\java\update_tracking\org-netbeans-modules-java-examples.xml
[2024-01-15 15:51:29.749]:         extracting C:\Program Files\NetBeans-20\netbeans\java\update_tracking\org-netbeans-modules-java-hints-ui.xml
[2024-01-15 15:51:29.749]:         extracting C:\Program Files\NetBeans-20\netbeans\java\update_tracking\org-netbeans-modules-java-freeform.xml
[2024-01-15 15:51:29.749]:         extracting C:\Program Files\NetBeans-20\netbeans\java\update_tracking\org-netbeans-modules-java-sourceui.xml
[2024-01-15 15:51:29.749]:         extracting C:\Program Files\NetBeans-20\netbeans\java\update_tracking\org-netbeans-modules-maven-indexer.xml
[2024-01-15 15:51:29.749]:         extracting C:\Program Files\NetBeans-20\netbeans\java\update_tracking\org-netbeans-modules-gradle-spring.xml
[2024-01-15 15:51:29.749]:         extracting C:\Program Files\NetBeans-20\netbeans\java\update_tracking\org-netbeans-modules-kotlin-editor.xml
[2024-01-15 15:51:29.749]:         extracting C:\Program Files\NetBeans-20\netbeans\java\modules\org-netbeans-modules-debugger-jpda-truffle.jar
[2024-01-15 15:51:29.749]:         extracting C:\Program Files\NetBeans-20\netbeans\java\modules\ext\org.eclipse.lsp4j.jsonrpc.debug-0.13.0.jar
[2024-01-15 15:51:29.749]:         extracting C:\Program Files\NetBeans-20\netbeans\java\modules\ext\spring-3.0\spring-beans-3.2.18.RELEASE.jar
[2024-01-15 15:51:29.749]:         extracting C:\Program Files\NetBeans-20\netbeans\java\modules\ext\spring-4\spring-aspects-4.3.29.RELEASE.jar
[2024-01-15 15:51:29.749]:         extracting C:\Program Files\NetBeans-20\netbeans\java\modules\ext\spring-4\spring-context-4.3.29.RELEASE.jar
[2024-01-15 15:51:29.765]:         extracting C:\Program Files\NetBeans-20\netbeans\java\modules\org-netbeans-modules-j2ee-jpa-verification.jar
[2024-01-15 15:51:29.765]:         extracting C:\Program Files\NetBeans-20\netbeans\java\modules\org-netbeans-modules-java-hints-legacy-spi.jar
[2024-01-15 15:51:29.765]:         extracting C:\Program Files\NetBeans-20\netbeans\java\config\Modules\org-netbeans-modules-selenium2-java.xml
[2024-01-15 15:51:29.765]:         extracting C:\Program Files\NetBeans-20\netbeans\java\config\Modules\org-netbeans-modules-maven-embedder.xml
[2024-01-15 15:51:29.765]:         extracting C:\Program Files\NetBeans-20\netbeans\java\config\Modules\org-netbeans-modules-ant-browsetask.xml
[2024-01-15 15:51:29.765]:         extracting C:\Program Files\NetBeans-20\netbeans\java\config\Modules\org-netbeans-modules-websvc-jaxws21.xml
[2024-01-15 15:51:29.765]:         extracting C:\Program Files\NetBeans-20\netbeans\java\config\Modules\org-netbeans-modules-ko4j-debugging.xml
[2024-01-15 15:51:29.765]:         extracting C:\Program Files\NetBeans-20\netbeans\java\config\Modules\org-netbeans-modules-xml-tools-java.xml
[2024-01-15 15:51:29.765]:         extracting C:\Program Files\NetBeans-20\netbeans\java\config\Modules\org-netbeans-modules-jshell-support.xml
[2024-01-15 15:51:29.765]:         extracting C:\Program Files\NetBeans-20\netbeans\java\config\Modules\org-netbeans-modules-maven-junit-ui.xml
[2024-01-15 15:51:29.765]:         extracting C:\Program Files\NetBeans-20\netbeans\java\config\Modules\org-netbeans-modules-maven-coverage.xml
[2024-01-15 15:51:29.765]:         extracting C:\Program Files\NetBeans-20\netbeans\profiler\lib\deployed\jdk16\mac\libprofilerinterface.jnilib
[2024-01-15 15:51:29.765]:         extracting C:\Program Files\NetBeans-20\netbeans\profiler\lib\deployed\jdk15\mac\libprofilerinterface.jnilib
[2024-01-15 15:51:29.765]:         extracting C:\Program Files\NetBeans-20\netbeans\profiler\ant\nblib\org-netbeans-modules-profiler-nbimpl.jar
[2024-01-15 15:51:29.765]:         extracting C:\Program Files\NetBeans-20\netbeans\profiler\modules\org-netbeans-modules-profiler-nbmodule.jar
[2024-01-15 15:51:29.765]:         extracting C:\Program Files\NetBeans-20\netbeans\profiler\modules\org-netbeans-modules-profiler-freeform.jar
[2024-01-15 15:51:29.780]:         extracting C:\Program Files\NetBeans-20\netbeans\ergonomics\config\Modules\org-netbeans-modules-web-core.xml
[2024-01-15 15:51:29.780]:         extracting C:\Program Files\NetBeans-20\netbeans\ergonomics\config\Modules\org-netbeans-modules-form-kit.xml
[2024-01-15 15:51:29.780]:         extracting C:\Program Files\NetBeans-20\netbeans\ergonomics\config\Modules\org-netbeans-modules-dbschema.xml
[2024-01-15 15:51:29.780]:         extracting C:\Program Files\NetBeans-20\netbeans\ergonomics\config\Modules\org-netbeans-modules-php-dbgp.xml
[2024-01-15 15:51:29.780]:         extracting C:\Program Files\NetBeans-20\netbeans\ergonomics\config\Modules\org-netbeans-modules-xml-jaxb.xml
[2024-01-15 15:51:29.780]:         extracting C:\Program Files\NetBeans-20\netbeans\ergonomics\config\Modules\org-netbeans-modules-j2ee-kit.xml
[2024-01-15 15:51:29.780]:         extracting C:\Program Files\NetBeans-20\netbeans\ergonomics\config\Modules\org-netbeans-modules-java-kit.xml
[2024-01-15 15:51:29.780]:         extracting C:\Program Files\NetBeans-20\netbeans\ergonomics\config\Modules\org-netbeans-modules-php-zend.xml
[2024-01-15 15:51:29.780]:         extracting C:\Program Files\NetBeans-20\netbeans\ergonomics\config\Modules\org-netbeans-modules-php-twig.xml
[2024-01-15 15:51:29.780]:         extracting C:\Program Files\NetBeans-20\netbeans\ergonomics\config\Modules\org-netbeans-modules-j2ee-ant.xml
[2024-01-15 15:51:29.780]:         extracting C:\Program Files\NetBeans-20\netbeans\javafx\update_tracking\org-netbeans-modules-javafx2-kit.xml
[2024-01-15 15:51:29.780]:         extracting C:\Program Files\NetBeans-20\netbeans\javafx\config\Modules\org-netbeans-modules-maven-htmlui.xml
[2024-01-15 15:51:29.780]:         extracting C:\Program Files\NetBeans-20\netbeans\java\update_tracking\org-netbeans-modules-junit-ant-ui.xml
[2024-01-15 15:51:29.780]:         extracting C:\Program Files\NetBeans-20\netbeans\java\update_tracking\org-netbeans-libs-springframework.xml
[2024-01-15 15:51:29.780]:         extracting C:\Program Files\NetBeans-20\netbeans\java\update_tracking\org-netbeans-modules-maven-search.xml
[2024-01-15 15:51:29.780]:         extracting C:\Program Files\NetBeans-20\netbeans\java\update_tracking\org-netbeans-modules-java-project.xml
[2024-01-15 15:51:29.780]:         extracting C:\Program Files\NetBeans-20\netbeans\java\update_tracking\org-netbeans-modules-ant-freeform.xml
[2024-01-15 15:51:29.780]:         extracting C:\Program Files\NetBeans-20\netbeans\java\update_tracking\org-netbeans-modules-ant-debugger.xml
[2024-01-15 15:51:29.780]:         extracting C:\Program Files\NetBeans-20\netbeans\java\update_tracking\org-netbeans-modules-hudson-maven.xml
[2024-01-15 15:51:29.780]:         extracting C:\Program Files\NetBeans-20\netbeans\java\update_tracking\org-netbeans-modules-spring-beans.xml
[2024-01-15 15:51:29.780]:         extracting C:\Program Files\NetBeans-20\netbeans\java\update_tracking\org-netbeans-modules-testng-maven.xml
[2024-01-15 15:51:29.780]:         extracting C:\Program Files\NetBeans-20\netbeans\java\update_tracking\org-netbeans-modules-java-metrics.xml
[2024-01-15 15:51:29.780]:         extracting C:\Program Files\NetBeans-20\netbeans\java\update_tracking\org-netbeans-modules-maven-spring.xml
[2024-01-15 15:51:29.780]:         extracting C:\Program Files\NetBeans-20\netbeans\java\update_tracking\org-netbeans-spi-debugger-jpda-ui.xml
[2024-01-15 15:51:29.780]:         extracting C:\Program Files\NetBeans-20\netbeans\java\update_tracking\org-netbeans-modules-javawebstart.xml
[2024-01-15 15:51:29.780]:         extracting C:\Program Files\NetBeans-20\netbeans\java\sources\org\netbeans\lib\awtextra\AbsoluteLayout.java
[2024-01-15 15:51:29.780]:         extracting C:\Program Files\NetBeans-20\netbeans\java\modules\org-netbeans-modules-j2ee-persistence-kit.jar
[2024-01-15 15:51:29.780]:         extracting C:\Program Files\NetBeans-20\netbeans\java\modules\org-netbeans-modules-debugger-jpda-visual.jar
[2024-01-15 15:51:29.796]:         extracting C:\Program Files\NetBeans-20\netbeans\java\modules\org-netbeans-modules-gradle-java-coverage.jar
[2024-01-15 15:51:29.796]:         extracting C:\Program Files\NetBeans-20\netbeans\java\modules\org-netbeans-modules-j2ee-jpa-refactoring.jar
[2024-01-15 15:51:29.796]:         extracting C:\Program Files\NetBeans-20\netbeans\java\modules\ext\spring-5\spring-aspects-5.2.9.RELEASE.jar
[2024-01-15 15:51:29.796]:         extracting C:\Program Files\NetBeans-20\netbeans\java\modules\ext\spring-5\spring-webflux-5.2.9.RELEASE.jar
[2024-01-15 15:51:29.796]:         extracting C:\Program Files\NetBeans-20\netbeans\java\modules\ext\spring-5\spring-context-5.2.9.RELEASE.jar
[2024-01-15 15:51:29.796]:         extracting C:\Program Files\NetBeans-20\netbeans\java\modules\ext\spring-3.0\spring-jdbc-3.2.18.RELEASE.jar
[2024-01-15 15:51:29.796]:         extracting C:\Program Files\NetBeans-20\netbeans\java\modules\ext\spring-3.0\spring-test-3.2.18.RELEASE.jar
[2024-01-15 15:51:29.812]:         extracting C:\Program Files\NetBeans-20\netbeans\java\modules\ext\spring-3.0\spring-core-3.2.18.RELEASE.jar
[2024-01-15 15:51:29.812]:         extracting C:\Program Files\NetBeans-20\netbeans\java\modules\ext\spring-4\spring-webmvc-4.3.29.RELEASE.jar
[2024-01-15 15:51:29.812]:         extracting C:\Program Files\NetBeans-20\netbeans\java\modules\ext\eclipselink\jakarta.persistence-2.2.3.jar
[2024-01-15 15:51:29.812]:         extracting C:\Program Files\NetBeans-20\netbeans\java\modules\org-netbeans-modules-java-openjdk-project.jar
[2024-01-15 15:51:29.812]:         extracting C:\Program Files\NetBeans-20\netbeans\java\config\Modules\org-netbeans-modules-gradle-htmlui.xml
[2024-01-15 15:51:29.812]:         extracting C:\Program Files\NetBeans-20\netbeans\java\config\Modules\org-netbeans-modules-editor-htmlui.xml
[2024-01-15 15:51:29.812]:         extracting C:\Program Files\NetBeans-20\netbeans\java\config\Modules\org-netbeans-modules-maven-grammar.xml
[2024-01-15 15:51:29.812]:         extracting C:\Program Files\NetBeans-20\netbeans\java\config\Modules\org-netbeans-modules-java-platform.xml
[2024-01-15 15:51:29.812]:         extracting C:\Program Files\NetBeans-20\netbeans\java\config\Modules\org-netbeans-modules-j2ee-metadata.xml
[2024-01-15 15:51:29.812]:         extracting C:\Program Files\NetBeans-20\netbeans\java\config\Modules\org-netbeans-modules-debugger-jpda.xml
[2024-01-15 15:51:29.827]:         extracting C:\Program Files\NetBeans-20\netbeans\java\config\Modules\org-netbeans-modules-java-examples.xml
[2024-01-15 15:51:29.827]:         extracting C:\Program Files\NetBeans-20\netbeans\java\config\Modules\org-netbeans-modules-java-hints-ui.xml
[2024-01-15 15:51:29.827]:         extracting C:\Program Files\NetBeans-20\netbeans\java\config\Modules\org-netbeans-modules-java-freeform.xml
[2024-01-15 15:51:29.827]:         extracting C:\Program Files\NetBeans-20\netbeans\java\config\Modules\org-netbeans-modules-java-sourceui.xml
[2024-01-15 15:51:29.827]:         extracting C:\Program Files\NetBeans-20\netbeans\java\config\Modules\org-netbeans-modules-maven-indexer.xml
[2024-01-15 15:51:29.827]:         extracting C:\Program Files\NetBeans-20\netbeans\java\config\Modules\org-netbeans-modules-gradle-spring.xml
[2024-01-15 15:51:29.827]:         extracting C:\Program Files\NetBeans-20\netbeans\java\config\Modules\org-netbeans-modules-kotlin-editor.xml
[2024-01-15 15:51:29.827]:         extracting C:\Program Files\NetBeans-20\netbeans\profiler\update_tracking\org-netbeans-modules-profiler.xml
[2024-01-15 15:51:29.827]:         extracting C:\Program Files\NetBeans-20\netbeans\profiler\modules\org-netbeans-modules-profiler-options.jar
[2024-01-15 15:51:29.827]:         extracting C:\Program Files\NetBeans-20\netbeans\profiler\modules\org-netbeans-modules-profiler-ppoints.jar
[2024-01-15 15:51:29.827]:         extracting C:\Program Files\NetBeans-20\netbeans\apisupport\update_tracking\org-netbeans-modules-timers.xml
[2024-01-15 15:51:29.827]:         extracting C:\Program Files\NetBeans-20\netbeans\apisupport\modules\org-netbeans-modules-apisupport-kit.jar
[2024-01-15 15:51:29.827]:         extracting C:\Program Files\NetBeans-20\netbeans\apisupport\modules\org-netbeans-modules-apisupport-ant.jar
[2024-01-15 15:51:29.843]:         extracting C:\Program Files\NetBeans-20\netbeans\ergonomics\modules\org-netbeans-modules-ide-ergonomics.jar
[2024-01-15 15:51:29.843]:         extracting C:\Program Files\NetBeans-20\netbeans\ergonomics\config\Modules\org-netbeans-modules-cordova.xml
[2024-01-15 15:51:29.843]:         extracting C:\Program Files\NetBeans-20\netbeans\ergonomics\config\Modules\org-netbeans-modules-php-kit.xml
[2024-01-15 15:51:29.843]:         extracting C:\Program Files\NetBeans-20\netbeans\ergonomics\config\Modules\org-netbeans-modules-tomcat5.xml
[2024-01-15 15:51:29.843]:         extracting C:\Program Files\NetBeans-20\netbeans\ergonomics\config\Modules\org-netbeans-modules-web-jsf.xml
[2024-01-15 15:51:29.843]:         extracting C:\Program Files\NetBeans-20\netbeans\ergonomics\config\Modules\org-netbeans-modules-ant-kit.xml
[2024-01-15 15:51:29.843]:         extracting C:\Program Files\NetBeans-20\netbeans\ergonomics\config\Modules\org-netbeans-modules-javadoc.xml
[2024-01-15 15:51:29.843]:         extracting C:\Program Files\NetBeans-20\netbeans\ergonomics\config\Modules\org-netbeans-modules-web-kit.xml
[2024-01-15 15:51:29.843]:         extracting C:\Program Files\NetBeans-20\netbeans\ergonomics\config\Modules\org-netbeans-libs-nbjavacapi.xml
[2024-01-15 15:51:29.843]:         extracting C:\Program Files\NetBeans-20\netbeans\javafx\config\Modules\org-netbeans-modules-javafx2-kit.xml
[2024-01-15 15:51:29.843]:         extracting C:\Program Files\NetBeans-20\netbeans\java\ant\nblib\org-netbeans-modules-debugger-jpda-ant.jar
[2024-01-15 15:51:29.843]:         extracting C:\Program Files\NetBeans-20\netbeans\java\update_tracking\org-netbeans-modules-java-guards.xml
[2024-01-15 15:51:29.843]:         extracting C:\Program Files\NetBeans-20\netbeans\java\update_tracking\org-netbeans-modules-java-source.xml
[2024-01-15 15:51:29.843]:         extracting C:\Program Files\NetBeans-20\netbeans\java\update_tracking\org-netbeans-modules-maven-junit.xml
[2024-01-15 15:51:29.843]:         extracting C:\Program Files\NetBeans-20\netbeans\java\update_tracking\org-netbeans-modules-maven-hints.xml
[2024-01-15 15:51:29.843]:         extracting C:\Program Files\NetBeans-20\netbeans\java\update_tracking\org-netbeans-modules-ant-grammar.xml
[2024-01-15 15:51:29.858]:         extracting C:\Program Files\NetBeans-20\netbeans\java\update_tracking\org-netbeans-libs-jshell-compile.xml
[2024-01-15 15:51:29.858]:         extracting C:\Program Files\NetBeans-20\netbeans\java\update_tracking\org-netbeans-modules-java-editor.xml
[2024-01-15 15:51:29.858]:         extracting C:\Program Files\NetBeans-20\netbeans\java\update_tracking\org-netbeans-modules-gradle-test.xml
[2024-01-15 15:51:29.858]:         extracting C:\Program Files\NetBeans-20\netbeans\java\update_tracking\org-netbeans-modules-maven-graph.xml
[2024-01-15 15:51:29.858]:         extracting C:\Program Files\NetBeans-20\netbeans\java\update_tracking\org-netbeans-modules-maven-model.xml
[2024-01-15 15:51:29.858]:         extracting C:\Program Files\NetBeans-20\netbeans\java\update_tracking\org-netbeans-modules-gradle-java.xml
[2024-01-15 15:51:29.858]:         extracting C:\Program Files\NetBeans-20\netbeans\java\modules\org-netbeans-modules-j2ee-core-utilities.jar
[2024-01-15 15:51:29.858]:         extracting C:\Program Files\NetBeans-20\netbeans\java\modules\ext\spring-5\spring-webmvc-5.2.9.RELEASE.jar
[2024-01-15 15:51:29.858]:         extracting C:\Program Files\NetBeans-20\netbeans\java\modules\ext\spring-3.0\spring-orm-3.2.18.RELEASE.jar
[2024-01-15 15:51:29.858]:         extracting C:\Program Files\NetBeans-20\netbeans\java\modules\ext\spring-3.0\spring-oxm-3.2.18.RELEASE.jar
[2024-01-15 15:51:29.858]:         extracting C:\Program Files\NetBeans-20\netbeans\java\modules\ext\spring-3.0\spring-jms-3.2.18.RELEASE.jar
[2024-01-15 15:51:29.858]:         extracting C:\Program Files\NetBeans-20\netbeans\java\modules\ext\spring-3.0\spring-web-3.2.18.RELEASE.jar
[2024-01-15 15:51:29.874]:         extracting C:\Program Files\NetBeans-20\netbeans\java\modules\ext\spring-3.0\spring-aop-3.2.18.RELEASE.jar
[2024-01-15 15:51:29.874]:         extracting C:\Program Files\NetBeans-20\netbeans\java\modules\ext\spring-4\spring-beans-4.3.29.RELEASE.jar
[2024-01-15 15:51:29.874]:         extracting C:\Program Files\NetBeans-20\netbeans\java\modules\org-netbeans-modules-j2ee-persistenceapi.jar
[2024-01-15 15:51:29.874]:         extracting C:\Program Files\NetBeans-20\netbeans\java\modules\org-netbeans-modules-java-testrunner-ant.jar
[2024-01-15 15:51:29.874]:         extracting C:\Program Files\NetBeans-20\netbeans\java\modules\org-netbeans-modules-java-source-queries.jar
[2024-01-15 15:51:29.874]:         extracting C:\Program Files\NetBeans-20\netbeans\java\modules\org-netbeans-modules-java-source-compat8.jar
[2024-01-15 15:51:29.874]:         extracting C:\Program Files\NetBeans-20\netbeans\java\config\Modules\org-netbeans-modules-junit-ant-ui.xml
[2024-01-15 15:51:29.874]:         extracting C:\Program Files\NetBeans-20\netbeans\java\config\Modules\org-netbeans-libs-springframework.xml
[2024-01-15 15:51:29.874]:         extracting C:\Program Files\NetBeans-20\netbeans\java\config\Modules\org-netbeans-modules-maven-search.xml
[2024-01-15 15:51:29.874]:         extracting C:\Program Files\NetBeans-20\netbeans\java\config\Modules\org-netbeans-modules-java-project.xml
[2024-01-15 15:51:29.874]:         extracting C:\Program Files\NetBeans-20\netbeans\java\config\Modules\org-netbeans-modules-ant-freeform.xml
[2024-01-15 15:51:29.874]:         extracting C:\Program Files\NetBeans-20\netbeans\java\config\Modules\org-netbeans-modules-ant-debugger.xml
[2024-01-15 15:51:29.874]:         extracting C:\Program Files\NetBeans-20\netbeans\java\config\Modules\org-netbeans-modules-hudson-maven.xml
[2024-01-15 15:51:29.874]:         extracting C:\Program Files\NetBeans-20\netbeans\java\config\Modules\org-netbeans-modules-spring-beans.xml
[2024-01-15 15:51:29.874]:         extracting C:\Program Files\NetBeans-20\netbeans\java\config\Modules\org-netbeans-modules-testng-maven.xml
[2024-01-15 15:51:29.874]:         extracting C:\Program Files\NetBeans-20\netbeans\java\config\Modules\org-netbeans-modules-java-metrics.xml
[2024-01-15 15:51:29.874]:         extracting C:\Program Files\NetBeans-20\netbeans\java\config\Modules\org-netbeans-modules-maven-spring.xml
[2024-01-15 15:51:29.890]:         extracting C:\Program Files\NetBeans-20\netbeans\java\config\Modules\org-netbeans-spi-debugger-jpda-ui.xml
[2024-01-15 15:51:29.890]:         extracting C:\Program Files\NetBeans-20\netbeans\java\config\Modules\org-netbeans-modules-javawebstart.xml
[2024-01-15 15:51:29.890]:         extracting C:\Program Files\NetBeans-20\netbeans\profiler\lib\deployed\jdk16\windows\profilerinterface.dll
[2024-01-15 15:51:29.890]:         extracting C:\Program Files\NetBeans-20\netbeans\profiler\lib\deployed\jdk16\windows\profilerinterface.map
[2024-01-15 15:51:29.890]:         extracting C:\Program Files\NetBeans-20\netbeans\profiler\lib\deployed\jdk16\linux\libprofilerinterface.so
[2024-01-15 15:51:29.890]:         extracting C:\Program Files\NetBeans-20\netbeans\profiler\lib\deployed\jdk15\windows\profilerinterface.dll
[2024-01-15 15:51:29.890]:         extracting C:\Program Files\NetBeans-20\netbeans\profiler\lib\deployed\jdk15\windows\profilerinterface.map
[2024-01-15 15:51:29.890]:         extracting C:\Program Files\NetBeans-20\netbeans\profiler\lib\deployed\jdk15\linux\libprofilerinterface.so
[2024-01-15 15:51:29.890]:         extracting C:\Program Files\NetBeans-20\netbeans\profiler\lib\deployed\cvm\windows\profilerinterface_g.dll
[2024-01-15 15:51:29.890]:         extracting C:\Program Files\NetBeans-20\netbeans\profiler\lib\deployed\cvm\windows\profilerinterface_g.map
[2024-01-15 15:51:29.890]:         extracting C:\Program Files\NetBeans-20\netbeans\profiler\lib\deployed\cvm\linux\libprofilerinterface_g.so
[2024-01-15 15:51:29.890]:         extracting C:\Program Files\NetBeans-20\netbeans\profiler\update_tracking\org-netbeans-lib-profiler-ui.xml
[2024-01-15 15:51:29.890]:         extracting C:\Program Files\NetBeans-20\netbeans\profiler\modules\org-netbeans-modules-profiler-nbimpl.jar
[2024-01-15 15:51:29.890]:         extracting C:\Program Files\NetBeans-20\netbeans\profiler\modules\org-netbeans-modules-profiler-attach.jar
[2024-01-15 15:51:29.890]:         extracting C:\Program Files\NetBeans-20\netbeans\profiler\config\Modules\org-netbeans-modules-profiler.xml
[2024-01-15 15:51:29.890]:         extracting C:\Program Files\NetBeans-20\netbeans\apisupport\config\Modules\org-netbeans-modules-timers.xml
[2024-01-15 15:51:29.890]:         extracting C:\Program Files\NetBeans-20\netbeans\ergonomics\config\Modules\org-netbeans-modules-timers.xml
[2024-01-15 15:51:29.890]:         extracting C:\Program Files\NetBeans-20\netbeans\ergonomics\config\Modules\org-netbeans-modules-web-el.xml
[2024-01-15 15:51:29.905]:         extracting C:\Program Files\NetBeans-20\netbeans\ergonomics\config\Modules\org-apache-tools-ant-module.xml
[2024-01-15 15:51:29.905]:         extracting C:\Program Files\NetBeans-20\netbeans\java\update_tracking\org-netbeans-modules-hudson-ant.xml
[2024-01-15 15:51:29.905]:         extracting C:\Program Files\NetBeans-20\netbeans\java\update_tracking\org-netbeans-modules-java-lexer.xml
[2024-01-15 15:51:29.905]:         extracting C:\Program Files\NetBeans-20\netbeans\java\update_tracking\org-netbeans-modules-gradle-kit.xml
[2024-01-15 15:51:29.905]:         extracting C:\Program Files\NetBeans-20\netbeans\java\update_tracking\org-netbeans-modules-java-debug.xml
[2024-01-15 15:51:29.905]:         extracting C:\Program Files\NetBeans-20\netbeans\java\update_tracking\org-netbeans-modules-java-hints.xml
[2024-01-15 15:51:29.905]:         extracting C:\Program Files\NetBeans-20\netbeans\java\update_tracking\org-netbeans-modules-maven-osgi.xml
[2024-01-15 15:51:29.905]:         extracting C:\Program Files\NetBeans-20\netbeans\java\update_tracking\org-netbeans-modules-testng-ant.xml
[2024-01-15 15:51:29.905]:         extracting C:\Program Files\NetBeans-20\netbeans\java\update_tracking\org-netbeans-modules-java-graph.xml
[2024-01-15 15:51:29.905]:         extracting C:\Program Files\NetBeans-20\netbeans\java\update_tracking\org-netbeans-modules-java-disco.xml
[2024-01-15 15:51:29.905]:         extracting C:\Program Files\NetBeans-20\netbeans\java\maven\lib\maven-resolver-transport-wagon-1.9.16.jar
[2024-01-15 15:51:29.905]:         extracting C:\Program Files\NetBeans-20\netbeans\java\maven\lib\maven-resolver-connector-basic-1.9.16.jar
[2024-01-15 15:51:29.905]:         extracting C:\Program Files\NetBeans-20\netbeans\java\modules\org-netbeans-modules-java-testrunner-ui.jar
[2024-01-15 15:51:29.905]:         extracting C:\Program Files\NetBeans-20\netbeans\java\modules\ext\spring-5\spring-beans-5.2.9.RELEASE.jar
[2024-01-15 15:51:29.905]:         extracting C:\Program Files\NetBeans-20\netbeans\java\modules\ext\spring-3.0\spring-tx-3.2.18.RELEASE.jar
[2024-01-15 15:51:29.905]:         extracting C:\Program Files\NetBeans-20\netbeans\java\modules\ext\corba\omgapi\glassfish-corba-omgapi.jar
[2024-01-15 15:51:29.921]:         extracting C:\Program Files\NetBeans-20\netbeans\java\modules\ext\spring-4\spring-jdbc-4.3.29.RELEASE.jar
[2024-01-15 15:51:29.921]:         extracting C:\Program Files\NetBeans-20\netbeans\java\modules\ext\spring-4\spring-core-4.3.29.RELEASE.jar
[2024-01-15 15:51:29.921]:         extracting C:\Program Files\NetBeans-20\netbeans\java\modules\ext\spring-4\spring-test-4.3.29.RELEASE.jar
[2024-01-15 15:51:29.921]:         extracting C:\Program Files\NetBeans-20\netbeans\java\modules\org-netbeans-modules-debugger-jpda-jsui.jar
[2024-01-15 15:51:29.937]:         extracting C:\Program Files\NetBeans-20\netbeans\java\modules\org-netbeans-modules-gradle-persistence.jar
[2024-01-15 15:51:29.937]:         extracting C:\Program Files\NetBeans-20\netbeans\java\config\Modules\org-netbeans-modules-java-guards.xml
[2024-01-15 15:51:29.937]:         extracting C:\Program Files\NetBeans-20\netbeans\java\config\Modules\org-netbeans-modules-java-source.xml
[2024-01-15 15:51:29.937]:         extracting C:\Program Files\NetBeans-20\netbeans\java\config\Modules\org-netbeans-modules-maven-junit.xml
[2024-01-15 15:51:29.937]:         extracting C:\Program Files\NetBeans-20\netbeans\java\config\Modules\org-netbeans-modules-maven-hints.xml
[2024-01-15 15:51:29.937]:         extracting C:\Program Files\NetBeans-20\netbeans\java\config\Modules\org-netbeans-modules-ant-grammar.xml
[2024-01-15 15:51:29.937]:         extracting C:\Program Files\NetBeans-20\netbeans\java\config\Modules\org-netbeans-libs-jshell-compile.xml
[2024-01-15 15:51:29.937]:         extracting C:\Program Files\NetBeans-20\netbeans\java\config\Modules\org-netbeans-modules-java-editor.xml
[2024-01-15 15:51:29.937]:         extracting C:\Program Files\NetBeans-20\netbeans\java\config\Modules\org-netbeans-modules-gradle-test.xml
[2024-01-15 15:51:29.937]:         extracting C:\Program Files\NetBeans-20\netbeans\java\config\Modules\org-netbeans-modules-maven-graph.xml
[2024-01-15 15:51:29.937]:         extracting C:\Program Files\NetBeans-20\netbeans\java\config\Modules\org-netbeans-modules-maven-model.xml
[2024-01-15 15:51:29.937]:         extracting C:\Program Files\NetBeans-20\netbeans\java\config\Modules\org-netbeans-modules-gradle-java.xml
[2024-01-15 15:51:29.937]:         extracting C:\Program Files\NetBeans-20\netbeans\profiler\modules\org-netbeans-modules-maven-profiler.jar
[2024-01-15 15:51:29.937]:         extracting C:\Program Files\NetBeans-20\netbeans\profiler\config\Modules\org-netbeans-lib-profiler-ui.xml
[2024-01-15 15:51:29.937]:         extracting C:\Program Files\NetBeans-20\netbeans\ergonomics\config\Modules\org-netbeans-modules-maven.xml
[2024-01-15 15:51:29.937]:         extracting C:\Program Files\NetBeans-20\netbeans\ergonomics\config\Modules\org-netbeans-modules-beans.xml
[2024-01-15 15:51:29.937]:         extracting C:\Program Files\NetBeans-20\netbeans\javafx\modules\org-netbeans-modules-javafx2-platform.jar
[2024-01-15 15:51:29.937]:         extracting C:\Program Files\NetBeans-20\netbeans\java\ant\nblib\org-netbeans-modules-java-source-ant.jar
[2024-01-15 15:51:29.937]:         extracting C:\Program Files\NetBeans-20\netbeans\java\update_tracking\org-netbeans-modules-ant-hints.xml
[2024-01-15 15:51:29.937]:         extracting C:\Program Files\NetBeans-20\netbeans\java\update_tracking\org-netbeans-modules-junit-ant.xml
[2024-01-15 15:51:29.937]:         extracting C:\Program Files\NetBeans-20\netbeans\java\update_tracking\org-netbeans-api-debugger-jpda.xml
[2024-01-15 15:51:29.937]:         extracting C:\Program Files\NetBeans-20\netbeans\java\update_tracking\org-netbeans-modules-testng-ui.xml
[2024-01-15 15:51:29.937]:         extracting C:\Program Files\NetBeans-20\netbeans\java\update_tracking\org-netbeans-modules-i18n-form.xml
[2024-01-15 15:51:29.937]:         extracting C:\Program Files\NetBeans-20\netbeans\java\update_tracking\org-netbeans-modules-whitelist.xml
[2024-01-15 15:51:29.937]:         extracting C:\Program Files\NetBeans-20\netbeans\java\update_tracking\org-netbeans-modules-maven-kit.xml
[2024-01-15 15:51:29.937]:         extracting C:\Program Files\NetBeans-20\netbeans\java\update_tracking\org-netbeans-modules-classfile.xml
[2024-01-15 15:51:29.952]:         extracting C:\Program Files\NetBeans-20\netbeans\java\maven\lib\maven-resolver-transport-http-1.9.16.jar
[2024-01-15 15:51:29.952]:         extracting C:\Program Files\NetBeans-20\netbeans\java\maven\lib\maven-resolver-transport-file-1.9.16.jar
[2024-01-15 15:51:29.952]:         extracting C:\Program Files\NetBeans-20\netbeans\java\modules\org-netbeans-modules-maven-persistence.jar
[2024-01-15 15:51:29.952]:         extracting C:\Program Files\NetBeans-20\netbeans\java\modules\org-netbeans-modules-debugger-jpda-ant.jar
[2024-01-15 15:51:29.952]:         extracting C:\Program Files\NetBeans-20\netbeans\java\modules\org-netbeans-modules-maven-refactoring.jar
[2024-01-15 15:51:29.952]:         extracting C:\Program Files\NetBeans-20\netbeans\java\modules\org-netbeans-modules-java-module-graph.jar
[2024-01-15 15:51:29.952]:         extracting C:\Program Files\NetBeans-20\netbeans\java\modules\ext\spring-5\spring-test-5.2.9.RELEASE.jar
[2024-01-15 15:51:29.952]:         extracting C:\Program Files\NetBeans-20\netbeans\java\modules\ext\spring-5\spring-core-5.2.9.RELEASE.jar
[2024-01-15 15:51:29.968]:         extracting C:\Program Files\NetBeans-20\netbeans\java\modules\ext\spring-5\spring-jdbc-5.2.9.RELEASE.jar
[2024-01-15 15:51:29.968]:         extracting C:\Program Files\NetBeans-20\netbeans\java\modules\ext\org.eclipse.xtext.xbase.lib-2.24.0.jar
[2024-01-15 15:51:29.968]:         extracting C:\Program Files\NetBeans-20\netbeans\java\modules\ext\docs\jakarta.persistence-2.2.3-doc.zip
[2024-01-15 15:51:29.968]:         extracting C:\Program Files\NetBeans-20\netbeans\java\modules\ext\spring-4\spring-oxm-4.3.29.RELEASE.jar
[2024-01-15 15:51:29.968]:         extracting C:\Program Files\NetBeans-20\netbeans\java\modules\ext\spring-4\spring-aop-4.3.29.RELEASE.jar
[2024-01-15 15:51:29.968]:         extracting C:\Program Files\NetBeans-20\netbeans\java\modules\ext\spring-4\spring-orm-4.3.29.RELEASE.jar
[2024-01-15 15:51:29.968]:         extracting C:\Program Files\NetBeans-20\netbeans\java\modules\ext\spring-4\spring-jms-4.3.29.RELEASE.jar
[2024-01-15 15:51:29.983]:         extracting C:\Program Files\NetBeans-20\netbeans\java\modules\ext\spring-4\spring-web-4.3.29.RELEASE.jar
[2024-01-15 15:51:29.983]:         extracting C:\Program Files\NetBeans-20\netbeans\java\modules\ext\maven\lucene-analysis-common-9.8.0.jar
[2024-01-15 15:51:29.983]:         extracting C:\Program Files\NetBeans-20\netbeans\java\modules\ext\maven\lucene-backward-codecs-9.8.0.jar
[2024-01-15 15:51:29.983]:         extracting C:\Program Files\NetBeans-20\netbeans\java\modules\ext\org.eclipse.xtend.lib.macro-2.24.0.jar
[2024-01-15 15:51:29.999]:         extracting C:\Program Files\NetBeans-20\netbeans\java\modules\ext\org.eclipse.lsp4j.generator-0.13.0.jar
[2024-01-15 15:51:29.999]:         extracting C:\Program Files\NetBeans-20\netbeans\java\modules\org-netbeans-modules-java-j2seembedded.jar
[2024-01-15 15:51:29.999]:         extracting C:\Program Files\NetBeans-20\netbeans\java\modules\org-netbeans-modules-websvc-jaxws21api.jar
[2024-01-15 15:51:29.999]:         extracting C:\Program Files\NetBeans-20\netbeans\java\modules\org-netbeans-modules-libs-corba-omgapi.jar
[2024-01-15 15:51:29.999]:         extracting C:\Program Files\NetBeans-20\netbeans\java\modules\org-netbeans-modules-java-j2seplatform.jar
[2024-01-15 15:51:30.007]:         extracting C:\Program Files\NetBeans-20\netbeans\java\modules\org-netbeans-modules-nashorn-execution.jar
[2024-01-15 15:51:30.008]:         extracting C:\Program Files\NetBeans-20\netbeans\java\modules\org-netbeans-modules-java-j2seprofiles.jar
[2024-01-15 15:51:30.009]:         extracting C:\Program Files\NetBeans-20\netbeans\java\modules\org-netbeans-modules-debugger-jpda-kit.jar
[2024-01-15 15:51:30.010]:         extracting C:\Program Files\NetBeans-20\netbeans\java\config\Modules\org-netbeans-modules-hudson-ant.xml
[2024-01-15 15:51:30.011]:         extracting C:\Program Files\NetBeans-20\netbeans\java\config\Modules\org-netbeans-modules-java-lexer.xml
[2024-01-15 15:51:30.011]:         extracting C:\Program Files\NetBeans-20\netbeans\java\config\Modules\org-netbeans-modules-gradle-kit.xml
[2024-01-15 15:51:30.011]:         extracting C:\Program Files\NetBeans-20\netbeans\java\config\Modules\org-netbeans-modules-java-debug.xml
[2024-01-15 15:51:30.011]:         extracting C:\Program Files\NetBeans-20\netbeans\java\config\Modules\org-netbeans-modules-java-hints.xml
[2024-01-15 15:51:30.011]:         extracting C:\Program Files\NetBeans-20\netbeans\java\config\Modules\org-netbeans-modules-maven-osgi.xml
[2024-01-15 15:51:30.011]:         extracting C:\Program Files\NetBeans-20\netbeans\java\config\Modules\org-netbeans-modules-testng-ant.xml
[2024-01-15 15:51:30.011]:         extracting C:\Program Files\NetBeans-20\netbeans\java\config\Modules\org-netbeans-modules-java-graph.xml
[2024-01-15 15:51:30.011]:         extracting C:\Program Files\NetBeans-20\netbeans\java\config\Modules\org-netbeans-modules-java-disco.xml
[2024-01-15 15:51:30.011]:         extracting C:\Program Files\NetBeans-20\netbeans\profiler\lib\deployed\cvm\windows\profilerinterface.dll
[2024-01-15 15:51:30.011]:         extracting C:\Program Files\NetBeans-20\netbeans\profiler\lib\deployed\cvm\windows\profilerinterface.map
[2024-01-15 15:51:30.011]:         extracting C:\Program Files\NetBeans-20\netbeans\profiler\lib\deployed\cvm\linux\libprofilerinterface.so
[2024-01-15 15:51:30.011]:         extracting C:\Program Files\NetBeans-20\netbeans\profiler\modules\org-netbeans-modules-profiler-j2se.jar
[2024-01-15 15:51:30.011]:         extracting C:\Program Files\NetBeans-20\netbeans\profiler\remote-pack-defs\profile-linuxarmvfphflt-16.sh
[2024-01-15 15:51:30.011]:         extracting C:\Program Files\NetBeans-20\netbeans\ergonomics\config\Modules\org-netbeans-modules-form.xml
[2024-01-15 15:51:30.011]:         extracting C:\Program Files\NetBeans-20\netbeans\ergonomics\config\Modules\org-netbeans-modules-i18n.xml
[2024-01-15 15:51:30.011]:         extracting C:\Program Files\NetBeans-20\netbeans\javafx\modules\org-netbeans-modules-javafx2-project.jar
[2024-01-15 15:51:30.011]:         extracting C:\Program Files\NetBeans-20\netbeans\javafx\modules\org-netbeans-modules-javafx2-samples.jar
[2024-01-15 15:51:30.027]:         extracting C:\Program Files\NetBeans-20\netbeans\java\ant\nblib\org-netbeans-modules-ant-browsetask.jar
[2024-01-15 15:51:30.027]:         extracting C:\Program Files\NetBeans-20\netbeans\java\update_tracking\org-netbeans-modules-form-kit.xml
[2024-01-15 15:51:30.027]:         extracting C:\Program Files\NetBeans-20\netbeans\java\update_tracking\org-netbeans-modules-dbschema.xml
[2024-01-15 15:51:30.027]:         extracting C:\Program Files\NetBeans-20\netbeans\java\update_tracking\org-netbeans-modules-xml-jaxb.xml
[2024-01-15 15:51:30.027]:         extracting C:\Program Files\NetBeans-20\netbeans\java\update_tracking\org-netbeans-modules-java-kit.xml
[2024-01-15 15:51:30.027]:         extracting C:\Program Files\NetBeans-20\netbeans\java\update_tracking\org-netbeans-lib-jshell-agent.xml
[2024-01-15 15:51:30.027]:         extracting C:\Program Files\NetBeans-20\netbeans\java\update_tracking\org-netbeans-modules-junit-ui.xml
[2024-01-15 15:51:30.027]:         extracting C:\Program Files\NetBeans-20\netbeans\java\modules\org-netbeans-modules-j2ee-persistence.jar
[2024-01-15 15:51:30.042]:         extracting C:\Program Files\NetBeans-20\netbeans\java\modules\org-netbeans-modules-maven-checkstyle.jar
[2024-01-15 15:51:30.042]:         extracting C:\Program Files\NetBeans-20\netbeans\java\modules\org-netbeans-modules-javaee-injection.jar
[2024-01-15 15:51:30.058]:         extracting C:\Program Files\NetBeans-20\netbeans\java\modules\ext\spring-5\spring-jms-5.2.9.RELEASE.jar
[2024-01-15 15:51:30.058]:         extracting C:\Program Files\NetBeans-20\netbeans\java\modules\ext\spring-5\spring-jcl-5.2.9.RELEASE.jar
[2024-01-15 15:51:30.058]:         extracting C:\Program Files\NetBeans-20\netbeans\java\modules\ext\spring-5\spring-oxm-5.2.9.RELEASE.jar
[2024-01-15 15:51:30.058]:         extracting C:\Program Files\NetBeans-20\netbeans\java\modules\ext\spring-5\spring-orm-5.2.9.RELEASE.jar
[2024-01-15 15:51:30.058]:         extracting C:\Program Files\NetBeans-20\netbeans\java\modules\ext\spring-5\spring-aop-5.2.9.RELEASE.jar
[2024-01-15 15:51:30.058]:         extracting C:\Program Files\NetBeans-20\netbeans\java\modules\ext\spring-5\spring-web-5.2.9.RELEASE.jar
[2024-01-15 15:51:30.058]:         extracting C:\Program Files\NetBeans-20\netbeans\java\modules\ext\spring-4\spring-tx-4.3.29.RELEASE.jar
[2024-01-15 15:51:30.074]:         extracting C:\Program Files\NetBeans-20\netbeans\java\modules\org-netbeans-modules-java-platform-ui.jar
[2024-01-15 15:51:30.074]:         extracting C:\Program Files\NetBeans-20\netbeans\java\modules\org-netbeans-modules-java-editor-base.jar
[2024-01-15 15:51:30.074]:         extracting C:\Program Files\NetBeans-20\netbeans\java\modules\org-netbeans-modules-refactoring-java.jar
[2024-01-15 15:51:30.089]:         extracting C:\Program Files\NetBeans-20\netbeans\java\modules\org-netbeans-modules-debugger-jpda-ui.jar
[2024-01-15 15:51:30.089]:         extracting C:\Program Files\NetBeans-20\netbeans\java\modules\org-netbeans-modules-form-refactoring.jar
[2024-01-15 15:51:30.089]:         extracting C:\Program Files\NetBeans-20\netbeans\java\modules\org-netbeans-modules-maven-indexer-ui.jar
[2024-01-15 15:51:30.089]:         extracting C:\Program Files\NetBeans-20\netbeans\java\modules\org-netbeans-modules-java-source-base.jar
[2024-01-15 15:51:30.105]:         extracting C:\Program Files\NetBeans-20\netbeans\java\modules\org-netbeans-modules-j2ee-eclipselink.jar
[2024-01-15 15:51:30.105]:         extracting C:\Program Files\NetBeans-20\netbeans\java\modules\org-netbeans-modules-maven-repository.jar
[2024-01-15 15:51:30.105]:         extracting C:\Program Files\NetBeans-20\netbeans\java\modules\org-netbeans-modules-debugger-jpda-js.jar
[2024-01-15 15:51:30.105]:         extracting C:\Program Files\NetBeans-20\netbeans\java\modules\org-netbeans-modules-java-j2seproject.jar
[2024-01-15 15:51:30.121]:         extracting C:\Program Files\NetBeans-20\netbeans\java\config\Modules\org-netbeans-modules-ant-hints.xml
[2024-01-15 15:51:30.121]:         extracting C:\Program Files\NetBeans-20\netbeans\java\config\Modules\org-netbeans-modules-junit-ant.xml
[2024-01-15 15:51:30.121]:         extracting C:\Program Files\NetBeans-20\netbeans\java\config\Modules\org-netbeans-api-debugger-jpda.xml
[2024-01-15 15:51:30.121]:         extracting C:\Program Files\NetBeans-20\netbeans\java\config\Modules\org-netbeans-modules-testng-ui.xml
[2024-01-15 15:51:30.121]:         extracting C:\Program Files\NetBeans-20\netbeans\java\config\Modules\org-netbeans-modules-i18n-form.xml
[2024-01-15 15:51:30.121]:         extracting C:\Program Files\NetBeans-20\netbeans\java\config\Modules\org-netbeans-modules-whitelist.xml
[2024-01-15 15:51:30.121]:         extracting C:\Program Files\NetBeans-20\netbeans\java\config\Modules\org-netbeans-modules-maven-kit.xml
[2024-01-15 15:51:30.121]:         extracting C:\Program Files\NetBeans-20\netbeans\java\config\Modules\org-netbeans-modules-classfile.xml
[2024-01-15 15:51:30.121]:         extracting C:\Program Files\NetBeans-20\netbeans\profiler\update_tracking\org-netbeans-lib-profiler.xml
[2024-01-15 15:51:30.121]:         extracting C:\Program Files\NetBeans-20\netbeans\profiler\modules\org-netbeans-modules-profiler-api.jar
[2024-01-15 15:51:30.121]:         extracting C:\Program Files\NetBeans-20\netbeans\profiler\modules\org-netbeans-modules-profiler-oql.jar
[2024-01-15 15:51:30.121]:         extracting C:\Program Files\NetBeans-20\netbeans\profiler\modules\org-netbeans-modules-profiler-kit.jar
[2024-01-15 15:51:30.121]:         extracting C:\Program Files\NetBeans-20\netbeans\javafx\modules\org-netbeans-modules-javafx2-editor.jar
[2024-01-15 15:51:30.136]:         extracting C:\Program Files\NetBeans-20\netbeans\java\update_tracking\org-netbeans-modules-form-nb.xml
[2024-01-15 15:51:30.136]:         extracting C:\Program Files\NetBeans-20\netbeans\java\update_tracking\org-netbeans-modules-ant-kit.xml
[2024-01-15 15:51:30.136]:         extracting C:\Program Files\NetBeans-20\netbeans\java\update_tracking\org-netbeans-modules-javadoc.xml
[2024-01-15 15:51:30.136]:         extracting C:\Program Files\NetBeans-20\netbeans\java\update_tracking\org-netbeans-libs-nbjavacapi.xml
[2024-01-15 15:51:30.136]:         extracting C:\Program Files\NetBeans-20\netbeans\java\maven\lib\plexus-component-annotations-2.1.0.jar
[2024-01-15 15:51:30.136]:         extracting C:\Program Files\NetBeans-20\netbeans\java\modules\org-netbeans-modules-java-editor-lib.jar
[2024-01-15 15:51:30.136]:         extracting C:\Program Files\NetBeans-20\netbeans\java\modules\org-netbeans-modules-java-api-common.jar
[2024-01-15 15:51:30.136]:         extracting C:\Program Files\NetBeans-20\netbeans\java\modules\org-netbeans-modules-java-mx-project.jar
[2024-01-15 15:51:30.152]:         extracting C:\Program Files\NetBeans-20\netbeans\java\modules\org-netbeans-modules-java-hints-test.jar
[2024-01-15 15:51:30.152]:         extracting C:\Program Files\NetBeans-20\netbeans\java\modules\org-netbeans-modules-selenium2-maven.jar
[2024-01-15 15:51:30.152]:         extracting C:\Program Files\NetBeans-20\netbeans\java\modules\ext\spring-5\spring-tx-5.2.9.RELEASE.jar
[2024-01-15 15:51:30.152]:         extracting C:\Program Files\NetBeans-20\netbeans\java\modules\ext\org.eclipse.lsp4j.jsonrpc-0.13.0.jar
[2024-01-15 15:51:30.152]:         extracting C:\Program Files\NetBeans-20\netbeans\java\modules\ext\jaxws22\api\jakarta.xml.soap-api.jar
[2024-01-15 15:51:30.152]:         extracting C:\Program Files\NetBeans-20\netbeans\java\modules\ext\maven\rootpackage\default-report.xml
[2024-01-15 15:51:30.152]:         extracting C:\Program Files\NetBeans-20\netbeans\java\modules\org-netbeans-modules-java-completion.jar
[2024-01-15 15:51:30.168]:         extracting C:\Program Files\NetBeans-20\netbeans\java\modules\org-netbeans-modules-java-navigation.jar
[2024-01-15 15:51:30.168]:         extracting C:\Program Files\NetBeans-20\netbeans\java\modules\org-netbeans-modules-java-j2sedeploy.jar
[2024-01-15 15:51:30.168]:         extracting C:\Program Files\NetBeans-20\netbeans\java\modules\org-netbeans-modules-java-source-ant.jar
[2024-01-15 15:51:30.168]:         extracting C:\Program Files\NetBeans-20\netbeans\java\modules\org-netbeans-modules-java-project-ui.jar
[2024-01-15 15:51:30.168]:         extracting C:\Program Files\NetBeans-20\netbeans\java\modules\org-netbeans-modules-java-lsp-server.jar
[2024-01-15 15:51:30.183]:         extracting C:\Program Files\NetBeans-20\netbeans\java\modules\org-netbeans-modules-jellytools-java.jar
[2024-01-15 15:51:30.183]:         extracting C:\Program Files\NetBeans-20\netbeans\java\modules\org-netbeans-modules-java-testrunner.jar
[2024-01-15 15:51:30.183]:         extracting C:\Program Files\NetBeans-20\netbeans\java\modules\org-netbeans-modules-languages-antlr.jar
[2024-01-15 15:51:30.183]:         extracting C:\Program Files\NetBeans-20\netbeans\java\modules\org-netbeans-modules-java-j2semodule.jar
[2024-01-15 15:51:30.183]:         extracting C:\Program Files\NetBeans-20\netbeans\java\config\Modules\org-netbeans-modules-form-kit.xml
[2024-01-15 15:51:30.199]:         extracting C:\Program Files\NetBeans-20\netbeans\java\config\Modules\org-netbeans-modules-dbschema.xml
[2024-01-15 15:51:30.199]:         extracting C:\Program Files\NetBeans-20\netbeans\java\config\Modules\org-netbeans-modules-xml-jaxb.xml
[2024-01-15 15:51:30.199]:         extracting C:\Program Files\NetBeans-20\netbeans\java\config\Modules\org-netbeans-modules-java-kit.xml
[2024-01-15 15:51:30.199]:         extracting C:\Program Files\NetBeans-20\netbeans\java\config\Modules\org-netbeans-lib-jshell-agent.xml
[2024-01-15 15:51:30.199]:         extracting C:\Program Files\NetBeans-20\netbeans\java\config\Modules\org-netbeans-modules-junit-ui.xml
[2024-01-15 15:51:30.199]:         extracting C:\Program Files\NetBeans-20\netbeans\profiler\modules\org-netbeans-lib-profiler-charts.jar
[2024-01-15 15:51:30.199]:         extracting C:\Program Files\NetBeans-20\netbeans\profiler\modules\org-netbeans-lib-profiler-common.jar
[2024-01-15 15:51:30.199]:         extracting C:\Program Files\NetBeans-20\netbeans\profiler\config\Modules\org-netbeans-lib-profiler.xml
[2024-01-15 15:51:30.199]:         extracting C:\Program Files\NetBeans-20\netbeans\java\ant\nblib\org-netbeans-modules-javawebstart.jar
[2024-01-15 15:51:30.199]:         extracting C:\Program Files\NetBeans-20\netbeans\java\update_tracking\org-netbeans-modules-testng.xml
[2024-01-15 15:51:30.199]:         extracting C:\Program Files\NetBeans-20\netbeans\java\update_tracking\org-netbeans-spi-java-hints.xml
[2024-01-15 15:51:30.199]:         extracting C:\Program Files\NetBeans-20\netbeans\java\maven\lib\jansi-native\Windows\x86_64\jansi.dll
[2024-01-15 15:51:30.199]:         extracting C:\Program Files\NetBeans-20\netbeans\java\maven\lib\maven-resolver-named-locks-1.9.16.jar
[2024-01-15 15:51:30.199]:         extracting C:\Program Files\NetBeans-20\netbeans\java\modules\org-netbeans-modules-maven-junit-ui.jar
[2024-01-15 15:51:30.199]:         extracting C:\Program Files\NetBeans-20\netbeans\java\modules\org-netbeans-modules-maven-embedder.jar
[2024-01-15 15:51:30.199]:         extracting C:\Program Files\NetBeans-20\netbeans\java\modules\ext\maven\maven-dependency-tree-2.2.jar
[2024-01-15 15:51:30.199]:         extracting C:\Program Files\NetBeans-20\netbeans\java\modules\org-netbeans-modules-maven-coverage.jar
[2024-01-15 15:51:30.199]:         extracting C:\Program Files\NetBeans-20\netbeans\java\modules\org-netbeans-modules-selenium2-java.jar
[2024-01-15 15:51:30.214]:         extracting C:\Program Files\NetBeans-20\netbeans\java\modules\org-netbeans-modules-ant-browsetask.jar
[2024-01-15 15:51:30.214]:         extracting C:\Program Files\NetBeans-20\netbeans\java\modules\org-netbeans-modules-websvc-jaxws21.jar
[2024-01-15 15:51:30.214]:         extracting C:\Program Files\NetBeans-20\netbeans\java\modules\org-netbeans-modules-ko4j-debugging.jar
[2024-01-15 15:51:30.214]:         extracting C:\Program Files\NetBeans-20\netbeans\java\modules\org-netbeans-modules-xml-tools-java.jar
[2024-01-15 15:51:30.214]:         extracting C:\Program Files\NetBeans-20\netbeans\java\modules\org-netbeans-modules-jshell-support.jar
[2024-01-15 15:51:30.226]:         extracting C:\Program Files\NetBeans-20\netbeans\java\config\ModuleAutoDeps\org-netbeans-api-java.xml
[2024-01-15 15:51:30.226]:         extracting C:\Program Files\NetBeans-20\netbeans\java\config\Modules\org-netbeans-modules-form-nb.xml
[2024-01-15 15:51:30.227]:         extracting C:\Program Files\NetBeans-20\netbeans\java\config\Modules\org-netbeans-modules-ant-kit.xml
[2024-01-15 15:51:30.227]:         extracting C:\Program Files\NetBeans-20\netbeans\java\config\Modules\org-netbeans-modules-javadoc.xml
[2024-01-15 15:51:30.227]:         extracting C:\Program Files\NetBeans-20\netbeans\java\config\Modules\org-netbeans-libs-nbjavacapi.xml
[2024-01-15 15:51:30.227]:         extracting C:\Program Files\NetBeans-20\netbeans\ergonomics\config\Modules\org-netbeans-libs-jstl.xml
[2024-01-15 15:51:30.227]:         extracting C:\Program Files\NetBeans-20\netbeans\javafx\modules\org-netbeans-modules-maven-htmlui.jar
[2024-01-15 15:51:30.227]:         extracting C:\Program Files\NetBeans-20\netbeans\java\update_tracking\org-netbeans-modules-maven.xml
[2024-01-15 15:51:30.227]:         extracting C:\Program Files\NetBeans-20\netbeans\java\update_tracking\org-netbeans-libs-javacapi.xml
[2024-01-15 15:51:30.227]:         extracting C:\Program Files\NetBeans-20\netbeans\java\update_tracking\org-netbeans-lib-nbjshell9.xml
[2024-01-15 15:51:30.227]:         extracting C:\Program Files\NetBeans-20\netbeans\java\update_tracking\org-netbeans-modules-junit.xml
[2024-01-15 15:51:30.227]:         extracting C:\Program Files\NetBeans-20\netbeans\java\update_tracking\org-netbeans-modules-beans.xml
[2024-01-15 15:51:30.227]:         extracting C:\Program Files\NetBeans-20\netbeans\java\maven\lib\plexus-component-annotations.license
[2024-01-15 15:51:30.227]:         extracting C:\Program Files\NetBeans-20\netbeans\java\modules\org-netbeans-modules-java-freeform.jar
[2024-01-15 15:51:30.227]:         extracting C:\Program Files\NetBeans-20\netbeans\java\modules\org-netbeans-modules-maven-grammar.jar
[2024-01-15 15:51:30.227]:         extracting C:\Program Files\NetBeans-20\netbeans\java\modules\org-netbeans-modules-java-sourceui.jar
[2024-01-15 15:51:30.243]:         extracting C:\Program Files\NetBeans-20\netbeans\java\modules\ext\org.eclipse.lsp4j.debug-0.13.0.jar
[2024-01-15 15:51:30.243]:         extracting C:\Program Files\NetBeans-20\netbeans\java\modules\ext\jaxws22\api\jakarta.xml.ws-api.jar
[2024-01-15 15:51:30.243]:         extracting C:\Program Files\NetBeans-20\netbeans\java\modules\ext\maven\lucene-queryparser-9.8.0.jar
[2024-01-15 15:51:30.243]:         extracting C:\Program Files\NetBeans-20\netbeans\java\modules\ext\maven\lucene-highlighter-9.8.0.jar
[2024-01-15 15:51:30.243]:         extracting C:\Program Files\NetBeans-20\netbeans\java\modules\ext\maven\search-backend-smo-7.0.4.jar
[2024-01-15 15:51:30.243]:         extracting C:\Program Files\NetBeans-20\netbeans\java\modules\ext\maven\javax.annotation-api-1.2.jar
[2024-01-15 15:51:30.243]:         extracting C:\Program Files\NetBeans-20\netbeans\java\modules\org-netbeans-modules-j2ee-metadata.jar
[2024-01-15 15:51:30.243]:         extracting C:\Program Files\NetBeans-20\netbeans\java\modules\org-netbeans-modules-java-examples.jar
[2024-01-15 15:51:30.243]:         extracting C:\Program Files\NetBeans-20\netbeans\java\modules\org-netbeans-modules-debugger-jpda.jar
[2024-01-15 15:51:30.259]:         extracting C:\Program Files\NetBeans-20\netbeans\java\modules\org-netbeans-modules-java-platform.jar
[2024-01-15 15:51:30.259]:         extracting C:\Program Files\NetBeans-20\netbeans\java\modules\org-netbeans-modules-kotlin-editor.jar
[2024-01-15 15:51:30.259]:         extracting C:\Program Files\NetBeans-20\netbeans\java\modules\org-netbeans-modules-gradle-htmlui.jar
[2024-01-15 15:51:30.259]:         extracting C:\Program Files\NetBeans-20\netbeans\java\modules\org-netbeans-modules-editor-htmlui.jar
[2024-01-15 15:51:30.259]:         extracting C:\Program Files\NetBeans-20\netbeans\java\modules\org-netbeans-modules-gradle-spring.jar
[2024-01-15 15:51:30.259]:         extracting C:\Program Files\NetBeans-20\netbeans\java\modules\org-netbeans-modules-maven-indexer.jar
[2024-01-15 15:51:30.259]:         extracting C:\Program Files\NetBeans-20\netbeans\java\modules\org-netbeans-modules-java-hints-ui.jar
[2024-01-15 15:51:30.274]:         extracting C:\Program Files\NetBeans-20\netbeans\java\config\Modules\org-netbeans-modules-testng.xml
[2024-01-15 15:51:30.274]:         extracting C:\Program Files\NetBeans-20\netbeans\java\config\Modules\org-netbeans-spi-java-hints.xml
[2024-01-15 15:51:30.274]:         extracting C:\Program Files\NetBeans-20\netbeans\profiler\remote-pack-defs\calibrate-solaris64-15.sh
[2024-01-15 15:51:30.274]:         extracting C:\Program Files\NetBeans-20\netbeans\javafx\modules\org-netbeans-modules-javafx2-kit.jar
[2024-01-15 15:51:30.274]:         extracting C:\Program Files\NetBeans-20\netbeans\java\update_tracking\org-netbeans-lib-nbjshell.xml
[2024-01-15 15:51:30.274]:         extracting C:\Program Files\NetBeans-20\netbeans\java\update_tracking\org-netbeans-modules-form.xml
[2024-01-15 15:51:30.274]:         extracting C:\Program Files\NetBeans-20\netbeans\java\update_tracking\org-netbeans-modules-i18n.xml
[2024-01-15 15:51:30.274]:         extracting C:\Program Files\NetBeans-20\netbeans\java\maven\lib\maven-repository-metadata-3.9.5.jar
[2024-01-15 15:51:30.274]:         extracting C:\Program Files\NetBeans-20\netbeans\java\modules\org-netbeans-modules-maven-search.jar
[2024-01-15 15:51:30.274]:         extracting C:\Program Files\NetBeans-20\netbeans\java\modules\org-netbeans-modules-maven-spring.jar
[2024-01-15 15:51:30.274]:         extracting C:\Program Files\NetBeans-20\netbeans\java\modules\org-netbeans-spi-debugger-jpda-ui.jar
[2024-01-15 15:51:30.274]:         extracting C:\Program Files\NetBeans-20\netbeans\java\modules\org-netbeans-modules-junit-ant-ui.jar
[2024-01-15 15:51:30.274]:         extracting C:\Program Files\NetBeans-20\netbeans\java\modules\org-netbeans-libs-springframework.jar
[2024-01-15 15:51:30.274]:         extracting C:\Program Files\NetBeans-20\netbeans\java\modules\org-netbeans-modules-hudson-maven.jar
[2024-01-15 15:51:30.274]:         extracting C:\Program Files\NetBeans-20\netbeans\java\modules\org-netbeans-modules-java-project.jar
[2024-01-15 15:51:30.274]:         extracting C:\Program Files\NetBeans-20\netbeans\java\modules\org-netbeans-modules-ant-debugger.jar
[2024-01-15 15:51:30.274]:         extracting C:\Program Files\NetBeans-20\netbeans\java\modules\org-netbeans-modules-java-metrics.jar
[2024-01-15 15:51:30.290]:         extracting C:\Program Files\NetBeans-20\netbeans\java\modules\org-netbeans-modules-javawebstart.jar
[2024-01-15 15:51:30.291]:         extracting C:\Program Files\NetBeans-20\netbeans\java\modules\org-netbeans-modules-ant-freeform.jar
[2024-01-15 15:51:30.291]:         extracting C:\Program Files\NetBeans-20\netbeans\java\modules\org-netbeans-modules-spring-beans.jar
[2024-01-15 15:51:30.291]:         extracting C:\Program Files\NetBeans-20\netbeans\java\modules\org-netbeans-modules-testng-maven.jar
[2024-01-15 15:51:30.291]:         extracting C:\Program Files\NetBeans-20\netbeans\java\config\Modules\org-netbeans-modules-maven.xml
[2024-01-15 15:51:30.291]:         extracting C:\Program Files\NetBeans-20\netbeans\java\config\Modules\org-netbeans-libs-javacapi.xml
[2024-01-15 15:51:30.291]:         extracting C:\Program Files\NetBeans-20\netbeans\java\config\Modules\org-netbeans-lib-nbjshell9.xml
[2024-01-15 15:51:30.291]:         extracting C:\Program Files\NetBeans-20\netbeans\java\config\Modules\org-netbeans-modules-junit.xml
[2024-01-15 15:51:30.291]:         extracting C:\Program Files\NetBeans-20\netbeans\java\config\Modules\org-netbeans-modules-beans.xml
[2024-01-15 15:51:30.291]:         extracting C:\Program Files\NetBeans-20\netbeans\profiler\modules\org-netbeans-modules-profiler.jar
[2024-01-15 15:51:30.309]:         extracting C:\Program Files\NetBeans-20\netbeans\profiler\remote-pack-defs\profile-linuxamd64-16.sh
[2024-01-15 15:51:30.309]:         extracting C:\Program Files\NetBeans-20\netbeans\profiler\remote-pack-defs\profile-solsparcv9-15.sh
[2024-01-15 15:51:30.309]:         extracting C:\Program Files\NetBeans-20\netbeans\profiler\remote-pack-defs\profile-solsparcv9-16.sh
[2024-01-15 15:51:30.309]:         extracting C:\Program Files\NetBeans-20\netbeans\profiler\remote-pack-defs\profile-linuxamd64-15.sh
[2024-01-15 15:51:30.309]:         extracting C:\Program Files\NetBeans-20\netbeans\apisupport\modules\org-netbeans-modules-timers.jar
[2024-01-15 15:51:30.309]:         extracting C:\Program Files\NetBeans-20\netbeans\java\update_tracking\org-netbeans-lib-nbjavac.xml
[2024-01-15 15:51:30.309]:         extracting C:\Program Files\NetBeans-20\netbeans\java\maven\lib\jansi-native\Windows\x86\jansi.dll
[2024-01-15 15:51:30.309]:         extracting C:\Program Files\NetBeans-20\netbeans\java\modules\org-netbeans-modules-java-guards.jar
[2024-01-15 15:51:30.309]:         extracting C:\Program Files\NetBeans-20\netbeans\java\modules\org-netbeans-modules-java-source.jar
[2024-01-15 15:51:30.309]:         extracting C:\Program Files\NetBeans-20\netbeans\java\modules\org-netbeans-modules-gradle-java.jar
[2024-01-15 15:51:30.324]:         extracting C:\Program Files\NetBeans-20\netbeans\java\modules\org-netbeans-libs-jshell-compile.jar
[2024-01-15 15:51:30.324]:         extracting C:\Program Files\NetBeans-20\netbeans\java\modules\ext\org.eclipse.xtend.lib-2.24.0.jar
[2024-01-15 15:51:30.324]:         extracting C:\Program Files\NetBeans-20\netbeans\java\modules\org-netbeans-modules-maven-model.jar
[2024-01-15 15:51:30.324]:         extracting C:\Program Files\NetBeans-20\netbeans\java\modules\org-netbeans-modules-maven-junit.jar
[2024-01-15 15:51:30.324]:         extracting C:\Program Files\NetBeans-20\netbeans\java\modules\org-netbeans-modules-maven-hints.jar
[2024-01-15 15:51:30.324]:         extracting C:\Program Files\NetBeans-20\netbeans\java\modules\org-netbeans-modules-maven-graph.jar
[2024-01-15 15:51:30.324]:         extracting C:\Program Files\NetBeans-20\netbeans\java\modules\org-netbeans-modules-gradle-test.jar
[2024-01-15 15:51:30.324]:         extracting C:\Program Files\NetBeans-20\netbeans\java\modules\org-netbeans-modules-java-editor.jar
[2024-01-15 15:51:30.340]:         extracting C:\Program Files\NetBeans-20\netbeans\java\modules\org-netbeans-modules-ant-grammar.jar
[2024-01-15 15:51:30.340]:         extracting C:\Program Files\NetBeans-20\netbeans\java\config\Modules\org-netbeans-lib-nbjshell.xml
[2024-01-15 15:51:30.340]:         extracting C:\Program Files\NetBeans-20\netbeans\java\config\Modules\org-netbeans-modules-form.xml
[2024-01-15 15:51:30.340]:         extracting C:\Program Files\NetBeans-20\netbeans\java\config\Modules\org-netbeans-modules-i18n.xml
[2024-01-15 15:51:30.340]:         extracting C:\Program Files\NetBeans-20\netbeans\profiler\modules\org-netbeans-lib-profiler-ui.jar
[2024-01-15 15:51:30.356]:         extracting C:\Program Files\NetBeans-20\netbeans\profiler\remote-pack-defs\profile-winamd64-15.bat
[2024-01-15 15:51:30.356]:         extracting C:\Program Files\NetBeans-20\netbeans\profiler\remote-pack-defs\nb-profile-amd64-15.bat
[2024-01-15 15:51:30.356]:         extracting C:\Program Files\NetBeans-20\netbeans\profiler\remote-pack-defs\profile-winamd64-16.bat
[2024-01-15 15:51:30.356]:         extracting C:\Program Files\NetBeans-20\netbeans\java\update_tracking\org-netbeans-libs-cglib.xml
[2024-01-15 15:51:30.356]:         extracting C:\Program Files\NetBeans-20\netbeans\java\maven\lib\org.eclipse.sisu.plexus-0.3.5.jar
[2024-01-15 15:51:30.356]:         extracting C:\Program Files\NetBeans-20\netbeans\java\maven\lib\org.eclipse.sisu.inject-0.3.5.jar
[2024-01-15 15:51:30.356]:         extracting C:\Program Files\NetBeans-20\netbeans\java\maven\lib\maven-resolver-provider-3.9.5.jar
[2024-01-15 15:51:30.356]:         extracting C:\Program Files\NetBeans-20\netbeans\java\modules\org-netbeans-modules-testng-ant.jar
[2024-01-15 15:51:30.356]:         extracting C:\Program Files\NetBeans-20\netbeans\java\modules\org-netbeans-modules-java-debug.jar
[2024-01-15 15:51:30.371]:         extracting C:\Program Files\NetBeans-20\netbeans\java\modules\org-netbeans-modules-gradle-kit.jar
[2024-01-15 15:51:30.371]:         extracting C:\Program Files\NetBeans-20\netbeans\java\modules\org-netbeans-modules-java-lexer.jar
[2024-01-15 15:51:30.374]:         extracting C:\Program Files\NetBeans-20\netbeans\java\modules\ext\jaxws22\api\jakarta.jws-api.jar
[2024-01-15 15:51:30.375]:         extracting C:\Program Files\NetBeans-20\netbeans\java\modules\org-netbeans-modules-java-hints.jar
[2024-01-15 15:51:30.391]:         extracting C:\Program Files\NetBeans-20\netbeans\java\modules\org-netbeans-modules-maven-osgi.jar
[2024-01-15 15:51:30.391]:         extracting C:\Program Files\NetBeans-20\netbeans\java\modules\org-netbeans-modules-java-disco.jar
[2024-01-15 15:51:30.391]:         extracting C:\Program Files\NetBeans-20\netbeans\java\modules\org-netbeans-modules-java-graph.jar
[2024-01-15 15:51:30.391]:         extracting C:\Program Files\NetBeans-20\netbeans\java\modules\org-netbeans-modules-hudson-ant.jar
[2024-01-15 15:51:30.391]:         extracting C:\Program Files\NetBeans-20\netbeans\java\config\Modules\org-netbeans-lib-nbjavac.xml
[2024-01-15 15:51:30.391]:         extracting C:\Program Files\NetBeans-20\netbeans\profiler\remote-pack-defs\calibrate-linux-cvm.sh
[2024-01-15 15:51:30.391]:         extracting C:\Program Files\NetBeans-20\netbeans\profiler\remote-pack-defs\profile-solamd64-16.sh
[2024-01-15 15:51:30.391]:         extracting C:\Program Files\NetBeans-20\netbeans\profiler\remote-pack-defs\profile-linuxarm-16.sh
[2024-01-15 15:51:30.391]:         extracting C:\Program Files\NetBeans-20\netbeans\profiler\remote-pack-defs\profile-solamd64-15.sh
[2024-01-15 15:51:30.391]:         extracting C:\Program Files\NetBeans-20\netbeans\java\update_tracking\org-netbeans-api-maven.xml
[2024-01-15 15:51:30.391]:         extracting C:\Program Files\NetBeans-20\netbeans\java\maven\lib\maven-settings-builder-3.9.5.jar
[2024-01-15 15:51:30.391]:         extracting C:\Program Files\NetBeans-20\netbeans\java\maven\conf\logging\simplelogger.properties
[2024-01-15 15:51:30.391]:         extracting C:\Program Files\NetBeans-20\netbeans\java\modules\org-netbeans-modules-classfile.jar
[2024-01-15 15:51:30.391]:         extracting C:\Program Files\NetBeans-20\netbeans\java\modules\org-netbeans-modules-whitelist.jar
[2024-01-15 15:51:30.391]:         extracting C:\Program Files\NetBeans-20\netbeans\java\modules\org-netbeans-api-debugger-jpda.jar
[2024-01-15 15:51:30.406]:         extracting C:\Program Files\NetBeans-20\netbeans\java\modules\org-netbeans-modules-i18n-form.jar
[2024-01-15 15:51:30.406]:         extracting C:\Program Files\NetBeans-20\netbeans\java\modules\org-netbeans-modules-testng-ui.jar
[2024-01-15 15:51:30.406]:         extracting C:\Program Files\NetBeans-20\netbeans\java\modules\org-netbeans-modules-ant-hints.jar
[2024-01-15 15:51:30.406]:         extracting C:\Program Files\NetBeans-20\netbeans\java\modules\org-netbeans-modules-maven-kit.jar
[2024-01-15 15:51:30.406]:         extracting C:\Program Files\NetBeans-20\netbeans\java\modules\org-netbeans-modules-junit-ant.jar
[2024-01-15 15:51:30.406]:         extracting C:\Program Files\NetBeans-20\netbeans\java\config\Modules\org-netbeans-libs-cglib.xml
[2024-01-15 15:51:30.406]:         extracting C:\Program Files\NetBeans-20\netbeans\profiler\remote-pack-defs\calibrate-win-cvm.bat
[2024-01-15 15:51:30.406]:         extracting C:\Program Files\NetBeans-20\netbeans\java\update_tracking\org-netbeans-api-java.xml
[2024-01-15 15:51:30.406]:         extracting C:\Program Files\NetBeans-20\netbeans\java\maven\lib\maven-builder-support-3.9.5.jar
[2024-01-15 15:51:30.406]:         extracting C:\Program Files\NetBeans-20\netbeans\java\maven\lib\org.eclipse.sisu.plexus.license
[2024-01-15 15:51:30.406]:         extracting C:\Program Files\NetBeans-20\netbeans\java\maven\lib\org.eclipse.sisu.inject.license
[2024-01-15 15:51:30.406]:         extracting C:\Program Files\NetBeans-20\netbeans\java\modules\org-netbeans-modules-dbschema.jar
[2024-01-15 15:51:30.406]:         extracting C:\Program Files\NetBeans-20\netbeans\java\modules\org-netbeans-modules-java-kit.jar
[2024-01-15 15:51:30.406]:         extracting C:\Program Files\NetBeans-20\netbeans\java\modules\org-netbeans-modules-form-kit.jar
[2024-01-15 15:51:30.406]:         extracting C:\Program Files\NetBeans-20\netbeans\java\modules\org-netbeans-lib-jshell-agent.jar
[2024-01-15 15:51:30.422]:         extracting C:\Program Files\NetBeans-20\netbeans\java\modules\org-netbeans-modules-junit-ui.jar
[2024-01-15 15:51:30.422]:         extracting C:\Program Files\NetBeans-20\netbeans\java\modules\org-netbeans-modules-xml-jaxb.jar
[2024-01-15 15:51:30.422]:         extracting C:\Program Files\NetBeans-20\netbeans\java\config\Modules\org-netbeans-api-maven.xml
[2024-01-15 15:51:30.422]:         extracting C:\Program Files\NetBeans-20\netbeans\profiler\lib\deployed\jdk16\linux-arm-vfp-hflt
[2024-01-15 15:51:30.422]:         extracting C:\Program Files\NetBeans-20\netbeans\profiler\modules\org-netbeans-lib-profiler.jar
[2024-01-15 15:51:30.422]:         extracting C:\Program Files\NetBeans-20\netbeans\profiler\remote-pack-defs\profile-linux-cvm.sh
[2024-01-15 15:51:30.422]:         extracting C:\Program Files\NetBeans-20\netbeans\profiler\remote-pack-defs\profile-solx86-15.sh
[2024-01-15 15:51:30.422]:         extracting C:\Program Files\NetBeans-20\netbeans\profiler\remote-pack-defs\profile-solx86-16.sh
[2024-01-15 15:51:30.438]:         extracting C:\Program Files\NetBeans-20\netbeans\java\maven\lib\maven-resolver-impl-1.9.16.jar
[2024-01-15 15:51:30.438]:         extracting C:\Program Files\NetBeans-20\netbeans\java\maven\lib\maven-slf4j-provider-3.9.5.jar
[2024-01-15 15:51:30.440]:         extracting C:\Program Files\NetBeans-20\netbeans\java\maven\lib\javax.annotation-api-1.3.2.jar
[2024-01-15 15:51:30.441]:         extracting C:\Program Files\NetBeans-20\netbeans\java\maven\lib\maven-resolver-util-1.9.16.jar
[2024-01-15 15:51:30.443]:         extracting C:\Program Files\NetBeans-20\netbeans\java\modules\ext\maven\indexer-core-7.0.4.jar
[2024-01-15 15:51:30.444]:         extracting C:\Program Files\NetBeans-20\netbeans\java\modules\ext\org.eclipse.lsp4j-0.13.0.jar
[2024-01-15 15:51:30.444]:         extracting C:\Program Files\NetBeans-20\netbeans\java\modules\org-netbeans-modules-javadoc.jar
[2024-01-15 15:51:30.444]:         extracting C:\Program Files\NetBeans-20\netbeans\java\modules\org-netbeans-modules-ant-kit.jar
[2024-01-15 15:51:30.444]:         extracting C:\Program Files\NetBeans-20\netbeans\java\modules\org-netbeans-libs-nbjavacapi.jar
[2024-01-15 15:51:30.444]:         extracting C:\Program Files\NetBeans-20\netbeans\java\modules\org-netbeans-modules-form-nb.jar
[2024-01-15 15:51:30.444]:         extracting C:\Program Files\NetBeans-20\netbeans\java\config\Modules\org-netbeans-api-java.xml
[2024-01-15 15:51:30.457]:         extracting C:\Program Files\NetBeans-20\netbeans\profiler\remote-pack-defs\profile-linux-15.sh
[2024-01-15 15:51:30.457]:         extracting C:\Program Files\NetBeans-20\netbeans\profiler\remote-pack-defs\profile-win-cvm.bat
[2024-01-15 15:51:30.458]:         extracting C:\Program Files\NetBeans-20\netbeans\profiler\remote-pack-defs\profile-linux-16.sh
[2024-01-15 15:51:30.459]:         extracting C:\Program Files\NetBeans-20\netbeans\profiler\remote-pack-defs\calibrate-mac-15.sh
[2024-01-15 15:51:30.459]:         extracting C:\Program Files\NetBeans-20\netbeans\java\maven\lib\maven-resolver-spi-1.9.16.jar
[2024-01-15 15:51:30.460]:         extracting C:\Program Files\NetBeans-20\netbeans\java\maven\lib\plexus-interpolation-1.26.jar
[2024-01-15 15:51:30.461]:         extracting C:\Program Files\NetBeans-20\netbeans\java\maven\lib\plexus-sec-dispatcher.license
[2024-01-15 15:51:30.461]:         extracting C:\Program Files\NetBeans-20\netbeans\java\maven\lib\plexus-sec-dispatcher-2.0.jar
[2024-01-15 15:51:30.461]:         extracting C:\Program Files\NetBeans-20\netbeans\java\maven\lib\maven-resolver-api-1.9.16.jar
[2024-01-15 15:51:30.461]:         extracting C:\Program Files\NetBeans-20\netbeans\java\maven\lib\maven-model-builder-3.9.5.jar
[2024-01-15 15:51:30.461]:         extracting C:\Program Files\NetBeans-20\netbeans\java\maven\boot\plexus-classworlds-2.7.0.jar
[2024-01-15 15:51:30.461]:         extracting C:\Program Files\NetBeans-20\netbeans\java\modules\ext\maven\lucene-core-9.8.0.jar
[2024-01-15 15:51:30.477]:         extracting C:\Program Files\NetBeans-20\netbeans\java\modules\org-netbeans-modules-testng.jar
[2024-01-15 15:51:30.477]:         extracting C:\Program Files\NetBeans-20\netbeans\java\modules\org-netbeans-spi-java-hints.jar
[2024-01-15 15:51:30.477]:         extracting C:\Program Files\NetBeans-20\netbeans\profiler\lib\deployed\jdk16\hpux-pa_risc2.0w
[2024-01-15 15:51:30.477]:         extracting C:\Program Files\NetBeans-20\netbeans\profiler\lib\deployed\jdk15\hpux-pa_risc2.0w
[2024-01-15 15:51:30.477]:         extracting C:\Program Files\NetBeans-20\netbeans\profiler\remote-pack-defs\profile-win-16.bat
[2024-01-15 15:51:30.477]:         extracting C:\Program Files\NetBeans-20\netbeans\profiler\remote-pack-defs\profile-win-15.bat
[2024-01-15 15:51:30.477]:         extracting C:\Program Files\NetBeans-20\netbeans\java\maven\lib\maven-shared-utils-3.3.4.jar
[2024-01-15 15:51:30.490]:         extracting C:\Program Files\NetBeans-20\netbeans\java\maven\lib\javax.annotation-api.license
[2024-01-15 15:51:30.491]:         extracting C:\Program Files\NetBeans-20\netbeans\java\maven\lib\wagon-provider-api-3.5.3.jar
[2024-01-15 15:51:30.491]:         extracting C:\Program Files\NetBeans-20\netbeans\java\maven\lib\plexus-interpolation.license
[2024-01-15 15:51:30.491]:         extracting C:\Program Files\NetBeans-20\netbeans\java\modules\ext\nb-custom-jshell-probe.jar
[2024-01-15 15:51:30.491]:         extracting C:\Program Files\NetBeans-20\netbeans\java\modules\ext\jaxws22\gmbal-api-only.jar
[2024-01-15 15:51:30.491]:         extracting C:\Program Files\NetBeans-20\netbeans\java\modules\ext\jaxws22\management-api.jar
[2024-01-15 15:51:30.491]:         extracting C:\Program Files\NetBeans-20\netbeans\java\modules\ext\maven\search-api-7.0.4.jar
[2024-01-15 15:51:30.491]:         extracting C:\Program Files\NetBeans-20\netbeans\java\modules\org-netbeans-modules-junit.jar
[2024-01-15 15:51:30.491]:         extracting C:\Program Files\NetBeans-20\netbeans\java\modules\org-netbeans-lib-nbjshell9.jar
[2024-01-15 15:51:30.491]:         extracting C:\Program Files\NetBeans-20\netbeans\java\modules\org-netbeans-modules-beans.jar
[2024-01-15 15:51:30.491]:         extracting C:\Program Files\NetBeans-20\netbeans\java\modules\org-netbeans-libs-javacapi.jar
[2024-01-15 15:51:30.491]:         extracting C:\Program Files\NetBeans-20\netbeans\java\modules\org-netbeans-modules-maven.jar
[2024-01-15 15:51:30.507]:         extracting C:\Program Files\NetBeans-20\netbeans\profiler\lib\deployed\jdk16\hpux-pa_risc2.0
[2024-01-15 15:51:30.507]:         extracting C:\Program Files\NetBeans-20\netbeans\profiler\lib\deployed\jdk16\solaris-sparcv9
[2024-01-15 15:51:30.507]:         extracting C:\Program Files\NetBeans-20\netbeans\profiler\lib\deployed\jdk15\hpux-pa_risc2.0
[2024-01-15 15:51:30.507]:         extracting C:\Program Files\NetBeans-20\netbeans\profiler\lib\deployed\jdk15\solaris-sparcv9
[2024-01-15 15:51:30.507]:         extracting C:\Program Files\NetBeans-20\netbeans\profiler\remote-pack-defs\profile-mac-15.sh
[2024-01-15 15:51:30.507]:         extracting C:\Program Files\NetBeans-20\netbeans\profiler\remote-pack-defs\profile-mac-16.sh
[2024-01-15 15:51:30.507]:         extracting C:\Program Files\NetBeans-20\netbeans\profiler\remote-pack-defs\nb-profile-15.bat
[2024-01-15 15:51:30.507]:         extracting C:\Program Files\NetBeans-20\netbeans\java\maven\lib\wagon-http-shared-3.5.3.jar
[2024-01-15 15:51:30.507]:         extracting C:\Program Files\NetBeans-20\netbeans\java\maven\lib\jansi-native\Windows\x86_64
[2024-01-15 15:51:30.507]:         extracting C:\Program Files\NetBeans-20\netbeans\java\maven\boot\plexus-classworlds.license
[2024-01-15 15:51:30.507]:         extracting C:\Program Files\NetBeans-20\netbeans\java\modules\org-netbeans-modules-form.jar
[2024-01-15 15:51:30.540]:         extracting C:\Program Files\NetBeans-20\netbeans\java\modules\ext\jaxws22\woodstox-core.jar
[2024-01-15 15:51:30.540]:         extracting C:\Program Files\NetBeans-20\netbeans\java\modules\org-netbeans-lib-nbjshell.jar
[2024-01-15 15:51:30.540]:         extracting C:\Program Files\NetBeans-20\netbeans\java\modules\org-netbeans-modules-i18n.jar
[2024-01-15 15:51:30.540]:         extracting C:\Program Files\NetBeans-20\netbeans\profiler\remote-pack-defs\calibrate-15.bat
[2024-01-15 15:51:30.540]:         extracting C:\Program Files\NetBeans-20\netbeans\java\maven\lib\maven-plugin-api-3.9.5.jar
[2024-01-15 15:51:30.540]:         extracting C:\Program Files\NetBeans-20\netbeans\java\modules\ext\jaxws22\streambuffer.jar
[2024-01-15 15:51:30.540]:         extracting C:\Program Files\NetBeans-20\netbeans\java\modules\ext\jaxws22\jakarta.mail.jar
[2024-01-15 15:51:30.558]:         extracting C:\Program Files\NetBeans-20\netbeans\java\modules\ext\nb-javac-jdk-21u-api.jar
[2024-01-15 15:51:30.558]:         extracting C:\Program Files\NetBeans-20\netbeans\java\modules\org-netbeans-lib-nbjavac.jar
[2024-01-15 15:51:30.558]:         extracting C:\Program Files\NetBeans-20\netbeans\profiler\lib\deployed\jdk16\solaris-sparc
[2024-01-15 15:51:30.558]:         extracting C:\Program Files\NetBeans-20\netbeans\profiler\lib\deployed\jdk16\solaris-amd64
[2024-01-15 15:51:30.558]:         extracting C:\Program Files\NetBeans-20\netbeans\profiler\lib\deployed\jdk16\windows-amd64
[2024-01-15 15:51:30.558]:         extracting C:\Program Files\NetBeans-20\netbeans\profiler\lib\deployed\jdk15\solaris-sparc
[2024-01-15 15:51:30.558]:         extracting C:\Program Files\NetBeans-20\netbeans\profiler\lib\deployed\jdk15\solaris-amd64
[2024-01-15 15:51:30.558]:         extracting C:\Program Files\NetBeans-20\netbeans\profiler\lib\deployed\jdk15\windows-amd64
[2024-01-15 15:51:30.558]:         extracting C:\Program Files\NetBeans-20\netbeans\profiler\remote-pack-defs\calibrate-15.sh
[2024-01-15 15:51:30.558]:         extracting C:\Program Files\NetBeans-20\netbeans\profiler\remote-pack-defs\calibrate-16.sh
[2024-01-15 15:51:30.558]:         extracting C:\Program Files\NetBeans-20\netbeans\java\maven\lib\jcl-over-slf4j-1.7.36.jar
[2024-01-15 15:51:30.558]:         extracting C:\Program Files\NetBeans-20\netbeans\java\modules\ext\jaxws22\jaxws-tools.jar
[2024-01-15 15:51:30.558]:         extracting C:\Program Files\NetBeans-20\netbeans\java\modules\ext\jaxws22\FastInfoset.jar
[2024-01-15 15:51:30.574]:         extracting C:\Program Files\NetBeans-20\netbeans\java\modules\ext\nb-mod-jshell-probe.jar
[2024-01-15 15:51:30.574]:         extracting C:\Program Files\NetBeans-20\netbeans\java\modules\ext\maven\jdom2-2.0.6.1.jar
[2024-01-15 15:51:30.574]:         extracting C:\Program Files\NetBeans-20\netbeans\java\modules\org-netbeans-libs-cglib.jar
[2024-01-15 15:51:30.574]:         extracting C:\Program Files\NetBeans-20\netbeans\profiler\lib\deployed\jdk16\solaris-i386
[2024-01-15 15:51:30.574]:         extracting C:\Program Files\NetBeans-20\netbeans\profiler\lib\deployed\jdk15\solaris-i386
[2024-01-15 15:51:30.574]:         extracting C:\Program Files\NetBeans-20\netbeans\java\maven\lib\commons-lang3-3.12.0.jar
[2024-01-15 15:51:30.574]:         extracting C:\Program Files\NetBeans-20\netbeans\java\maven\lib\maven-settings-3.9.5.jar
[2024-01-15 15:51:30.574]:         extracting C:\Program Files\NetBeans-20\netbeans\java\maven\lib\maven-embedder-3.9.5.jar
[2024-01-15 15:51:30.574]:         extracting C:\Program Files\NetBeans-20\netbeans\java\maven\lib\commons-codec-1.16.0.jar
[2024-01-15 15:51:30.574]:         extracting C:\Program Files\NetBeans-20\netbeans\java\maven\lib\ext\hazelcast\README.txt
[2024-01-15 15:51:30.574]:         extracting C:\Program Files\NetBeans-20\netbeans\java\maven\lib\jansi-native\Windows\x86
[2024-01-15 15:51:30.574]:         extracting C:\Program Files\NetBeans-20\netbeans\java\maven\lib\maven-artifact-3.9.5.jar
[2024-01-15 15:51:30.589]:         extracting C:\Program Files\NetBeans-20\netbeans\java\scripts\build-langtools-consol.xml
[2024-01-15 15:51:30.589]:         extracting C:\Program Files\NetBeans-20\netbeans\java\modules\gradle\org.jacoco.core.jar
[2024-01-15 15:51:30.592]:         extracting C:\Program Files\NetBeans-20\netbeans\java\modules\ext\checker-qual-3.9.1.jar
[2024-01-15 15:51:30.592]:         extracting C:\Program Files\NetBeans-20\netbeans\java\modules\ext\discoclient-2.0.24.jar
[2024-01-15 15:51:30.592]:         extracting C:\Program Files\NetBeans-20\netbeans\java\modules\org-netbeans-api-maven.jar
[2024-01-15 15:51:30.592]:         extracting C:\Program Files\NetBeans-20\netbeans\profiler\lib\deployed\jdk16\linux-amd64
[2024-01-15 15:51:30.592]:         extracting C:\Program Files\NetBeans-20\netbeans\profiler\lib\deployed\jdk15\linux-amd64
[2024-01-15 15:51:30.592]:         extracting C:\Program Files\NetBeans-20\netbeans\java\maven-nblib\netbeans-eventspy.jar
[2024-01-15 15:51:30.592]:         extracting C:\Program Files\NetBeans-20\netbeans\java\maven\lib\ext\redisson\README.txt
[2024-01-15 15:51:30.592]:         extracting C:\Program Files\NetBeans-20\netbeans\java\maven\lib\failureaccess-1.0.1.jar
[2024-01-15 15:51:30.592]:         extracting C:\Program Files\NetBeans-20\netbeans\java\maven\lib\jansi-native\README.txt
[2024-01-15 15:51:30.592]:         extracting C:\Program Files\NetBeans-20\netbeans\java\sources\org\netbeans\lib\awtextra
[2024-01-15 15:51:30.592]:         extracting C:\Program Files\NetBeans-20\netbeans\java\modules\ext\jaxws22\saaj-impl.jar
[2024-01-15 15:51:30.592]:         extracting C:\Program Files\NetBeans-20\netbeans\java\modules\ext\jaxws22\stax2-api.jar
[2024-01-15 15:51:30.592]:         extracting C:\Program Files\NetBeans-20\netbeans\java\modules\ext\maven\gson-2.10.1.jar
[2024-01-15 15:51:30.592]:         extracting C:\Program Files\NetBeans-20\netbeans\java\modules\org-netbeans-api-java.jar
[2024-01-15 15:51:30.607]:         extracting C:\Program Files\NetBeans-20\netbeans\java\maven\lib\jcl-over-slf4j.license
[2024-01-15 15:51:30.607]:         extracting C:\Program Files\NetBeans-20\netbeans\java\maven\lib\maven-compat-3.9.5.jar
[2024-01-15 15:51:30.607]:         extracting C:\Program Files\NetBeans-20\netbeans\java\maven\lib\plexus-utils-3.5.1.jar
[2024-01-15 15:51:30.607]:         extracting C:\Program Files\NetBeans-20\netbeans\java\modules\ext\nb-javac-jdk-21u.jar
[2024-01-15 15:51:30.654]:         extracting C:\Program Files\NetBeans-20\netbeans\java\modules\ext\jaxws22\mimepull.jar
[2024-01-15 15:51:30.654]:         extracting C:\Program Files\NetBeans-20\netbeans\java\modules\ext\jaxws22\jaxws-rt.jar
[2024-01-15 15:51:30.670]:         extracting C:\Program Files\NetBeans-20\netbeans\java\modules\ext\jdktools-11.0.11.jar
[2024-01-15 15:51:30.670]:         extracting C:\Program Files\NetBeans-20\netbeans\profiler\lib\deployed\jdk16\linux-arm
[2024-01-15 15:51:30.670]:         extracting C:\Program Files\NetBeans-20\netbeans\java\maven\lib\commons-cli-1.5.0.jar
[2024-01-15 15:51:30.670]:         extracting C:\Program Files\NetBeans-20\netbeans\java\maven\lib\plexus-cipher.license
[2024-01-15 15:51:30.670]:         extracting C:\Program Files\NetBeans-20\netbeans\java\maven\lib\httpclient-4.5.14.jar
[2024-01-15 15:51:30.670]:         extracting C:\Program Files\NetBeans-20\netbeans\java\maven\lib\commons-lang3.license
[2024-01-15 15:51:30.670]:         extracting C:\Program Files\NetBeans-20\netbeans\java\maven\lib\plexus-cipher-2.0.jar
[2024-01-15 15:51:30.670]:         extracting C:\Program Files\NetBeans-20\netbeans\java\maven\lib\failureaccess.license
[2024-01-15 15:51:30.670]:         extracting C:\Program Files\NetBeans-20\netbeans\java\maven\lib\commons-codec.license
[2024-01-15 15:51:30.670]:         extracting C:\Program Files\NetBeans-20\netbeans\java\maven\lib\maven-model-3.9.5.jar
[2024-01-15 15:51:30.670]:         extracting C:\Program Files\NetBeans-20\netbeans\java\modules\ext\jaxws22\stax-ex.jar
[2024-01-15 15:51:30.686]:         extracting C:\Program Files\NetBeans-20\netbeans\profiler\remote-pack-defs\README.txt
[2024-01-15 15:51:30.686]:         extracting C:\Program Files\NetBeans-20\netbeans\java\maven\lib\wagon-file-3.5.3.jar
[2024-01-15 15:51:30.686]:         extracting C:\Program Files\NetBeans-20\netbeans\java\maven\lib\maven-core-3.9.5.jar
[2024-01-15 15:51:30.686]:         extracting C:\Program Files\NetBeans-20\netbeans\java\maven\lib\slf4j-api-1.7.36.jar
[2024-01-15 15:51:30.686]:         extracting C:\Program Files\NetBeans-20\netbeans\java\maven\lib\wagon-http-3.5.3.jar
[2024-01-15 15:51:30.686]:         extracting C:\Program Files\NetBeans-20\netbeans\java\maven\lib\jansi-native\Windows
[2024-01-15 15:51:30.686]:         extracting C:\Program Files\NetBeans-20\netbeans\java\maven\lib\plexus-utils.license
[2024-01-15 15:51:30.686]:         extracting C:\Program Files\NetBeans-20\netbeans\java\maven\lib\javax.inject.license
[2024-01-15 15:51:30.686]:         extracting C:\Program Files\NetBeans-20\netbeans\java\maven\lib\guava-32.0.1-jre.jar
[2024-01-15 15:51:30.701]:         extracting C:\Program Files\NetBeans-20\netbeans\java\scripts\J2SEPlatformProbe.java
[2024-01-15 15:51:30.701]:         extracting C:\Program Files\NetBeans-20\netbeans\java\modules\ext\AbsoluteLayout.jar
[2024-01-15 15:51:30.701]:         extracting C:\Program Files\NetBeans-20\netbeans\java\modules\ext\jaxws22\ha-api.jar
[2024-01-15 15:51:30.701]:         extracting C:\Program Files\NetBeans-20\netbeans\java\modules\ext\jaxws22\policy.jar
[2024-01-15 15:51:30.701]:         extracting C:\Program Files\NetBeans-20\netbeans\java\modules\ext\fakeJdkClasses.zip
[2024-01-15 15:51:30.701]:         extracting C:\Program Files\NetBeans-20\netbeans\profiler\lib\deployed\jdk16\windows
[2024-01-15 15:51:30.701]:         extracting C:\Program Files\NetBeans-20\netbeans\profiler\lib\deployed\jdk15\windows
[2024-01-15 15:51:30.701]:         extracting C:\Program Files\NetBeans-20\netbeans\profiler\remote-pack-defs\build.xml
[2024-01-15 15:51:30.701]:         extracting C:\Program Files\NetBeans-20\netbeans\java\maven\lib\aopalliance.license
[2024-01-15 15:51:30.701]:         extracting C:\Program Files\NetBeans-20\netbeans\java\maven\lib\aopalliance-1.0.jar
[2024-01-15 15:51:30.701]:         extracting C:\Program Files\NetBeans-20\netbeans\java\maven\lib\httpcore-4.4.16.jar
[2024-01-15 15:51:30.701]:         extracting C:\Program Files\NetBeans-20\netbeans\java\maven\lib\commons-cli.license
[2024-01-15 15:51:30.701]:         extracting C:\Program Files\NetBeans-20\netbeans\java\modules\ext\maven\rootpackage
[2024-01-15 15:51:30.701]:         extracting C:\Program Files\NetBeans-20\netbeans\profiler\lib\jfluid-server-cvm.jar
[2024-01-15 15:51:30.701]:         extracting C:\Program Files\NetBeans-20\netbeans\java\maven-nblib\netbeans-cos.jar
[2024-01-15 15:51:30.717]:         extracting C:\Program Files\NetBeans-20\netbeans\java\maven\lib\httpclient.license
[2024-01-15 15:51:30.717]:         extracting C:\Program Files\NetBeans-20\netbeans\java\maven\lib\javax.inject-1.jar
[2024-01-15 15:51:30.717]:         extracting C:\Program Files\NetBeans-20\netbeans\profiler\lib\deployed\jdk16\linux
[2024-01-15 15:51:30.717]:         extracting C:\Program Files\NetBeans-20\netbeans\profiler\lib\deployed\jdk15\linux
[2024-01-15 15:51:30.717]:         extracting C:\Program Files\NetBeans-20\netbeans\profiler\lib\deployed\cvm\windows
[2024-01-15 15:51:30.717]:         extracting C:\Program Files\NetBeans-20\netbeans\profiler\lib\jfluid-server-15.jar
[2024-01-15 15:51:30.717]:         extracting C:\Program Files\NetBeans-20\netbeans\java\patterns\project-marker-jdk
[2024-01-15 15:51:30.717]:         extracting C:\Program Files\NetBeans-20\netbeans\java\maven\lib\slf4j-api.license
[2024-01-15 15:51:30.717]:         extracting C:\Program Files\NetBeans-20\netbeans\java\scripts\build-langtools.xml
[2024-01-15 15:51:30.717]:         extracting C:\Program Files\NetBeans-20\netbeans\java\org.eclipse.jdt.core.prefs
[2024-01-15 15:51:30.717]:         extracting C:\Program Files\NetBeans-20\netbeans\java\maven\lib\httpcore.license
[2024-01-15 15:51:30.717]:         extracting C:\Program Files\NetBeans-20\netbeans\profiler\lib\deployed\jdk16\mac
[2024-01-15 15:51:30.717]:         extracting C:\Program Files\NetBeans-20\netbeans\profiler\lib\deployed\jdk15\mac
[2024-01-15 15:51:30.717]:         extracting C:\Program Files\NetBeans-20\netbeans\profiler\lib\deployed\cvm\linux
[2024-01-15 15:51:30.717]:         extracting C:\Program Files\NetBeans-20\netbeans\java\maven\lib\guice-5.1.0.jar
[2024-01-15 15:51:30.717]:         extracting C:\Program Files\NetBeans-20\netbeans\java\maven\lib\jansi-2.4.0.jar
[2024-01-15 15:51:30.717]:         extracting C:\Program Files\NetBeans-20\netbeans\java\maven\conf\toolchains.xml
[2024-01-15 15:51:30.717]:         extracting C:\Program Files\NetBeans-20\netbeans\java\scripts\build-generic.xml
[2024-01-15 15:51:30.717]:         extracting C:\Program Files\NetBeans-20\netbeans\java\modules\ext\cglib-2.2.jar
[2024-01-15 15:51:30.717]:         extracting C:\Program Files\NetBeans-20\netbeans\profiler\lib\jfluid-server.jar
[2024-01-15 15:51:30.732]:         extracting C:\Program Files\NetBeans-20\netbeans\java\maven\lib\ext\README.txt
[2024-01-15 15:51:30.732]:         extracting C:\Program Files\NetBeans-20\netbeans\java\sources\org\netbeans\lib
[2024-01-15 15:51:30.732]:         extracting C:\Program Files\NetBeans-20\netbeans\java\modules\ext\corba\omgapi
[2024-01-15 15:51:30.732]:         extracting C:\Program Files\NetBeans-20\netbeans\java\maven\lib\ext\hazelcast
[2024-01-15 15:51:30.732]:         extracting C:\Program Files\NetBeans-20\netbeans\java\maven\lib\guice.license
[2024-01-15 15:51:30.732]:         extracting C:\Program Files\NetBeans-20\netbeans\java\maven\lib\guava.license
[2024-01-15 15:51:30.732]:         extracting C:\Program Files\NetBeans-20\netbeans\java\maven\lib\jansi.license
[2024-01-15 15:51:30.732]:         extracting C:\Program Files\NetBeans-20\netbeans\java\maven\conf\settings.xml
[2024-01-15 15:51:30.732]:         extracting C:\Program Files\NetBeans-20\netbeans\java\modules\ext\jaxws22\api
[2024-01-15 15:51:30.732]:         extracting C:\Program Files\NetBeans-20\netbeans\java\modules\ext\eclipselink
[2024-01-15 15:51:30.732]:         extracting C:\Program Files\NetBeans-20\netbeans\java\docs\jaxws-api-doc.zip
[2024-01-15 15:51:30.732]:         extracting C:\Program Files\NetBeans-20\netbeans\java\maven\lib\ext\redisson
[2024-01-15 15:51:30.732]:         extracting C:\Program Files\NetBeans-20\netbeans\java\maven\lib\jansi-native
[2024-01-15 15:51:30.732]:         extracting C:\Program Files\NetBeans-20\netbeans\java\maven\bin\mvnDebug.cmd
[2024-01-15 15:51:30.732]:         extracting C:\Program Files\NetBeans-20\netbeans\java\modules\ext\spring-3.0
[2024-01-15 15:51:30.732]:         extracting C:\Program Files\NetBeans-20\netbeans\profiler\lib\deployed\jdk16
[2024-01-15 15:51:30.732]:         extracting C:\Program Files\NetBeans-20\netbeans\profiler\lib\deployed\jdk15
[2024-01-15 15:51:30.732]:         extracting C:\Program Files\NetBeans-20\netbeans\java\config\ModuleAutoDeps
[2024-01-15 15:51:30.732]:         extracting C:\Program Files\NetBeans-20\netbeans\apisupport\update_tracking
[2024-01-15 15:51:30.732]:         extracting C:\Program Files\NetBeans-20\netbeans\ergonomics\update_tracking
[2024-01-15 15:51:30.732]:         extracting C:\Program Files\NetBeans-20\netbeans\java\sources\org\netbeans
[2024-01-15 15:51:30.732]:         extracting C:\Program Files\NetBeans-20\netbeans\java\modules\ext\spring-5
[2024-01-15 15:51:30.732]:         extracting C:\Program Files\NetBeans-20\netbeans\java\modules\ext\spring-4
[2024-01-15 15:51:30.732]:         extracting C:\Program Files\NetBeans-20\netbeans\profiler\lib\deployed\cvm
[2024-01-15 15:51:30.732]:         extracting C:\Program Files\NetBeans-20\netbeans\profiler\remote-pack-defs
[2024-01-15 15:51:30.732]:         extracting C:\Program Files\NetBeans-20\netbeans\apisupport\config\Modules
[2024-01-15 15:51:30.732]:         extracting C:\Program Files\NetBeans-20\netbeans\ergonomics\config\Modules
[2024-01-15 15:51:30.732]:         extracting C:\Program Files\NetBeans-20\netbeans\java\modules\ext\jaxws22
[2024-01-15 15:51:30.732]:         extracting C:\Program Files\NetBeans-20\netbeans\profiler\update_tracking
[2024-01-15 15:51:30.732]:         extracting C:\Program Files\NetBeans-20\netbeans\apisupport\.lastModified
[2024-01-15 15:51:30.732]:         extracting C:\Program Files\NetBeans-20\netbeans\ergonomics\.lastModified
[2024-01-15 15:51:30.732]:         extracting C:\Program Files\NetBeans-20\netbeans\java\maven\bin\mvnDebug
[2024-01-15 15:51:30.732]:         extracting C:\Program Files\NetBeans-20\netbeans\java\maven\conf\logging
[2024-01-15 15:51:30.732]:         extracting C:\Program Files\NetBeans-20\netbeans\java\sources\readme.txt
[2024-01-15 15:51:30.732]:         extracting C:\Program Files\NetBeans-20\netbeans\profiler\config\Modules
[2024-01-15 15:51:30.732]:         extracting C:\Program Files\NetBeans-20\netbeans\java\maven\bin\m2.conf
[2024-01-15 15:51:30.732]:         extracting C:\Program Files\NetBeans-20\netbeans\java\maven\bin\mvn.cmd
[2024-01-15 15:51:30.748]:         extracting C:\Program Files\NetBeans-20\netbeans\java\modules\ext\corba
[2024-01-15 15:51:30.748]:         extracting C:\Program Files\NetBeans-20\netbeans\java\modules\ext\maven
[2024-01-15 15:51:30.748]:         extracting C:\Program Files\NetBeans-20\netbeans\profiler\.lastModified
[2024-01-15 15:51:30.748]:         extracting C:\Program Files\NetBeans-20\netbeans\apisupport\VERSION.txt
[2024-01-15 15:51:30.748]:         extracting C:\Program Files\NetBeans-20\netbeans\javafx\update_tracking
[2024-01-15 15:51:30.748]:         extracting C:\Program Files\NetBeans-20\netbeans\java\maven\README.txt
[2024-01-15 15:51:30.748]:         extracting C:\Program Files\NetBeans-20\netbeans\java\maven\bin\mvnyjp
[2024-01-15 15:51:30.748]:         extracting C:\Program Files\NetBeans-20\netbeans\java\modules\ext\docs
[2024-01-15 15:51:30.748]:         extracting C:\Program Files\NetBeans-20\netbeans\profiler\lib\deployed
[2024-01-15 15:51:30.748]:         extracting C:\Program Files\NetBeans-20\netbeans\javafx\config\Modules
[2024-01-15 15:51:30.748]:         extracting C:\Program Files\NetBeans-20\netbeans\java\update_tracking
[2024-01-15 15:51:30.748]:         extracting C:\Program Files\NetBeans-20\netbeans\profiler\VERSION.txt
[2024-01-15 15:51:30.748]:         extracting C:\Program Files\NetBeans-20\netbeans\apisupport\ant\nblib
[2024-01-15 15:51:30.748]:         extracting C:\Program Files\NetBeans-20\netbeans\javafx\.lastModified
[2024-01-15 15:51:30.748]:         extracting C:\Program Files\NetBeans-20\netbeans\java\modules\gradle
[2024-01-15 15:51:30.748]:         extracting C:\Program Files\NetBeans-20\netbeans\java\config\Modules
[2024-01-15 15:51:30.748]:         extracting C:\Program Files\NetBeans-20\netbeans\java\.lastModified
[2024-01-15 15:51:30.748]:         extracting C:\Program Files\NetBeans-20\netbeans\java\maven\lib\ext
[2024-01-15 15:51:30.748]:         extracting C:\Program Files\NetBeans-20\netbeans\java\maven\LICENSE
[2024-01-15 15:51:30.748]:         extracting C:\Program Files\NetBeans-20\netbeans\java\maven\bin\mvn
[2024-01-15 15:51:30.748]:         extracting C:\Program Files\NetBeans-20\netbeans\profiler\ant\nblib
[2024-01-15 15:51:30.748]:         extracting C:\Program Files\NetBeans-20\netbeans\apisupport\modules
[2024-01-15 15:51:30.748]:         extracting C:\Program Files\NetBeans-20\netbeans\ergonomics\modules
[2024-01-15 15:51:30.748]:         extracting C:\Program Files\NetBeans-20\netbeans\javafx\VERSION.txt
[2024-01-15 15:51:30.748]:         extracting C:\Program Files\NetBeans-20\netbeans\java\maven\NOTICE
[2024-01-15 15:51:30.748]:         extracting C:\Program Files\NetBeans-20\netbeans\apisupport\config
[2024-01-15 15:51:30.748]:         extracting C:\Program Files\NetBeans-20\netbeans\ergonomics\config
[2024-01-15 15:51:30.748]:         extracting C:\Program Files\NetBeans-20\netbeans\java\maven-nblib
[2024-01-15 15:51:30.748]:         extracting C:\Program Files\NetBeans-20\netbeans\java\sources\org
[2024-01-15 15:51:30.748]:         extracting C:\Program Files\NetBeans-20\netbeans\java\VERSION.txt
[2024-01-15 15:51:30.748]:         extracting C:\Program Files\NetBeans-20\netbeans\java\modules\ext
[2024-01-15 15:51:30.748]:         extracting C:\Program Files\NetBeans-20\netbeans\profiler\modules
[2024-01-15 15:51:30.748]:         extracting C:\Program Files\NetBeans-20\netbeans\java\maven\boot
[2024-01-15 15:51:30.748]:         extracting C:\Program Files\NetBeans-20\netbeans\java\maven\conf
[2024-01-15 15:51:30.748]:         extracting C:\Program Files\NetBeans-20\netbeans\profiler\config
[2024-01-15 15:51:30.748]:         extracting C:\Program Files\NetBeans-20\netbeans\java\ant\extra
[2024-01-15 15:51:30.748]:         extracting C:\Program Files\NetBeans-20\netbeans\java\ant\nblib
[2024-01-15 15:51:30.748]:         extracting C:\Program Files\NetBeans-20\netbeans\java\maven\lib
[2024-01-15 15:51:30.748]:         extracting C:\Program Files\NetBeans-20\netbeans\java\maven\bin
[2024-01-15 15:51:30.748]:         extracting C:\Program Files\NetBeans-20\netbeans\apisupport\ant
[2024-01-15 15:51:30.764]:         extracting C:\Program Files\NetBeans-20\netbeans\javafx\modules
[2024-01-15 15:51:30.764]:         extracting C:\Program Files\NetBeans-20\netbeans\java\patterns
[2024-01-15 15:51:30.764]:         extracting C:\Program Files\NetBeans-20\netbeans\javafx\config
[2024-01-15 15:51:30.764]:         extracting C:\Program Files\NetBeans-20\netbeans\java\sources
[2024-01-15 15:51:30.764]:         extracting C:\Program Files\NetBeans-20\netbeans\java\scripts
[2024-01-15 15:51:30.764]:         extracting C:\Program Files\NetBeans-20\netbeans\java\modules
[2024-01-15 15:51:30.764]:         extracting C:\Program Files\NetBeans-20\netbeans\profiler\lib
[2024-01-15 15:51:30.764]:         extracting C:\Program Files\NetBeans-20\netbeans\profiler\ant
[2024-01-15 15:51:30.764]:         extracting C:\Program Files\NetBeans-20\netbeans\java\config
[2024-01-15 15:51:30.764]:         extracting C:\Program Files\NetBeans-20\netbeans\java\maven
[2024-01-15 15:51:30.764]:         extracting C:\Program Files\NetBeans-20\netbeans\apisupport
[2024-01-15 15:51:30.764]:         extracting C:\Program Files\NetBeans-20\netbeans\ergonomics
[2024-01-15 15:51:30.764]:         extracting C:\Program Files\NetBeans-20\netbeans\java\docs
[2024-01-15 15:51:30.764]:         extracting C:\Program Files\NetBeans-20\netbeans\java\ant
[2024-01-15 15:51:30.764]:         extracting C:\Program Files\NetBeans-20\netbeans\profiler
[2024-01-15 15:51:30.764]:         extracting C:\Program Files\NetBeans-20\netbeans\javafx
[2024-01-15 15:51:30.764]:         extracting C:\Program Files\NetBeans-20\netbeans\java
[2024-01-15 15:51:30.764]:         extracting C:\Program Files\NetBeans-20\netbeans
[2024-01-15 15:51:30.764]:         deleting file: C:\Users\imrab\.nbi\tmp\data,1.jar.2
[2024-01-15 15:51:30.764]:         ... saving legal artifacts if required
[2024-01-15 15:51:30.764]:         ... running installation logic
[2024-01-15 15:51:30.764]:         NameResolver - to parse C:\Program Files\NetBeans-20
[2024-01-15 15:51:30.764]:         NameResolver - to parse C:\Program Files\NetBeans-20
[2024-01-15 15:51:30.764]:         Modifying netbeans.conf for NetBeans installed at C:\Program Files\NetBeans-20 by adding cluster "java"
[2024-01-15 15:51:30.764]:         ... initial list of clusters : 
[2024-01-15 15:51:30.764]:             # Licensed to the Apache Software Foundation (ASF) under one
[2024-01-15 15:51:30.764]:             # or more contributor license agreements.  See the NOTICE file
[2024-01-15 15:51:30.764]:             # distributed with this work for additional information
[2024-01-15 15:51:30.764]:             # regarding copyright ownership.  The ASF licenses this file
[2024-01-15 15:51:30.764]:             # to you under the Apache License, Version 2.0 (the
[2024-01-15 15:51:30.764]:             # "License"); you may not use this file except in compliance
[2024-01-15 15:51:30.764]:             # with the License.  You may obtain a copy of the License at
[2024-01-15 15:51:30.764]:             #
[2024-01-15 15:51:30.764]:             #   http://www.apache.org/licenses/LICENSE-2.0
[2024-01-15 15:51:30.764]:             #
[2024-01-15 15:51:30.764]:             # Unless required by applicable law or agreed to in writing,
[2024-01-15 15:51:30.764]:             # software distributed under the License is distributed on an
[2024-01-15 15:51:30.764]:             # "AS IS" BASIS, WITHOUT WARRANTIES OR CONDITIONS OF ANY
[2024-01-15 15:51:30.764]:             # KIND, either express or implied.  See the License for the
[2024-01-15 15:51:30.764]:             # specific language governing permissions and limitations
[2024-01-15 15:51:30.764]:             # under the License.
[2024-01-15 15:51:30.764]:             
[2024-01-15 15:51:30.764]:             # platform cluster first
[2024-01-15 15:51:30.764]:             platform
[2024-01-15 15:51:30.764]:             # application cluster second
[2024-01-15 15:51:30.764]:             nb
[2024-01-15 15:51:30.764]:             # ergonomics cluster if present
[2024-01-15 15:51:30.779]:             ergonomics
[2024-01-15 15:51:30.779]:             # and now the rest
[2024-01-15 15:51:30.779]:             ide
[2024-01-15 15:51:30.779]:             extide
[2024-01-15 15:51:30.779]:             java
[2024-01-15 15:51:30.779]:             apisupport
[2024-01-15 15:51:30.779]:             webcommon
[2024-01-15 15:51:30.779]:             websvccommon
[2024-01-15 15:51:30.779]:             enterprise
[2024-01-15 15:51:30.779]:             mobility
[2024-01-15 15:51:30.779]:             profiler
[2024-01-15 15:51:30.779]:             python
[2024-01-15 15:51:30.779]:             php
[2024-01-15 15:51:30.779]:             identity
[2024-01-15 15:51:30.779]:             harness
[2024-01-15 15:51:30.779]:             cnd
[2024-01-15 15:51:30.779]:             cndext
[2024-01-15 15:51:30.779]:             cpplite
[2024-01-15 15:51:30.779]:             dlight
[2024-01-15 15:51:30.779]:             groovy
[2024-01-15 15:51:30.779]:             extra
[2024-01-15 15:51:30.779]:             javacard
[2024-01-15 15:51:30.779]:             javafx
[2024-01-15 15:51:30.779]:             rust
[2024-01-15 15:51:30.779]:         ... requested cluster already exist, do nothing
[2024-01-15 15:51:30.779]:         Modifying netbeans.conf for NetBeans installed at C:\Program Files\NetBeans-20 by adding cluster "apisupport"
[2024-01-15 15:51:30.779]:         ... initial list of clusters : 
[2024-01-15 15:51:30.779]:             # Licensed to the Apache Software Foundation (ASF) under one
[2024-01-15 15:51:30.779]:             # or more contributor license agreements.  See the NOTICE file
[2024-01-15 15:51:30.779]:             # distributed with this work for additional information
[2024-01-15 15:51:30.779]:             # regarding copyright ownership.  The ASF licenses this file
[2024-01-15 15:51:30.779]:             # to you under the Apache License, Version 2.0 (the
[2024-01-15 15:51:30.779]:             # "License"); you may not use this file except in compliance
[2024-01-15 15:51:30.779]:             # with the License.  You may obtain a copy of the License at
[2024-01-15 15:51:30.779]:             #
[2024-01-15 15:51:30.779]:             #   http://www.apache.org/licenses/LICENSE-2.0
[2024-01-15 15:51:30.779]:             #
[2024-01-15 15:51:30.779]:             # Unless required by applicable law or agreed to in writing,
[2024-01-15 15:51:30.779]:             # software distributed under the License is distributed on an
[2024-01-15 15:51:30.779]:             # "AS IS" BASIS, WITHOUT WARRANTIES OR CONDITIONS OF ANY
[2024-01-15 15:51:30.779]:             # KIND, either express or implied.  See the License for the
[2024-01-15 15:51:30.779]:             # specific language governing permissions and limitations
[2024-01-15 15:51:30.779]:             # under the License.
[2024-01-15 15:51:30.779]:             
[2024-01-15 15:51:30.779]:             # platform cluster first
[2024-01-15 15:51:30.779]:             platform
[2024-01-15 15:51:30.779]:             # application cluster second
[2024-01-15 15:51:30.779]:             nb
[2024-01-15 15:51:30.779]:             # ergonomics cluster if present
[2024-01-15 15:51:30.779]:             ergonomics
[2024-01-15 15:51:30.779]:             # and now the rest
[2024-01-15 15:51:30.779]:             ide
[2024-01-15 15:51:30.779]:             extide
[2024-01-15 15:51:30.779]:             java
[2024-01-15 15:51:30.779]:             apisupport
[2024-01-15 15:51:30.779]:             webcommon
[2024-01-15 15:51:30.779]:             websvccommon
[2024-01-15 15:51:30.779]:             enterprise
[2024-01-15 15:51:30.779]:             mobility
[2024-01-15 15:51:30.779]:             profiler
[2024-01-15 15:51:30.779]:             python
[2024-01-15 15:51:30.779]:             php
[2024-01-15 15:51:30.779]:             identity
[2024-01-15 15:51:30.779]:             harness
[2024-01-15 15:51:30.779]:             cnd
[2024-01-15 15:51:30.779]:             cndext
[2024-01-15 15:51:30.779]:             cpplite
[2024-01-15 15:51:30.779]:             dlight
[2024-01-15 15:51:30.795]:             groovy
[2024-01-15 15:51:30.795]:             extra
[2024-01-15 15:51:30.795]:             javacard
[2024-01-15 15:51:30.795]:             javafx
[2024-01-15 15:51:30.795]:             rust
[2024-01-15 15:51:30.795]:         ... requested cluster already exist, do nothing
[2024-01-15 15:51:30.795]:         Modifying netbeans.conf for NetBeans installed at C:\Program Files\NetBeans-20 by adding cluster "harness"
[2024-01-15 15:51:30.795]:         ... initial list of clusters : 
[2024-01-15 15:51:30.795]:             # Licensed to the Apache Software Foundation (ASF) under one
[2024-01-15 15:51:30.795]:             # or more contributor license agreements.  See the NOTICE file
[2024-01-15 15:51:30.795]:             # distributed with this work for additional information
[2024-01-15 15:51:30.795]:             # regarding copyright ownership.  The ASF licenses this file
[2024-01-15 15:51:30.795]:             # to you under the Apache License, Version 2.0 (the
[2024-01-15 15:51:30.795]:             # "License"); you may not use this file except in compliance
[2024-01-15 15:51:30.795]:             # with the License.  You may obtain a copy of the License at
[2024-01-15 15:51:30.795]:             #
[2024-01-15 15:51:30.795]:             #   http://www.apache.org/licenses/LICENSE-2.0
[2024-01-15 15:51:30.795]:             #
[2024-01-15 15:51:30.795]:             # Unless required by applicable law or agreed to in writing,
[2024-01-15 15:51:30.795]:             # software distributed under the License is distributed on an
[2024-01-15 15:51:30.795]:             # "AS IS" BASIS, WITHOUT WARRANTIES OR CONDITIONS OF ANY
[2024-01-15 15:51:30.795]:             # KIND, either express or implied.  See the License for the
[2024-01-15 15:51:30.795]:             # specific language governing permissions and limitations
[2024-01-15 15:51:30.795]:             # under the License.
[2024-01-15 15:51:30.795]:             
[2024-01-15 15:51:30.795]:             # platform cluster first
[2024-01-15 15:51:30.795]:             platform
[2024-01-15 15:51:30.795]:             # application cluster second
[2024-01-15 15:51:30.795]:             nb
[2024-01-15 15:51:30.795]:             # ergonomics cluster if present
[2024-01-15 15:51:30.795]:             ergonomics
[2024-01-15 15:51:30.795]:             # and now the rest
[2024-01-15 15:51:30.795]:             ide
[2024-01-15 15:51:30.795]:             extide
[2024-01-15 15:51:30.795]:             java
[2024-01-15 15:51:30.795]:             apisupport
[2024-01-15 15:51:30.795]:             webcommon
[2024-01-15 15:51:30.795]:             websvccommon
[2024-01-15 15:51:30.795]:             enterprise
[2024-01-15 15:51:30.795]:             mobility
[2024-01-15 15:51:30.795]:             profiler
[2024-01-15 15:51:30.795]:             python
[2024-01-15 15:51:30.795]:             php
[2024-01-15 15:51:30.795]:             identity
[2024-01-15 15:51:30.795]:             harness
[2024-01-15 15:51:30.795]:             cnd
[2024-01-15 15:51:30.795]:             cndext
[2024-01-15 15:51:30.795]:             cpplite
[2024-01-15 15:51:30.795]:             dlight
[2024-01-15 15:51:30.795]:             groovy
[2024-01-15 15:51:30.795]:             extra
[2024-01-15 15:51:30.795]:             javacard
[2024-01-15 15:51:30.795]:             javafx
[2024-01-15 15:51:30.795]:             rust
[2024-01-15 15:51:30.795]:         ... requested cluster already exist, do nothing
[2024-01-15 15:51:30.795]:         Modifying netbeans.conf for NetBeans installed at C:\Program Files\NetBeans-20 by adding cluster "profiler"
[2024-01-15 15:51:30.795]:         ... initial list of clusters : 
[2024-01-15 15:51:30.795]:             # Licensed to the Apache Software Foundation (ASF) under one
[2024-01-15 15:51:30.795]:             # or more contributor license agreements.  See the NOTICE file
[2024-01-15 15:51:30.795]:             # distributed with this work for additional information
[2024-01-15 15:51:30.795]:             # regarding copyright ownership.  The ASF licenses this file
[2024-01-15 15:51:30.811]:             # to you under the Apache License, Version 2.0 (the
[2024-01-15 15:51:30.811]:             # "License"); you may not use this file except in compliance
[2024-01-15 15:51:30.811]:             # with the License.  You may obtain a copy of the License at
[2024-01-15 15:51:30.811]:             #
[2024-01-15 15:51:30.811]:             #   http://www.apache.org/licenses/LICENSE-2.0
[2024-01-15 15:51:30.811]:             #
[2024-01-15 15:51:30.811]:             # Unless required by applicable law or agreed to in writing,
[2024-01-15 15:51:30.811]:             # software distributed under the License is distributed on an
[2024-01-15 15:51:30.811]:             # "AS IS" BASIS, WITHOUT WARRANTIES OR CONDITIONS OF ANY
[2024-01-15 15:51:30.811]:             # KIND, either express or implied.  See the License for the
[2024-01-15 15:51:30.811]:             # specific language governing permissions and limitations
[2024-01-15 15:51:30.811]:             # under the License.
[2024-01-15 15:51:30.811]:             
[2024-01-15 15:51:30.811]:             # platform cluster first
[2024-01-15 15:51:30.811]:             platform
[2024-01-15 15:51:30.811]:             # application cluster second
[2024-01-15 15:51:30.811]:             nb
[2024-01-15 15:51:30.811]:             # ergonomics cluster if present
[2024-01-15 15:51:30.811]:             ergonomics
[2024-01-15 15:51:30.811]:             # and now the rest
[2024-01-15 15:51:30.811]:             ide
[2024-01-15 15:51:30.811]:             extide
[2024-01-15 15:51:30.811]:             java
[2024-01-15 15:51:30.811]:             apisupport
[2024-01-15 15:51:30.811]:             webcommon
[2024-01-15 15:51:30.811]:             websvccommon
[2024-01-15 15:51:30.811]:             enterprise
[2024-01-15 15:51:30.811]:             mobility
[2024-01-15 15:51:30.811]:             profiler
[2024-01-15 15:51:30.811]:             python
[2024-01-15 15:51:30.811]:             php
[2024-01-15 15:51:30.811]:             identity
[2024-01-15 15:51:30.811]:             harness
[2024-01-15 15:51:30.811]:             cnd
[2024-01-15 15:51:30.811]:             cndext
[2024-01-15 15:51:30.811]:             cpplite
[2024-01-15 15:51:30.811]:             dlight
[2024-01-15 15:51:30.811]:             groovy
[2024-01-15 15:51:30.811]:             extra
[2024-01-15 15:51:30.811]:             javacard
[2024-01-15 15:51:30.811]:             javafx
[2024-01-15 15:51:30.811]:             rust
[2024-01-15 15:51:30.811]:         ... requested cluster already exist, do nothing
[2024-01-15 15:51:30.811]:             child = apisupport
[2024-01-15 15:51:30.811]:             child = bin
[2024-01-15 15:51:30.811]:             child = cpplite
[2024-01-15 15:51:30.811]:             child = DEPENDENCIES
[2024-01-15 15:51:30.811]:             child = ergonomics
[2024-01-15 15:51:30.811]:             child = etc
[2024-01-15 15:51:30.811]:             child = extide
[2024-01-15 15:51:30.811]:             child = harness
[2024-01-15 15:51:30.811]:             child = ide
[2024-01-15 15:51:30.811]:             child = java
[2024-01-15 15:51:30.811]:             child = javafx
[2024-01-15 15:51:30.811]:             child = LICENSE
[2024-01-15 15:51:30.811]:             child = licenses
[2024-01-15 15:51:30.811]:             child = nb
[2024-01-15 15:51:30.811]:         NameResolver - to parse C:\Program Files\NetBeans-20
[2024-01-15 15:51:30.811]:         NameResolver - to parse C:\Program Files\NetBeans-20
[2024-01-15 15:51:30.811]:         NameResolver - to parse C:\Program Files\NetBeans-20
[2024-01-15 15:51:30.811]:         ... getting JavaFX SOFTWARE\JavaSoft\JavaFX SDK value: JFXSDKHome
[2024-01-15 15:51:30.811]:         ... cannot find SOFTWARE\JavaSoft\JavaFX SDK for this product
[2024-01-15 15:51:30.811]:         ... cannot find SOFTWARE\Oracle\JavaFX\ for this product
[2024-01-15 15:51:30.811]:         ... register in system, create uninstaller, etc
[2024-01-15 15:51:30.811]:         ... save installation files list
[2024-01-15 15:51:30.873]:     ... finished installation of Java SE(nb-javase/20.0.0.231123.0)
[2024-01-15 15:51:31.080]:     NameResolver - to parse Installing {0}...
[2024-01-15 15:51:31.080]:     Start installation of Java EE(nb-javaee/20.0.0.231123.0)
[2024-01-15 15:51:31.080]:         NameResolver - to parse C:\Program Files\NetBeans-20
[2024-01-15 15:51:31.080]:         NameResolver - to parse C:\Program Files\NetBeans-20
[2024-01-15 15:51:31.080]:         NameResolver - to parse C:\Program Files\NetBeans-20
[2024-01-15 15:51:31.080]:         NameResolver - to parse C:\Program Files\NetBeans-20
[2024-01-15 15:51:31.080]:         ... extracting files from the data archives
[2024-01-15 15:51:31.080]:         NameResolver - to parse C:\Program Files\NetBeans-20
[2024-01-15 15:51:31.080]:         deleting file: C:\Users\imrab\AppData\Local\Temp\nbi-11280959671891585054.tmp
[2024-01-15 15:51:31.080]:         extracting C:\Program Files\NetBeans-20\netbeans\enterprise\modules\ext\oci-java-sdk-addons-apache-configurator-jersey-3.25.3.jar
[2024-01-15 15:51:31.080]:         extracting C:\Program Files\NetBeans-20\netbeans\enterprise\update_tracking\org-netbeans-modules-projectimport-eclipse-web.xml
[2024-01-15 15:51:31.080]:         extracting C:\Program Files\NetBeans-20\netbeans\enterprise\update_tracking\org-netbeans-modules-websvc-saas-codegen-j2ee.xml
[2024-01-15 15:51:31.080]:         extracting C:\Program Files\NetBeans-20\netbeans\enterprise\config\Modules\org-netbeans-modules-projectimport-eclipse-web.xml
[2024-01-15 15:51:31.080]:         extracting C:\Program Files\NetBeans-20\netbeans\enterprise\ant\sources\org\netbeans\modules\web\project\ant\JspCSingle.java
[2024-01-15 15:51:31.095]:         extracting C:\Program Files\NetBeans-20\netbeans\enterprise\config\Modules\org-netbeans-modules-websvc-saas-codegen-j2ee.xml
[2024-01-15 15:51:31.095]:         extracting C:\Program Files\NetBeans-20\netbeans\enterprise\update_tracking\org-netbeans-modules-javaee-beanvalidation.xml
[2024-01-15 15:51:31.095]:         extracting C:\Program Files\NetBeans-20\netbeans\enterprise\update_tracking\org-netbeans-modules-jellytools-enterprise.xml
[2024-01-15 15:51:31.095]:         extracting C:\Program Files\NetBeans-20\netbeans\enterprise\update_tracking\org-netbeans-modules-websvc-jaxws-lightapi.xml
[2024-01-15 15:51:31.095]:         extracting C:\Program Files\NetBeans-20\netbeans\enterprise\modules\ext\jackson\jackson-module-jaxb-annotations-2.13.5.jar
[2024-01-15 15:51:31.095]:         extracting C:\Program Files\NetBeans-20\netbeans\enterprise\modules\ext\aws-sdk\aws-java-sdk-elasticbeanstalk-1.11.569.jar
[2024-01-15 15:51:31.095]:         extracting C:\Program Files\NetBeans-20\netbeans\enterprise\update_tracking\org-netbeans-modules-jakartaee10-platform.xml
[2024-01-15 15:51:31.095]:         extracting C:\Program Files\NetBeans-20\netbeans\enterprise\update_tracking\org-netbeans-modules-javaee-specs-support.xml
[2024-01-15 15:51:31.095]:         extracting C:\Program Files\NetBeans-20\netbeans\enterprise\update_tracking\org-netbeans-modules-websvc-customization.xml
[2024-01-15 15:51:31.095]:         extracting C:\Program Files\NetBeans-20\netbeans\enterprise\update_tracking\org-netbeans-modules-j2ee-ejbverification.xml
[2024-01-15 15:51:31.095]:         extracting C:\Program Files\NetBeans-20\netbeans\enterprise\config\Modules\org-netbeans-modules-javaee-beanvalidation.xml
[2024-01-15 15:51:31.095]:         extracting C:\Program Files\NetBeans-20\netbeans\enterprise\config\Modules\org-netbeans-modules-jellytools-enterprise.xml
[2024-01-15 15:51:31.095]:         extracting C:\Program Files\NetBeans-20\netbeans\enterprise\config\Modules\org-netbeans-modules-websvc-jaxws-lightapi.xml
[2024-01-15 15:51:31.095]:         extracting C:\Program Files\NetBeans-20\netbeans\enterprise\update_tracking\org-netbeans-modules-jakarta-transformer.xml
[2024-01-15 15:51:31.095]:         extracting C:\Program Files\NetBeans-20\netbeans\enterprise\update_tracking\org-netbeans-modules-jakartaee9-platform.xml
[2024-01-15 15:51:31.095]:         extracting C:\Program Files\NetBeans-20\netbeans\enterprise\update_tracking\org-netbeans-modules-websvc-editor-hints.xml
[2024-01-15 15:51:31.095]:         extracting C:\Program Files\NetBeans-20\netbeans\enterprise\update_tracking\org-netbeans-modules-jakartaee8-platform.xml
[2024-01-15 15:51:31.095]:         extracting C:\Program Files\NetBeans-20\netbeans\enterprise\update_tracking\org-netbeans-modules-j2ee-ejbrefactoring.xml
[2024-01-15 15:51:31.095]:         extracting C:\Program Files\NetBeans-20\netbeans\enterprise\modules\ext\oci-java-sdk-common-httpclient-jersey-3.25.3.jar
[2024-01-15 15:51:31.095]:         extracting C:\Program Files\NetBeans-20\netbeans\enterprise\config\Modules\org-netbeans-modules-jakartaee10-platform.xml
[2024-01-15 15:51:31.095]:         extracting C:\Program Files\NetBeans-20\netbeans\enterprise\config\Modules\org-netbeans-modules-javaee-specs-support.xml
[2024-01-15 15:51:31.111]:         extracting C:\Program Files\NetBeans-20\netbeans\enterprise\config\Modules\org-netbeans-modules-websvc-customization.xml
[2024-01-15 15:51:31.111]:         extracting C:\Program Files\NetBeans-20\netbeans\enterprise\config\Modules\org-netbeans-modules-j2ee-ejbverification.xml
[2024-01-15 15:51:31.111]:         extracting C:\Program Files\NetBeans-20\netbeans\enterprise\update_tracking\org-netbeans-modules-j2ee-api-ejbmodule.xml
[2024-01-15 15:51:31.111]:         extracting C:\Program Files\NetBeans-20\netbeans\enterprise\update_tracking\org-netbeans-modules-j2ee-ejbjarproject.xml
[2024-01-15 15:51:31.111]:         extracting C:\Program Files\NetBeans-20\netbeans\enterprise\update_tracking\org-netbeans-modules-j2ee-genericserver.xml
[2024-01-15 15:51:31.111]:         extracting C:\Program Files\NetBeans-20\netbeans\enterprise\update_tracking\org-netbeans-modules-web-jsf-navigation.xml
[2024-01-15 15:51:31.111]:         extracting C:\Program Files\NetBeans-20\netbeans\enterprise\update_tracking\org-netbeans-modules-glassfish-eecommon.xml
[2024-01-15 15:51:31.111]:         extracting C:\Program Files\NetBeans-20\netbeans\enterprise\update_tracking\org-netbeans-modules-j2ee-clientproject.xml
[2024-01-15 15:51:31.111]:         extracting C:\Program Files\NetBeans-20\netbeans\enterprise\update_tracking\org-netbeans-modules-j2ee-dd-webservice.xml
[2024-01-15 15:51:31.111]:         extracting C:\Program Files\NetBeans-20\netbeans\enterprise\config\Modules\org-netbeans-modules-jakarta-transformer.xml
[2024-01-15 15:51:31.111]:         extracting C:\Program Files\NetBeans-20\netbeans\enterprise\config\Modules\org-netbeans-modules-jakartaee9-platform.xml
[2024-01-15 15:51:31.111]:         extracting C:\Program Files\NetBeans-20\netbeans\enterprise\config\Modules\org-netbeans-modules-websvc-editor-hints.xml
[2024-01-15 15:51:31.111]:         extracting C:\Program Files\NetBeans-20\netbeans\enterprise\config\Modules\org-netbeans-modules-jakartaee8-platform.xml
[2024-01-15 15:51:31.111]:         extracting C:\Program Files\NetBeans-20\netbeans\enterprise\config\Modules\org-netbeans-modules-j2ee-ejbrefactoring.xml
[2024-01-15 15:51:31.111]:         extracting C:\Program Files\NetBeans-20\netbeans\enterprise\ant\sources\org\netbeans\modules\web\project\ant\JspC.java
[2024-01-15 15:51:31.111]:         extracting C:\Program Files\NetBeans-20\netbeans\enterprise\update_tracking\org-netbeans-modules-glassfish-tooling.xml
[2024-01-15 15:51:31.111]:         extracting C:\Program Files\NetBeans-20\netbeans\enterprise\update_tracking\org-netbeans-modules-jakarta-web-beans.xml
[2024-01-15 15:51:31.111]:         extracting C:\Program Files\NetBeans-20\netbeans\enterprise\update_tracking\org-netbeans-modules-web-jsf-richfaces.xml
[2024-01-15 15:51:31.111]:         extracting C:\Program Files\NetBeans-20\netbeans\enterprise\update_tracking\org-netbeans-modules-websvc-projectapi.xml
[2024-01-15 15:51:31.111]:         extracting C:\Program Files\NetBeans-20\netbeans\enterprise\update_tracking\org-netbeans-modules-websvc-wsstackapi.xml
[2024-01-15 15:51:31.111]:         extracting C:\Program Files\NetBeans-20\netbeans\enterprise\update_tracking\org-netbeans-modules-websvc-jaxwsmodel.xml
[2024-01-15 15:51:31.111]:         extracting C:\Program Files\NetBeans-20\netbeans\enterprise\modules\ext\jersey2\jersey-container-servlet-core-2.35.jar
[2024-01-15 15:51:31.111]:         extracting C:\Program Files\NetBeans-20\netbeans\enterprise\modules\org-netbeans-modules-projectimport-eclipse-web.jar
[2024-01-15 15:51:31.111]:         extracting C:\Program Files\NetBeans-20\netbeans\enterprise\config\Modules\org-netbeans-modules-j2ee-api-ejbmodule.xml
[2024-01-15 15:51:31.111]:         extracting C:\Program Files\NetBeans-20\netbeans\enterprise\config\Modules\org-netbeans-modules-j2ee-ejbjarproject.xml
[2024-01-15 15:51:31.111]:         extracting C:\Program Files\NetBeans-20\netbeans\enterprise\config\Modules\org-netbeans-modules-j2ee-genericserver.xml
[2024-01-15 15:51:31.127]:         extracting C:\Program Files\NetBeans-20\netbeans\enterprise\config\Modules\org-netbeans-modules-web-jsf-navigation.xml
[2024-01-15 15:51:31.127]:         extracting C:\Program Files\NetBeans-20\netbeans\enterprise\config\Modules\org-netbeans-modules-glassfish-eecommon.xml
[2024-01-15 15:51:31.127]:         extracting C:\Program Files\NetBeans-20\netbeans\enterprise\config\Modules\org-netbeans-modules-j2ee-clientproject.xml
[2024-01-15 15:51:31.127]:         extracting C:\Program Files\NetBeans-20\netbeans\enterprise\config\Modules\org-netbeans-modules-j2ee-dd-webservice.xml
[2024-01-15 15:51:31.127]:         extracting C:\Program Files\NetBeans-20\netbeans\enterprise\update_tracking\org-netbeans-modules-websvc-clientapi.xml
[2024-01-15 15:51:31.127]:         extracting C:\Program Files\NetBeans-20\netbeans\enterprise\update_tracking\org-netbeans-modules-websvc-metro-lib.xml
[2024-01-15 15:51:31.127]:         extracting C:\Program Files\NetBeans-20\netbeans\enterprise\update_tracking\org-netbeans-modules-websvc-utilities.xml
[2024-01-15 15:51:31.127]:         extracting C:\Program Files\NetBeans-20\netbeans\enterprise\update_tracking\org-netbeans-modules-javaee-resources.xml
[2024-01-15 15:51:31.127]:         extracting C:\Program Files\NetBeans-20\netbeans\enterprise\update_tracking\org-netbeans-modules-web-jsf-icefaces.xml
[2024-01-15 15:51:31.127]:         extracting C:\Program Files\NetBeans-20\netbeans\enterprise\update_tracking\org-netbeans-modules-websvc-websvcapi.xml
[2024-01-15 15:51:31.127]:         extracting C:\Program Files\NetBeans-20\netbeans\enterprise\update_tracking\org-netbeans-modules-glassfish-javaee.xml
[2024-01-15 15:51:31.127]:         extracting C:\Program Files\NetBeans-20\netbeans\enterprise\update_tracking\org-netbeans-modules-payara-jakartaee.xml
[2024-01-15 15:51:31.127]:         extracting C:\Program Files\NetBeans-20\netbeans\enterprise\update_tracking\org-netbeans-modules-glassfish-common.xml
[2024-01-15 15:51:31.127]:         extracting C:\Program Files\NetBeans-20\netbeans\enterprise\modules\org-netbeans-modules-websvc-saas-codegen-j2ee.jar
[2024-01-15 15:51:31.127]:         extracting C:\Program Files\NetBeans-20\netbeans\enterprise\config\Modules\org-netbeans-modules-glassfish-tooling.xml
[2024-01-15 15:51:31.127]:         extracting C:\Program Files\NetBeans-20\netbeans\enterprise\config\Modules\org-netbeans-modules-jakarta-web-beans.xml
[2024-01-15 15:51:31.127]:         extracting C:\Program Files\NetBeans-20\netbeans\enterprise\config\Modules\org-netbeans-modules-web-jsf-richfaces.xml
[2024-01-15 15:51:31.127]:         extracting C:\Program Files\NetBeans-20\netbeans\enterprise\config\Modules\org-netbeans-modules-websvc-projectapi.xml
[2024-01-15 15:51:31.127]:         extracting C:\Program Files\NetBeans-20\netbeans\enterprise\config\Modules\org-netbeans-modules-websvc-wsstackapi.xml
[2024-01-15 15:51:31.127]:         extracting C:\Program Files\NetBeans-20\netbeans\enterprise\config\Modules\org-netbeans-modules-websvc-jaxwsmodel.xml
[2024-01-15 15:51:31.127]:         extracting C:\Program Files\NetBeans-20\netbeans\enterprise\update_tracking\org-netbeans-libs-commons_fileupload.xml
[2024-01-15 15:51:31.127]:         extracting C:\Program Files\NetBeans-20\netbeans\enterprise\update_tracking\org-netbeans-modules-j2ee-earproject.xml
[2024-01-15 15:51:31.127]:         extracting C:\Program Files\NetBeans-20\netbeans\enterprise\update_tracking\org-netbeans-modules-web-core-syntax.xml
[2024-01-15 15:51:31.127]:         extracting C:\Program Files\NetBeans-20\netbeans\enterprise\update_tracking\org-netbeans-modules-j2ee-sun-appsrv.xml
[2024-01-15 15:51:31.127]:         extracting C:\Program Files\NetBeans-20\netbeans\enterprise\update_tracking\org-netbeans-modules-web-refactoring.xml
[2024-01-15 15:51:31.127]:         extracting C:\Program Files\NetBeans-20\netbeans\enterprise\update_tracking\org-netbeans-modules-weblogic-common.xml
[2024-01-15 15:51:31.127]:         extracting C:\Program Files\NetBeans-20\netbeans\enterprise\update_tracking\org-netbeans-modules-payara-eecommon.xml
[2024-01-15 15:51:31.142]:         extracting C:\Program Files\NetBeans-20\netbeans\enterprise\update_tracking\org-netbeans-modules-websvc-jaxwsapi.xml
[2024-01-15 15:51:31.142]:         extracting C:\Program Files\NetBeans-20\netbeans\enterprise\update_tracking\org-netbeans-modules-web-client-rest.xml
[2024-01-15 15:51:31.142]:         extracting C:\Program Files\NetBeans-20\netbeans\enterprise\update_tracking\org-netbeans-modules-jakartaee10-api.xml
[2024-01-15 15:51:31.142]:         extracting C:\Program Files\NetBeans-20\netbeans\enterprise\modules\ext\spring-boot-configuration-metadata-2.4.4.jar
[2024-01-15 15:51:31.142]:         extracting C:\Program Files\NetBeans-20\netbeans\enterprise\config\Modules\org-netbeans-modules-websvc-clientapi.xml
[2024-01-15 15:51:31.142]:         extracting C:\Program Files\NetBeans-20\netbeans\enterprise\config\Modules\org-netbeans-modules-websvc-metro-lib.xml
[2024-01-15 15:51:31.142]:         extracting C:\Program Files\NetBeans-20\netbeans\enterprise\config\Modules\org-netbeans-modules-websvc-utilities.xml
[2024-01-15 15:51:31.142]:         extracting C:\Program Files\NetBeans-20\netbeans\enterprise\config\Modules\org-netbeans-modules-javaee-resources.xml
[2024-01-15 15:51:31.142]:         extracting C:\Program Files\NetBeans-20\netbeans\enterprise\config\Modules\org-netbeans-modules-web-jsf-icefaces.xml
[2024-01-15 15:51:31.142]:         extracting C:\Program Files\NetBeans-20\netbeans\enterprise\config\Modules\org-netbeans-modules-websvc-websvcapi.xml
[2024-01-15 15:51:31.142]:         extracting C:\Program Files\NetBeans-20\netbeans\enterprise\config\Modules\org-netbeans-modules-glassfish-javaee.xml
[2024-01-15 15:51:31.142]:         extracting C:\Program Files\NetBeans-20\netbeans\enterprise\config\Modules\org-netbeans-modules-payara-jakartaee.xml
[2024-01-15 15:51:31.142]:         extracting C:\Program Files\NetBeans-20\netbeans\enterprise\config\Modules\org-netbeans-modules-glassfish-common.xml
[2024-01-15 15:51:31.142]:         extracting C:\Program Files\NetBeans-20\netbeans\groovy\update_tracking\org-netbeans-modules-groovy-refactoring.xml
[2024-01-15 15:51:31.142]:         extracting C:\Program Files\NetBeans-20\netbeans\enterprise\update_tracking\org-netbeans-modules-payara-tooling.xml
[2024-01-15 15:51:31.142]:         extracting C:\Program Files\NetBeans-20\netbeans\enterprise\update_tracking\org-netbeans-modules-websvc-restapi.xml
[2024-01-15 15:51:31.142]:         extracting C:\Program Files\NetBeans-20\netbeans\enterprise\update_tracking\org-netbeans-modules-j2ee-ddloaders.xml
[2024-01-15 15:51:31.142]:         extracting C:\Program Files\NetBeans-20\netbeans\enterprise\update_tracking\org-netbeans-modules-jakartaee9-api.xml
[2024-01-15 15:51:31.142]:         extracting C:\Program Files\NetBeans-20\netbeans\enterprise\update_tracking\org-netbeans-modules-websvc-restlib.xml
[2024-01-15 15:51:31.142]:         extracting C:\Program Files\NetBeans-20\netbeans\enterprise\update_tracking\org-netbeans-libs-glassfish_logging.xml
[2024-01-15 15:51:31.142]:         extracting C:\Program Files\NetBeans-20\netbeans\enterprise\update_tracking\org-netbeans-modules-javaee-project.xml
[2024-01-15 15:51:31.142]:         extracting C:\Program Files\NetBeans-20\netbeans\enterprise\update_tracking\org-netbeans-modules-jakartaee8-api.xml
[2024-01-15 15:51:31.142]:         extracting C:\Program Files\NetBeans-20\netbeans\enterprise\update_tracking\org-netbeans-modules-javaee-wildfly.xml
[2024-01-15 15:51:31.142]:         extracting C:\Program Files\NetBeans-20\netbeans\enterprise\update_tracking\org-netbeans-modules-web-primefaces.xml
[2024-01-15 15:51:31.142]:         extracting C:\Program Files\NetBeans-20\netbeans\enterprise\update_tracking\org-netbeans-modules-websvc-manager.xml
[2024-01-15 15:51:31.142]:         extracting C:\Program Files\NetBeans-20\netbeans\enterprise\update_tracking\org-netbeans-modules-web-jsf-editor.xml
[2024-01-15 15:51:31.142]:         extracting C:\Program Files\NetBeans-20\netbeans\enterprise\update_tracking\org-netbeans-modules-web-bootsfaces.xml
[2024-01-15 15:51:31.158]:         extracting C:\Program Files\NetBeans-20\netbeans\enterprise\update_tracking\org-netbeans-modules-websvc-restkit.xml
[2024-01-15 15:51:31.158]:         extracting C:\Program Files\NetBeans-20\netbeans\enterprise\config\Modules\org-netbeans-libs-commons_fileupload.xml
[2024-01-15 15:51:31.158]:         extracting C:\Program Files\NetBeans-20\netbeans\enterprise\config\Modules\org-netbeans-modules-j2ee-earproject.xml
[2024-01-15 15:51:31.158]:         extracting C:\Program Files\NetBeans-20\netbeans\enterprise\config\Modules\org-netbeans-modules-web-core-syntax.xml
[2024-01-15 15:51:31.158]:         extracting C:\Program Files\NetBeans-20\netbeans\enterprise\config\Modules\org-netbeans-modules-j2ee-sun-appsrv.xml
[2024-01-15 15:51:31.158]:         extracting C:\Program Files\NetBeans-20\netbeans\enterprise\config\Modules\org-netbeans-modules-web-refactoring.xml
[2024-01-15 15:51:31.158]:         extracting C:\Program Files\NetBeans-20\netbeans\enterprise\config\Modules\org-netbeans-modules-weblogic-common.xml
[2024-01-15 15:51:31.158]:         extracting C:\Program Files\NetBeans-20\netbeans\enterprise\config\Modules\org-netbeans-modules-payara-eecommon.xml
[2024-01-15 15:51:31.158]:         extracting C:\Program Files\NetBeans-20\netbeans\enterprise\config\Modules\org-netbeans-modules-websvc-jaxwsapi.xml
[2024-01-15 15:51:31.158]:         extracting C:\Program Files\NetBeans-20\netbeans\enterprise\config\Modules\org-netbeans-modules-web-client-rest.xml
[2024-01-15 15:51:31.158]:         extracting C:\Program Files\NetBeans-20\netbeans\enterprise\config\Modules\org-netbeans-modules-jakartaee10-api.xml
[2024-01-15 15:51:31.158]:         extracting C:\Program Files\NetBeans-20\netbeans\groovy\update_tracking\org-netbeans-modules-groovy-antproject.xml
[2024-01-15 15:51:31.158]:         extracting C:\Program Files\NetBeans-20\netbeans\groovy\config\Modules\org-netbeans-modules-groovy-refactoring.xml
[2024-01-15 15:51:31.158]:         extracting C:\Program Files\NetBeans-20\netbeans\enterprise\update_tracking\org-netbeans-modules-j2ee-platform.xml
[2024-01-15 15:51:31.158]:         extracting C:\Program Files\NetBeans-20\netbeans\enterprise\update_tracking\org-netbeans-modules-websvc-design.xml
[2024-01-15 15:51:31.158]:         extracting C:\Program Files\NetBeans-20\netbeans\enterprise\update_tracking\org-netbeans-modules-profiler-j2ee.xml
[2024-01-15 15:51:31.158]:         extracting C:\Program Files\NetBeans-20\netbeans\enterprise\update_tracking\org-netbeans-modules-j2ee-sun-ddui.xml
[2024-01-15 15:51:31.158]:         extracting C:\Program Files\NetBeans-20\netbeans\enterprise\update_tracking\org-netbeans-modules-web-jspparser.xml
[2024-01-15 15:51:31.158]:         extracting C:\Program Files\NetBeans-20\netbeans\enterprise\update_tracking\org-netbeans-modules-servletjspapi.xml
[2024-01-15 15:51:31.158]:         extracting C:\Program Files\NetBeans-20\netbeans\enterprise\update_tracking\org-netbeans-modules-spring-webmvc.xml
[2024-01-15 15:51:31.158]:         extracting C:\Program Files\NetBeans-20\netbeans\enterprise\update_tracking\org-netbeans-modules-payara-common.xml
[2024-01-15 15:51:31.158]:         extracting C:\Program Files\NetBeans-20\netbeans\enterprise\update_tracking\org-netbeans-modules-gradle-javaee.xml
[2024-01-15 15:51:31.158]:         extracting C:\Program Files\NetBeans-20\netbeans\enterprise\modules\ext\jackson\jackson-dataformat-cbor-2.13.5.jar
[2024-01-15 15:51:31.158]:         extracting C:\Program Files\NetBeans-20\netbeans\enterprise\modules\ext\jackson\jackson-datatype-jsr310-2.13.5.jar
[2024-01-15 15:51:31.158]:         extracting C:\Program Files\NetBeans-20\netbeans\enterprise\modules\ext\jersey2\jersey-media-json-jackson-2.35.jar
[2024-01-15 15:51:31.158]:         extracting C:\Program Files\NetBeans-20\netbeans\enterprise\modules\org-netbeans-modules-jellytools-enterprise.jar
[2024-01-15 15:51:31.173]:         extracting C:\Program Files\NetBeans-20\netbeans\enterprise\modules\org-netbeans-modules-websvc-jaxws-lightapi.jar
[2024-01-15 15:51:31.173]:         extracting C:\Program Files\NetBeans-20\netbeans\enterprise\modules\org-netbeans-modules-javaee-beanvalidation.jar
[2024-01-15 15:51:31.173]:         extracting C:\Program Files\NetBeans-20\netbeans\enterprise\config\Modules\org-netbeans-modules-payara-tooling.xml
[2024-01-15 15:51:31.173]:         extracting C:\Program Files\NetBeans-20\netbeans\enterprise\config\Modules\org-netbeans-modules-websvc-restapi.xml
[2024-01-15 15:51:31.173]:         extracting C:\Program Files\NetBeans-20\netbeans\enterprise\config\Modules\org-netbeans-modules-j2ee-ddloaders.xml
[2024-01-15 15:51:31.173]:         extracting C:\Program Files\NetBeans-20\netbeans\enterprise\config\Modules\org-netbeans-modules-jakartaee9-api.xml
[2024-01-15 15:51:31.173]:         extracting C:\Program Files\NetBeans-20\netbeans\enterprise\config\Modules\org-netbeans-modules-websvc-restlib.xml
[2024-01-15 15:51:31.173]:         extracting C:\Program Files\NetBeans-20\netbeans\enterprise\config\Modules\org-netbeans-libs-glassfish_logging.xml
[2024-01-15 15:51:31.173]:         extracting C:\Program Files\NetBeans-20\netbeans\enterprise\config\Modules\org-netbeans-modules-javaee-project.xml
[2024-01-15 15:51:31.173]:         extracting C:\Program Files\NetBeans-20\netbeans\enterprise\config\Modules\org-netbeans-modules-jakartaee8-api.xml
[2024-01-15 15:51:31.173]:         extracting C:\Program Files\NetBeans-20\netbeans\enterprise\config\Modules\org-netbeans-modules-javaee-wildfly.xml
[2024-01-15 15:51:31.173]:         extracting C:\Program Files\NetBeans-20\netbeans\enterprise\config\Modules\org-netbeans-modules-web-primefaces.xml
[2024-01-15 15:51:31.173]:         extracting C:\Program Files\NetBeans-20\netbeans\enterprise\config\Modules\org-netbeans-modules-websvc-manager.xml
[2024-01-15 15:51:31.173]:         extracting C:\Program Files\NetBeans-20\netbeans\enterprise\config\Modules\org-netbeans-modules-web-jsf-editor.xml
[2024-01-15 15:51:31.173]:         extracting C:\Program Files\NetBeans-20\netbeans\enterprise\config\Modules\org-netbeans-modules-web-bootsfaces.xml
[2024-01-15 15:51:31.173]:         extracting C:\Program Files\NetBeans-20\netbeans\enterprise\config\Modules\org-netbeans-modules-websvc-restkit.xml
[2024-01-15 15:51:31.173]:         extracting C:\Program Files\NetBeans-20\netbeans\groovy\config\Modules\org-netbeans-modules-groovy-antproject.xml
[2024-01-15 15:51:31.173]:         extracting C:\Program Files\NetBeans-20\netbeans\enterprise\update_tracking\org-netbeans-modules-payara-micro.xml
[2024-01-15 15:51:31.173]:         extracting C:\Program Files\NetBeans-20\netbeans\enterprise\update_tracking\org-netbeans-modules-web-freeform.xml
[2024-01-15 15:51:31.173]:         extracting C:\Program Files\NetBeans-20\netbeans\enterprise\update_tracking\org-netbeans-modules-j2ee-ejbcore.xml
[2024-01-15 15:51:31.173]:         extracting C:\Program Files\NetBeans-20\netbeans\enterprise\update_tracking\org-netbeans-modules-cloud-amazon.xml
[2024-01-15 15:51:31.173]:         extracting C:\Program Files\NetBeans-20\netbeans\enterprise\update_tracking\org-netbeans-modules-cloud-common.xml
[2024-01-15 15:51:31.173]:         extracting C:\Program Files\NetBeans-20\netbeans\enterprise\update_tracking\org-netbeans-modules-cloud-oracle.xml
[2024-01-15 15:51:31.173]:         extracting C:\Program Files\NetBeans-20\netbeans\enterprise\modules\ext\javaee6-endorsed\webservices-api-osgi.jar
[2024-01-15 15:51:31.173]:         extracting C:\Program Files\NetBeans-20\netbeans\enterprise\modules\ext\javaee7-endorsed\javax.annotation-api.jar
[2024-01-15 15:51:31.173]:         extracting C:\Program Files\NetBeans-20\netbeans\enterprise\modules\ext\oci-java-sdk-common-httpclient-3.25.3.jar
[2024-01-15 15:51:31.189]:         extracting C:\Program Files\NetBeans-20\netbeans\enterprise\modules\ext\jersey2\jakarta.persistence-api-2.2.3.jar
[2024-01-15 15:51:31.189]:         extracting C:\Program Files\NetBeans-20\netbeans\enterprise\modules\ext\jersey2\jersey-container-servlet-2.35.jar
[2024-01-15 15:51:31.189]:         extracting C:\Program Files\NetBeans-20\netbeans\enterprise\modules\org-netbeans-modules-jakartaee10-platform.jar
[2024-01-15 15:51:31.189]:         extracting C:\Program Files\NetBeans-20\netbeans\enterprise\modules\org-netbeans-modules-websvc-customization.jar
[2024-01-15 15:51:31.189]:         extracting C:\Program Files\NetBeans-20\netbeans\enterprise\modules\org-netbeans-modules-j2ee-ejbverification.jar
[2024-01-15 15:51:31.189]:         extracting C:\Program Files\NetBeans-20\netbeans\enterprise\modules\org-netbeans-modules-javaee-specs-support.jar
[2024-01-15 15:51:31.189]:         extracting C:\Program Files\NetBeans-20\netbeans\enterprise\config\Modules\org-netbeans-modules-j2ee-platform.xml
[2024-01-15 15:51:31.189]:         extracting C:\Program Files\NetBeans-20\netbeans\enterprise\config\Modules\org-netbeans-modules-websvc-design.xml
[2024-01-15 15:51:31.189]:         extracting C:\Program Files\NetBeans-20\netbeans\enterprise\config\Modules\org-netbeans-modules-profiler-j2ee.xml
[2024-01-15 15:51:31.189]:         extracting C:\Program Files\NetBeans-20\netbeans\enterprise\config\Modules\org-netbeans-modules-j2ee-sun-ddui.xml
[2024-01-15 15:51:31.189]:         extracting C:\Program Files\NetBeans-20\netbeans\enterprise\config\Modules\org-netbeans-modules-web-jspparser.xml
[2024-01-15 15:51:31.189]:         extracting C:\Program Files\NetBeans-20\netbeans\enterprise\config\Modules\org-netbeans-modules-servletjspapi.xml
[2024-01-15 15:51:31.189]:         extracting C:\Program Files\NetBeans-20\netbeans\enterprise\config\Modules\org-netbeans-modules-spring-webmvc.xml
[2024-01-15 15:51:31.189]:         extracting C:\Program Files\NetBeans-20\netbeans\enterprise\config\Modules\org-netbeans-modules-payara-common.xml
[2024-01-15 15:51:31.189]:         extracting C:\Program Files\NetBeans-20\netbeans\enterprise\config\Modules\org-netbeans-modules-gradle-javaee.xml
[2024-01-15 15:51:31.189]:         extracting C:\Program Files\NetBeans-20\netbeans\enterprise\update_tracking\org-netbeans-modules-web-project.xml
[2024-01-15 15:51:31.189]:         extracting C:\Program Files\NetBeans-20\netbeans\enterprise\update_tracking\org-netbeans-modules-maven-jaxws.xml
[2024-01-15 15:51:31.189]:         extracting C:\Program Files\NetBeans-20\netbeans\enterprise\update_tracking\org-netbeans-modules-web-jsf12ri.xml
[2024-01-15 15:51:31.189]:         extracting C:\Program Files\NetBeans-20\netbeans\enterprise\update_tracking\org-netbeans-modules-websvc-rest.xml
[2024-01-15 15:51:31.189]:         extracting C:\Program Files\NetBeans-20\netbeans\enterprise\update_tracking\org-netbeans-modules-web-monitor.xml
[2024-01-15 15:51:31.189]:         extracting C:\Program Files\NetBeans-20\netbeans\enterprise\update_tracking\org-netbeans-modules-javaee8-api.xml
[2024-01-15 15:51:31.189]:         extracting C:\Program Files\NetBeans-20\netbeans\enterprise\update_tracking\org-netbeans-modules-websvc-owsm.xml
[2024-01-15 15:51:31.189]:         extracting C:\Program Files\NetBeans-20\netbeans\enterprise\update_tracking\org-netbeans-modules-j2ee-common.xml
[2024-01-15 15:51:31.205]:         extracting C:\Program Files\NetBeans-20\netbeans\enterprise\update_tracking\org-netbeans-modules-j2ee-sun-dd.xml
[2024-01-15 15:51:31.205]:         extracting C:\Program Files\NetBeans-20\netbeans\enterprise\update_tracking\org-netbeans-modules-web-jsf-kit.xml
[2024-01-15 15:51:31.205]:         extracting C:\Program Files\NetBeans-20\netbeans\enterprise\update_tracking\org-netbeans-modules-websvc-core.xml
[2024-01-15 15:51:31.205]:         extracting C:\Program Files\NetBeans-20\netbeans\enterprise\update_tracking\org-netbeans-modules-javaee7-api.xml
[2024-01-15 15:51:31.205]:         extracting C:\Program Files\NetBeans-20\netbeans\enterprise\modules\org-netbeans-modules-websvc-editor-hints.jar
[2024-01-15 15:51:31.205]:         extracting C:\Program Files\NetBeans-20\netbeans\enterprise\modules\ext\org-netbeans-modules-web-httpmonitor.jar
[2024-01-15 15:51:31.205]:         extracting C:\Program Files\NetBeans-20\netbeans\enterprise\modules\ext\jersey2\jakarta.activation-api-1.2.1.jar
[2024-01-15 15:51:31.205]:         extracting C:\Program Files\NetBeans-20\netbeans\enterprise\modules\ext\jersey2\aopalliance-repackaged-2.6.1.jar
[2024-01-15 15:51:31.205]:         extracting C:\Program Files\NetBeans-20\netbeans\enterprise\modules\ext\jersey2\jersey-apache-connector-2.35.jar
[2024-01-15 15:51:31.205]:         extracting C:\Program Files\NetBeans-20\netbeans\enterprise\modules\ext\jersey2\jersey-entity-filtering-2.35.jar
[2024-01-15 15:51:31.205]:         extracting C:\Program Files\NetBeans-20\netbeans\enterprise\modules\ext\jersey2\jakarta.validation-api-2.0.2.jar
[2024-01-15 15:51:31.205]:         extracting C:\Program Files\NetBeans-20\netbeans\enterprise\modules\ext\jersey2\jakarta.annotation-api-2.1.1.jar
[2024-01-15 15:51:31.205]:         extracting C:\Program Files\NetBeans-20\netbeans\enterprise\modules\org-netbeans-modules-jakartaee8-platform.jar
[2024-01-15 15:51:31.205]:         extracting C:\Program Files\NetBeans-20\netbeans\enterprise\modules\org-netbeans-modules-jakarta-transformer.jar
[2024-01-15 15:51:31.205]:         extracting C:\Program Files\NetBeans-20\netbeans\enterprise\modules\org-netbeans-modules-jakartaee9-platform.jar
[2024-01-15 15:51:31.205]:         extracting C:\Program Files\NetBeans-20\netbeans\enterprise\modules\org-netbeans-modules-j2ee-ejbrefactoring.jar
[2024-01-15 15:51:31.205]:         extracting C:\Program Files\NetBeans-20\netbeans\enterprise\config\Modules\org-netbeans-modules-payara-micro.xml
[2024-01-15 15:51:31.205]:         extracting C:\Program Files\NetBeans-20\netbeans\enterprise\config\Modules\org-netbeans-modules-web-freeform.xml
[2024-01-15 15:51:31.205]:         extracting C:\Program Files\NetBeans-20\netbeans\enterprise\config\Modules\org-netbeans-modules-j2ee-ejbcore.xml
[2024-01-15 15:51:31.205]:         extracting C:\Program Files\NetBeans-20\netbeans\enterprise\config\Modules\org-netbeans-modules-cloud-amazon.xml
[2024-01-15 15:51:31.205]:         extracting C:\Program Files\NetBeans-20\netbeans\enterprise\config\Modules\org-netbeans-modules-cloud-common.xml
[2024-01-15 15:51:31.220]:         extracting C:\Program Files\NetBeans-20\netbeans\enterprise\config\Modules\org-netbeans-modules-cloud-oracle.xml
[2024-01-15 15:51:31.220]:         extracting C:\Program Files\NetBeans-20\netbeans\groovy\update_tracking\org-netbeans-modules-groovy-support.xml
[2024-01-15 15:51:31.220]:         extracting C:\Program Files\NetBeans-20\netbeans\groovy\update_tracking\org-netbeans-modules-groovy-samples.xml
[2024-01-15 15:51:31.220]:         extracting C:\Program Files\NetBeans-20\netbeans\enterprise\update_tracking\org-netbeans-modules-javaee-api.xml
[2024-01-15 15:51:31.220]:         extracting C:\Program Files\NetBeans-20\netbeans\enterprise\update_tracking\org-netbeans-modules-web-jsfapi.xml
[2024-01-15 15:51:31.220]:         extracting C:\Program Files\NetBeans-20\netbeans\enterprise\update_tracking\org-netbeans-modules-websvc-kit.xml
[2024-01-15 15:51:31.220]:         extracting C:\Program Files\NetBeans-20\netbeans\enterprise\update_tracking\org-netbeans-modules-web-struts.xml
[2024-01-15 15:51:31.220]:         extracting C:\Program Files\NetBeans-20\netbeans\enterprise\update_tracking\org-netbeans-modules-maven-j2ee.xml
[2024-01-15 15:51:31.220]:         extracting C:\Program Files\NetBeans-20\netbeans\enterprise\update_tracking\org-netbeans-modules-j2eeserver.xml
[2024-01-15 15:51:31.220]:         extracting C:\Program Files\NetBeans-20\netbeans\enterprise\modules\org-netbeans-modules-glassfish-eecommon.jar
[2024-01-15 15:51:31.220]:         extracting C:\Program Files\NetBeans-20\netbeans\enterprise\modules\org-netbeans-modules-j2ee-genericserver.jar
[2024-01-15 15:51:31.220]:         extracting C:\Program Files\NetBeans-20\netbeans\enterprise\modules\org-netbeans-modules-j2ee-clientproject.jar
[2024-01-15 15:51:31.220]:         extracting C:\Program Files\NetBeans-20\netbeans\enterprise\modules\ext\javaee7-endorsed\javax.xml.soap-api.jar
[2024-01-15 15:51:31.220]:         extracting C:\Program Files\NetBeans-20\netbeans\enterprise\modules\ext\struts\struts-mailreader-dao-1.3.10.jar
[2024-01-15 15:51:31.220]:         extracting C:\Program Files\NetBeans-20\netbeans\enterprise\modules\ext\jersey2\osgi-resource-locator-1.0.3.jar
[2024-01-15 15:51:31.220]:         extracting C:\Program Files\NetBeans-20\netbeans\enterprise\modules\org-netbeans-modules-j2ee-dd-webservice.jar
[2024-01-15 15:51:31.236]:         extracting C:\Program Files\NetBeans-20\netbeans\enterprise\modules\org-netbeans-modules-j2ee-ejbjarproject.jar
[2024-01-15 15:51:31.236]:         extracting C:\Program Files\NetBeans-20\netbeans\enterprise\modules\org-netbeans-modules-j2ee-api-ejbmodule.jar
[2024-01-15 15:51:31.236]:         extracting C:\Program Files\NetBeans-20\netbeans\enterprise\modules\org-netbeans-modules-web-jsf-navigation.jar
[2024-01-15 15:51:31.252]:         extracting C:\Program Files\NetBeans-20\netbeans\enterprise\config\Modules\org-netbeans-modules-web-project.xml
[2024-01-15 15:51:31.252]:         extracting C:\Program Files\NetBeans-20\netbeans\enterprise\config\Modules\org-netbeans-modules-maven-jaxws.xml
[2024-01-15 15:51:31.252]:         extracting C:\Program Files\NetBeans-20\netbeans\enterprise\config\Modules\org-netbeans-modules-web-jsf12ri.xml
[2024-01-15 15:51:31.252]:         extracting C:\Program Files\NetBeans-20\netbeans\enterprise\config\Modules\org-netbeans-modules-websvc-rest.xml
[2024-01-15 15:51:31.252]:         extracting C:\Program Files\NetBeans-20\netbeans\enterprise\config\Modules\org-netbeans-modules-web-monitor.xml
[2024-01-15 15:51:31.252]:         extracting C:\Program Files\NetBeans-20\netbeans\enterprise\config\Modules\org-netbeans-modules-javaee8-api.xml
[2024-01-15 15:51:31.252]:         extracting C:\Program Files\NetBeans-20\netbeans\enterprise\config\Modules\org-netbeans-modules-websvc-owsm.xml
[2024-01-15 15:51:31.252]:         extracting C:\Program Files\NetBeans-20\netbeans\enterprise\config\Modules\org-netbeans-modules-j2ee-common.xml
[2024-01-15 15:51:31.252]:         extracting C:\Program Files\NetBeans-20\netbeans\enterprise\config\Modules\org-netbeans-modules-j2ee-sun-dd.xml
[2024-01-15 15:51:31.252]:         extracting C:\Program Files\NetBeans-20\netbeans\enterprise\config\Modules\org-netbeans-modules-web-jsf-kit.xml
[2024-01-15 15:51:31.252]:         extracting C:\Program Files\NetBeans-20\netbeans\enterprise\config\Modules\org-netbeans-modules-websvc-core.xml
[2024-01-15 15:51:31.252]:         extracting C:\Program Files\NetBeans-20\netbeans\enterprise\config\Modules\org-netbeans-modules-javaee7-api.xml
[2024-01-15 15:51:31.252]:         extracting C:\Program Files\NetBeans-20\netbeans\groovy\update_tracking\org-netbeans-modules-groovy-editor.xml
[2024-01-15 15:51:31.252]:         extracting C:\Program Files\NetBeans-20\netbeans\groovy\update_tracking\org-netbeans-modules-gradle-groovy.xml
[2024-01-15 15:51:31.252]:         extracting C:\Program Files\NetBeans-20\netbeans\groovy\config\Modules\org-netbeans-modules-groovy-support.xml
[2024-01-15 15:51:31.252]:         extracting C:\Program Files\NetBeans-20\netbeans\groovy\config\Modules\org-netbeans-modules-groovy-samples.xml
[2024-01-15 15:51:31.252]:         extracting C:\Program Files\NetBeans-20\netbeans\enterprise\update_tracking\org-netbeans-modules-web-beans.xml
[2024-01-15 15:51:31.252]:         extracting C:\Program Files\NetBeans-20\netbeans\enterprise\update_tracking\org-netbeans-api-web-webmodule.xml
[2024-01-15 15:51:31.252]:         extracting C:\Program Files\NetBeans-20\netbeans\enterprise\update_tracking\org-netbeans-modules-web-debug.xml
[2024-01-15 15:51:31.252]:         extracting C:\Program Files\NetBeans-20\netbeans\enterprise\update_tracking\org-netbeans-modules-websocket.xml
[2024-01-15 15:51:31.252]:         extracting C:\Program Files\NetBeans-20\netbeans\enterprise\update_tracking\org-netbeans-modules-j2ee-core.xml
[2024-01-15 15:51:31.252]:         extracting C:\Program Files\NetBeans-20\netbeans\enterprise\update_tracking\org-netbeans-modules-jsp-lexer.xml
[2024-01-15 15:51:31.252]:         extracting C:\Program Files\NetBeans-20\netbeans\enterprise\update_tracking\org-netbeans-modules-micronaut.xml
[2024-01-15 15:51:31.252]:         extracting C:\Program Files\NetBeans-20\netbeans\enterprise\update_tracking\org-netbeans-modules-web-jsf20.xml
[2024-01-15 15:51:31.252]:         extracting C:\Program Files\NetBeans-20\netbeans\enterprise\update_tracking\org-netbeans-modules-web-jsf12.xml
[2024-01-15 15:51:31.252]:         extracting C:\Program Files\NetBeans-20\netbeans\enterprise\modules\org-netbeans-modules-web-jsf-richfaces.jar
[2024-01-15 15:51:31.252]:         extracting C:\Program Files\NetBeans-20\netbeans\enterprise\modules\ext\jackson\jackson-annotations-2.13.5.jar
[2024-01-15 15:51:31.267]:         extracting C:\Program Files\NetBeans-20\netbeans\enterprise\modules\ext\oci-java-sdk-circuitbreaker-3.25.3.jar
[2024-01-15 15:51:31.267]:         extracting C:\Program Files\NetBeans-20\netbeans\enterprise\modules\ext\aws-sdk\aws-java-sdk-core-1.11.569.jar
[2024-01-15 15:51:31.267]:         extracting C:\Program Files\NetBeans-20\netbeans\enterprise\modules\ext\jersey2\jakarta.xml.bind-api-2.3.3.jar
[2024-01-15 15:51:31.267]:         extracting C:\Program Files\NetBeans-20\netbeans\enterprise\modules\org-netbeans-modules-websvc-projectapi.jar
[2024-01-15 15:51:31.267]:         extracting C:\Program Files\NetBeans-20\netbeans\enterprise\modules\org-netbeans-modules-websvc-wsstackapi.jar
[2024-01-15 15:51:31.267]:         extracting C:\Program Files\NetBeans-20\netbeans\enterprise\modules\org-netbeans-modules-jakarta-web-beans.jar
[2024-01-15 15:51:31.267]:         extracting C:\Program Files\NetBeans-20\netbeans\enterprise\modules\org-netbeans-modules-glassfish-tooling.jar
[2024-01-15 15:51:31.283]:         extracting C:\Program Files\NetBeans-20\netbeans\enterprise\modules\org-netbeans-modules-websvc-jaxwsmodel.jar
[2024-01-15 15:51:31.283]:         extracting C:\Program Files\NetBeans-20\netbeans\enterprise\config\Modules\org-netbeans-modules-javaee-api.xml
[2024-01-15 15:51:31.283]:         extracting C:\Program Files\NetBeans-20\netbeans\enterprise\config\Modules\org-netbeans-modules-web-jsfapi.xml
[2024-01-15 15:51:31.283]:         extracting C:\Program Files\NetBeans-20\netbeans\enterprise\config\Modules\org-netbeans-modules-websvc-kit.xml
[2024-01-15 15:51:31.283]:         extracting C:\Program Files\NetBeans-20\netbeans\enterprise\config\Modules\org-netbeans-modules-web-struts.xml
[2024-01-15 15:51:31.283]:         extracting C:\Program Files\NetBeans-20\netbeans\enterprise\config\Modules\org-netbeans-modules-maven-j2ee.xml
[2024-01-15 15:51:31.283]:         extracting C:\Program Files\NetBeans-20\netbeans\enterprise\config\Modules\org-netbeans-modules-j2eeserver.xml
[2024-01-15 15:51:31.283]:         extracting C:\Program Files\NetBeans-20\netbeans\groovy\update_tracking\org-netbeans-modules-maven-groovy.xml
[2024-01-15 15:51:31.283]:         extracting C:\Program Files\NetBeans-20\netbeans\groovy\update_tracking\org-netbeans-modules-groovy-debug.xml
[2024-01-15 15:51:31.283]:         extracting C:\Program Files\NetBeans-20\netbeans\groovy\config\Modules\org-netbeans-modules-groovy-editor.xml
[2024-01-15 15:51:31.283]:         extracting C:\Program Files\NetBeans-20\netbeans\groovy\config\Modules\org-netbeans-modules-gradle-groovy.xml
[2024-01-15 15:51:31.283]:         extracting C:\Program Files\NetBeans-20\netbeans\enterprise\update_tracking\org-netbeans-modules-web-core.xml
[2024-01-15 15:51:31.283]:         extracting C:\Program Files\NetBeans-20\netbeans\enterprise\update_tracking\org-netbeans-modules-el-lexer.xml
[2024-01-15 15:51:31.283]:         extracting C:\Program Files\NetBeans-20\netbeans\enterprise\update_tracking\org-netbeans-modules-j2ee-kit.xml
[2024-01-15 15:51:31.283]:         extracting C:\Program Files\NetBeans-20\netbeans\enterprise\update_tracking\org-netbeans-modules-j2eeapis.xml
[2024-01-15 15:51:31.283]:         extracting C:\Program Files\NetBeans-20\netbeans\enterprise\update_tracking\org-netbeans-modules-j2ee-ant.xml
[2024-01-15 15:51:31.283]:         extracting C:\Program Files\NetBeans-20\netbeans\enterprise\modules\org-netbeans-modules-websvc-metro-lib.jar
[2024-01-15 15:51:31.283]:         extracting C:\Program Files\NetBeans-20\netbeans\enterprise\modules\org-netbeans-modules-websvc-clientapi.jar
[2024-01-15 15:51:31.283]:         extracting C:\Program Files\NetBeans-20\netbeans\enterprise\modules\org-netbeans-modules-web-jsf-icefaces.jar
[2024-01-15 15:51:31.283]:         extracting C:\Program Files\NetBeans-20\netbeans\enterprise\modules\ext\android-json-0.0.20131108.vaadin1.jar
[2024-01-15 15:51:31.283]:         extracting C:\Program Files\NetBeans-20\netbeans\enterprise\modules\ext\jaxrs-2.1\jakarta.ws.rs-api-2.1.6.jar
[2024-01-15 15:51:31.298]:         extracting C:\Program Files\NetBeans-20\netbeans\enterprise\modules\ext\javaee6-endorsed\javax.annotation.jar
[2024-01-15 15:51:31.298]:         extracting C:\Program Files\NetBeans-20\netbeans\enterprise\modules\ext\resilience4j-circuitbreaker-1.7.1.jar
[2024-01-15 15:51:31.298]:         extracting C:\Program Files\NetBeans-20\netbeans\enterprise\modules\ext\oci-java-sdk-keymanagement-3.25.3.jar
[2024-01-15 15:51:31.298]:         extracting C:\Program Files\NetBeans-20\netbeans\enterprise\modules\ext\aws-sdk\aws-java-sdk-kms-1.11.569.jar
[2024-01-15 15:51:31.298]:         extracting C:\Program Files\NetBeans-20\netbeans\enterprise\modules\ext\jersey2\jakarta.servlet-api-4.0.4.jar
[2024-01-15 15:51:31.298]:         extracting C:\Program Files\NetBeans-20\netbeans\enterprise\modules\org-netbeans-modules-websvc-websvcapi.jar
[2024-01-15 15:51:31.298]:         extracting C:\Program Files\NetBeans-20\netbeans\enterprise\modules\org-netbeans-modules-payara-jakartaee.jar
[2024-01-15 15:51:31.298]:         extracting C:\Program Files\NetBeans-20\netbeans\enterprise\modules\org-netbeans-modules-websvc-utilities.jar
[2024-01-15 15:51:31.298]:         extracting C:\Program Files\NetBeans-20\netbeans\enterprise\modules\org-netbeans-modules-javaee-resources.jar
[2024-01-15 15:51:31.314]:         extracting C:\Program Files\NetBeans-20\netbeans\enterprise\modules\org-netbeans-modules-glassfish-javaee.jar
[2024-01-15 15:51:31.314]:         extracting C:\Program Files\NetBeans-20\netbeans\enterprise\modules\org-netbeans-modules-glassfish-common.jar
[2024-01-15 15:51:31.314]:         extracting C:\Program Files\NetBeans-20\netbeans\enterprise\config\Modules\org-netbeans-modules-web-beans.xml
[2024-01-15 15:51:31.314]:         extracting C:\Program Files\NetBeans-20\netbeans\enterprise\config\Modules\org-netbeans-api-web-webmodule.xml
[2024-01-15 15:51:31.314]:         extracting C:\Program Files\NetBeans-20\netbeans\enterprise\config\Modules\org-netbeans-modules-web-debug.xml
[2024-01-15 15:51:31.314]:         extracting C:\Program Files\NetBeans-20\netbeans\enterprise\config\Modules\org-netbeans-modules-websocket.xml
[2024-01-15 15:51:31.314]:         extracting C:\Program Files\NetBeans-20\netbeans\enterprise\config\Modules\org-netbeans-modules-j2ee-core.xml
[2024-01-15 15:51:31.314]:         extracting C:\Program Files\NetBeans-20\netbeans\enterprise\config\Modules\org-netbeans-modules-jsp-lexer.xml
[2024-01-15 15:51:31.314]:         extracting C:\Program Files\NetBeans-20\netbeans\enterprise\config\Modules\org-netbeans-modules-micronaut.xml
[2024-01-15 15:51:31.314]:         extracting C:\Program Files\NetBeans-20\netbeans\enterprise\config\Modules\org-netbeans-modules-web-jsf20.xml
[2024-01-15 15:51:31.314]:         extracting C:\Program Files\NetBeans-20\netbeans\enterprise\config\Modules\org-netbeans-modules-web-jsf12.xml
[2024-01-15 15:51:31.314]:         extracting C:\Program Files\NetBeans-20\netbeans\groovy\update_tracking\org-netbeans-modules-libs-groovy.xml
[2024-01-15 15:51:31.314]:         extracting C:\Program Files\NetBeans-20\netbeans\groovy\config\Modules\org-netbeans-modules-maven-groovy.xml
[2024-01-15 15:51:31.314]:         extracting C:\Program Files\NetBeans-20\netbeans\groovy\config\Modules\org-netbeans-modules-groovy-debug.xml
[2024-01-15 15:51:31.314]:         extracting C:\Program Files\NetBeans-20\netbeans\enterprise\ant\sources\org\netbeans\modules\web\project\ant
[2024-01-15 15:51:31.314]:         extracting C:\Program Files\NetBeans-20\netbeans\enterprise\update_tracking\org-netbeans-modules-tomcat5.xml
[2024-01-15 15:51:31.314]:         extracting C:\Program Files\NetBeans-20\netbeans\enterprise\update_tracking\org-netbeans-modules-web-jsf.xml
[2024-01-15 15:51:31.314]:         extracting C:\Program Files\NetBeans-20\netbeans\enterprise\update_tracking\org-netbeans-modules-j2ee-dd.xml
[2024-01-15 15:51:31.314]:         extracting C:\Program Files\NetBeans-20\netbeans\enterprise\update_tracking\org-netbeans-modules-web-kit.xml
[2024-01-15 15:51:31.314]:         extracting C:\Program Files\NetBeans-20\netbeans\enterprise\modules\org-netbeans-modules-jakartaee10-api.jar
[2024-01-15 15:51:31.330]:         extracting C:\Program Files\NetBeans-20\netbeans\enterprise\modules\org-netbeans-modules-web-client-rest.jar
[2024-01-15 15:51:31.330]:         extracting C:\Program Files\NetBeans-20\netbeans\enterprise\modules\org-netbeans-modules-weblogic-common.jar
[2024-01-15 15:51:31.330]:         extracting C:\Program Files\NetBeans-20\netbeans\enterprise\modules\ext\oci-java-sdk-workrequests-3.25.3.jar
[2024-01-15 15:51:31.330]:         extracting C:\Program Files\NetBeans-20\netbeans\enterprise\modules\ext\jakarta.jakartaee-web-api-10.0.0.jar
[2024-01-15 15:51:31.330]:         extracting C:\Program Files\NetBeans-20\netbeans\enterprise\modules\ext\aws-sdk\aws-java-sdk-s3-1.11.569.jar
[2024-01-15 15:51:31.330]:         extracting C:\Program Files\NetBeans-20\netbeans\enterprise\modules\org-netbeans-modules-j2ee-sun-appsrv.jar
[2024-01-15 15:51:31.345]:         extracting C:\Program Files\NetBeans-20\netbeans\enterprise\modules\org-netbeans-modules-websvc-jaxwsapi.jar
[2024-01-15 15:51:31.345]:         extracting C:\Program Files\NetBeans-20\netbeans\enterprise\modules\org-netbeans-modules-j2ee-earproject.jar
[2024-01-15 15:51:31.345]:         extracting C:\Program Files\NetBeans-20\netbeans\enterprise\modules\org-netbeans-modules-web-refactoring.jar
[2024-01-15 15:51:31.345]:         extracting C:\Program Files\NetBeans-20\netbeans\enterprise\modules\org-netbeans-modules-web-core-syntax.jar
[2024-01-15 15:51:31.345]:         extracting C:\Program Files\NetBeans-20\netbeans\enterprise\modules\org-netbeans-libs-commons_fileupload.jar
[2024-01-15 15:51:31.345]:         extracting C:\Program Files\NetBeans-20\netbeans\enterprise\modules\org-netbeans-modules-payara-eecommon.jar
[2024-01-15 15:51:31.345]:         extracting C:\Program Files\NetBeans-20\netbeans\enterprise\config\Modules\org-netbeans-modules-web-core.xml
[2024-01-15 15:51:31.361]:         extracting C:\Program Files\NetBeans-20\netbeans\enterprise\config\Modules\org-netbeans-modules-el-lexer.xml
[2024-01-15 15:51:31.361]:         extracting C:\Program Files\NetBeans-20\netbeans\enterprise\config\Modules\org-netbeans-modules-j2ee-kit.xml
[2024-01-15 15:51:31.361]:         extracting C:\Program Files\NetBeans-20\netbeans\enterprise\config\Modules\org-netbeans-modules-j2eeapis.xml
[2024-01-15 15:51:31.361]:         extracting C:\Program Files\NetBeans-20\netbeans\enterprise\config\Modules\org-netbeans-modules-j2ee-ant.xml
[2024-01-15 15:51:31.361]:         extracting C:\Program Files\NetBeans-20\netbeans\groovy\update_tracking\org-netbeans-modules-groovy-gsp.xml
[2024-01-15 15:51:31.361]:         extracting C:\Program Files\NetBeans-20\netbeans\groovy\update_tracking\org-netbeans-modules-groovy-kit.xml
[2024-01-15 15:51:31.361]:         extracting C:\Program Files\NetBeans-20\netbeans\groovy\modules\org-netbeans-modules-groovy-refactoring.jar
[2024-01-15 15:51:31.361]:         extracting C:\Program Files\NetBeans-20\netbeans\groovy\config\Modules\org-netbeans-modules-libs-groovy.xml
[2024-01-15 15:51:31.361]:         extracting C:\Program Files\NetBeans-20\netbeans\enterprise\update_tracking\org-netbeans-modules-web-el.xml
[2024-01-15 15:51:31.361]:         extracting C:\Program Files\NetBeans-20\netbeans\enterprise\modules\org-netbeans-modules-jakartaee8-api.jar
[2024-01-15 15:51:31.361]:         extracting C:\Program Files\NetBeans-20\netbeans\enterprise\modules\org-netbeans-modules-websvc-restlib.jar
[2024-01-15 15:51:31.361]:         extracting C:\Program Files\NetBeans-20\netbeans\enterprise\modules\org-netbeans-modules-websvc-restapi.jar
[2024-01-15 15:51:31.361]:         extracting C:\Program Files\NetBeans-20\netbeans\enterprise\modules\ext\jakarta.jakartaee-web-api-8.0.0.jar
[2024-01-15 15:51:31.377]:         extracting C:\Program Files\NetBeans-20\netbeans\enterprise\modules\ext\jakarta.jakartaee-web-api-9.0.0.jar
[2024-01-15 15:51:31.377]:         extracting C:\Program Files\NetBeans-20\netbeans\enterprise\modules\ext\struts\commons-fileupload-1.1.1.jar
[2024-01-15 15:51:31.377]:         extracting C:\Program Files\NetBeans-20\netbeans\enterprise\modules\ext\jackson\jackson-databind-2.13.5.jar
[2024-01-15 15:51:31.377]:         extracting C:\Program Files\NetBeans-20\netbeans\enterprise\modules\org-netbeans-modules-web-primefaces.jar
[2024-01-15 15:51:31.392]:         extracting C:\Program Files\NetBeans-20\netbeans\enterprise\modules\org-netbeans-libs-glassfish_logging.jar
[2024-01-15 15:51:31.392]:         extracting C:\Program Files\NetBeans-20\netbeans\enterprise\modules\org-netbeans-modules-websvc-manager.jar
[2024-01-15 15:51:31.392]:         extracting C:\Program Files\NetBeans-20\netbeans\enterprise\modules\org-netbeans-modules-websvc-restkit.jar
[2024-01-15 15:51:31.392]:         extracting C:\Program Files\NetBeans-20\netbeans\enterprise\modules\org-netbeans-modules-javaee-wildfly.jar
[2024-01-15 15:51:31.392]:         extracting C:\Program Files\NetBeans-20\netbeans\enterprise\modules\org-netbeans-modules-jakartaee9-api.jar
[2024-01-15 15:51:31.392]:         extracting C:\Program Files\NetBeans-20\netbeans\enterprise\modules\org-netbeans-modules-javaee-project.jar
[2024-01-15 15:51:31.408]:         extracting C:\Program Files\NetBeans-20\netbeans\enterprise\modules\org-netbeans-modules-j2ee-ddloaders.jar
[2024-01-15 15:51:31.408]:         extracting C:\Program Files\NetBeans-20\netbeans\enterprise\modules\org-netbeans-modules-payara-tooling.jar
[2024-01-15 15:51:31.408]:         extracting C:\Program Files\NetBeans-20\netbeans\enterprise\modules\org-netbeans-modules-web-bootsfaces.jar
[2024-01-15 15:51:31.408]:         extracting C:\Program Files\NetBeans-20\netbeans\enterprise\modules\org-netbeans-modules-web-jsf-editor.jar
[2024-01-15 15:51:31.408]:         extracting C:\Program Files\NetBeans-20\netbeans\enterprise\config\Modules\org-netbeans-modules-tomcat5.xml
[2024-01-15 15:51:31.408]:         extracting C:\Program Files\NetBeans-20\netbeans\enterprise\config\Modules\org-netbeans-modules-web-jsf.xml
[2024-01-15 15:51:31.408]:         extracting C:\Program Files\NetBeans-20\netbeans\enterprise\config\Modules\org-netbeans-modules-j2ee-dd.xml
[2024-01-15 15:51:31.408]:         extracting C:\Program Files\NetBeans-20\netbeans\enterprise\config\Modules\org-netbeans-modules-web-kit.xml
[2024-01-15 15:51:31.423]:         extracting C:\Program Files\NetBeans-20\netbeans\groovy\modules\org-netbeans-modules-groovy-antproject.jar
[2024-01-15 15:51:31.423]:         extracting C:\Program Files\NetBeans-20\netbeans\groovy\config\Modules\org-netbeans-modules-groovy-gsp.xml
[2024-01-15 15:51:31.423]:         extracting C:\Program Files\NetBeans-20\netbeans\groovy\config\Modules\org-netbeans-modules-groovy-kit.xml
[2024-01-15 15:51:31.423]:         extracting C:\Program Files\NetBeans-20\netbeans\enterprise\modules\org-netbeans-modules-payara-common.jar
[2024-01-15 15:51:31.423]:         extracting C:\Program Files\NetBeans-20\netbeans\enterprise\modules\org-netbeans-modules-spring-webmvc.jar
[2024-01-15 15:51:31.423]:         extracting C:\Program Files\NetBeans-20\netbeans\enterprise\modules\ext\javaee6-endorsed\jaxb-api-osgi.jar
[2024-01-15 15:51:31.423]:         extracting C:\Program Files\NetBeans-20\netbeans\enterprise\modules\ext\javaee7-endorsed\jaxb-api-osgi.jar
[2024-01-15 15:51:31.423]:         extracting C:\Program Files\NetBeans-20\netbeans\enterprise\modules\ext\struts\struts-scripting-1.3.10.jar
[2024-01-15 15:51:31.423]:         extracting C:\Program Files\NetBeans-20\netbeans\enterprise\modules\ext\struts\commons-validator-1.3.1.jar
[2024-01-15 15:51:31.423]:         extracting C:\Program Files\NetBeans-20\netbeans\enterprise\modules\ext\struts\commons-beanutils-1.8.0.jar
[2024-01-15 15:51:31.423]:         extracting C:\Program Files\NetBeans-20\netbeans\enterprise\modules\ext\aws-sdk\jmespath-java-1.11.569.jar
[2024-01-15 15:51:31.423]:         extracting C:\Program Files\NetBeans-20\netbeans\enterprise\modules\ext\jersey2\jersey-media-moxy-2.35.jar
[2024-01-15 15:51:31.423]:         extracting C:\Program Files\NetBeans-20\netbeans\enterprise\modules\org-netbeans-modules-websvc-design.jar
[2024-01-15 15:51:31.439]:         extracting C:\Program Files\NetBeans-20\netbeans\enterprise\modules\org-netbeans-modules-web-jspparser.jar
[2024-01-15 15:51:31.439]:         extracting C:\Program Files\NetBeans-20\netbeans\enterprise\modules\org-netbeans-modules-servletjspapi.jar
[2024-01-15 15:51:31.439]:         extracting C:\Program Files\NetBeans-20\netbeans\enterprise\modules\org-netbeans-modules-j2ee-sun-ddui.jar
[2024-01-15 15:51:31.439]:         extracting C:\Program Files\NetBeans-20\netbeans\enterprise\modules\org-netbeans-modules-profiler-j2ee.jar
[2024-01-15 15:51:31.439]:         extracting C:\Program Files\NetBeans-20\netbeans\enterprise\modules\org-netbeans-modules-j2ee-platform.jar
[2024-01-15 15:51:31.439]:         extracting C:\Program Files\NetBeans-20\netbeans\enterprise\modules\org-netbeans-modules-gradle-javaee.jar
[2024-01-15 15:51:31.439]:         extracting C:\Program Files\NetBeans-20\netbeans\enterprise\config\Modules\org-netbeans-modules-web-el.xml
[2024-01-15 15:51:31.439]:         extracting C:\Program Files\NetBeans-20\netbeans\enterprise\update_tracking\org-netbeans-libs-jackson.xml
[2024-01-15 15:51:31.439]:         extracting C:\Program Files\NetBeans-20\netbeans\enterprise\modules\org-netbeans-modules-cloud-amazon.jar
[2024-01-15 15:51:31.455]:         extracting C:\Program Files\NetBeans-20\netbeans\enterprise\modules\org-netbeans-modules-j2ee-ejbcore.jar
[2024-01-15 15:51:31.455]:         extracting C:\Program Files\NetBeans-20\netbeans\enterprise\modules\org-netbeans-modules-payara-micro.jar
[2024-01-15 15:51:31.455]:         extracting C:\Program Files\NetBeans-20\netbeans\enterprise\modules\org-netbeans-modules-web-freeform.jar
[2024-01-15 15:51:31.455]:         extracting C:\Program Files\NetBeans-20\netbeans\enterprise\modules\org-netbeans-modules-cloud-common.jar
[2024-01-15 15:51:31.455]:         extracting C:\Program Files\NetBeans-20\netbeans\enterprise\modules\org-netbeans-modules-cloud-oracle.jar
[2024-01-15 15:51:31.455]:         extracting C:\Program Files\NetBeans-20\netbeans\enterprise\ant\sources\org\netbeans\modules\web\project
[2024-01-15 15:51:31.455]:         extracting C:\Program Files\NetBeans-20\netbeans\enterprise\update_tracking\org-netbeans-libs-amazon.xml
[2024-01-15 15:51:31.455]:         extracting C:\Program Files\NetBeans-20\netbeans\enterprise\update_tracking\org-netbeans-libs-elimpl.xml
[2024-01-15 15:51:31.455]:         extracting C:\Program Files\NetBeans-20\netbeans\enterprise\modules\org-netbeans-modules-websvc-rest.jar
[2024-01-15 15:51:31.470]:         extracting C:\Program Files\NetBeans-20\netbeans\enterprise\modules\org-netbeans-modules-maven-jaxws.jar
[2024-01-15 15:51:31.470]:         extracting C:\Program Files\NetBeans-20\netbeans\enterprise\modules\org-netbeans-modules-j2ee-common.jar
[2024-01-15 15:51:31.470]:         extracting C:\Program Files\NetBeans-20\netbeans\enterprise\modules\org-netbeans-modules-websvc-core.jar
[2024-01-15 15:51:31.470]:         extracting C:\Program Files\NetBeans-20\netbeans\enterprise\modules\org-netbeans-modules-websvc-owsm.jar
[2024-01-15 15:51:31.470]:         extracting C:\Program Files\NetBeans-20\netbeans\enterprise\modules\org-netbeans-modules-javaee8-api.jar
[2024-01-15 15:51:31.470]:         extracting C:\Program Files\NetBeans-20\netbeans\enterprise\modules\ext\oci-java-sdk-database-3.25.3.jar
[2024-01-15 15:51:31.502]:         extracting C:\Program Files\NetBeans-20\netbeans\enterprise\modules\ext\oci-java-sdk-identity-3.25.3.jar
[2024-01-15 15:51:31.502]:         extracting C:\Program Files\NetBeans-20\netbeans\enterprise\modules\ext\jakarta.jakartaee-api-10.0.0.jar
[2024-01-15 15:51:31.517]:         extracting C:\Program Files\NetBeans-20\netbeans\enterprise\modules\ext\struts\commons-logging-1.0.4.jar
[2024-01-15 15:51:31.517]:         extracting C:\Program Files\NetBeans-20\netbeans\enterprise\modules\ext\jersey2\jakarta.inject-2.6.1.jar
[2024-01-15 15:51:31.517]:         extracting C:\Program Files\NetBeans-20\netbeans\enterprise\modules\org-netbeans-modules-web-jsf-kit.jar
[2024-01-15 15:51:31.517]:         extracting C:\Program Files\NetBeans-20\netbeans\enterprise\modules\org-netbeans-modules-web-monitor.jar
[2024-01-15 15:51:31.517]:         extracting C:\Program Files\NetBeans-20\netbeans\enterprise\modules\org-netbeans-modules-web-jsf12ri.jar
[2024-01-15 15:51:31.517]:         extracting C:\Program Files\NetBeans-20\netbeans\enterprise\modules\org-netbeans-modules-web-project.jar
[2024-01-15 15:51:31.533]:         extracting C:\Program Files\NetBeans-20\netbeans\enterprise\modules\org-netbeans-modules-javaee7-api.jar
[2024-01-15 15:51:31.533]:         extracting C:\Program Files\NetBeans-20\netbeans\enterprise\modules\org-netbeans-modules-j2ee-sun-dd.jar
[2024-01-15 15:51:31.533]:         extracting C:\Program Files\NetBeans-20\netbeans\enterprise\config\Modules\org-netbeans-libs-jackson.xml
[2024-01-15 15:51:31.548]:         extracting C:\Program Files\NetBeans-20\netbeans\groovy\modules\org-netbeans-modules-groovy-samples.jar
[2024-01-15 15:51:31.548]:         extracting C:\Program Files\NetBeans-20\netbeans\groovy\modules\org-netbeans-modules-groovy-support.jar
[2024-01-15 15:51:31.548]:         extracting C:\Program Files\NetBeans-20\netbeans\enterprise\ant\nblib\org-netbeans-modules-j2ee-ant.jar
[2024-01-15 15:51:31.548]:         extracting C:\Program Files\NetBeans-20\netbeans\enterprise\modules\org-netbeans-modules-javaee-api.jar
[2024-01-15 15:51:31.548]:         extracting C:\Program Files\NetBeans-20\netbeans\enterprise\modules\org-netbeans-modules-maven-j2ee.jar
[2024-01-15 15:51:31.548]:         extracting C:\Program Files\NetBeans-20\netbeans\enterprise\modules\ext\metro\webservices-extra-api.jar
[2024-01-15 15:51:31.548]:         extracting C:\Program Files\NetBeans-20\netbeans\enterprise\modules\ext\javaee7-endorsed\jsr181-api.jar
[2024-01-15 15:51:31.548]:         extracting C:\Program Files\NetBeans-20\netbeans\enterprise\modules\ext\struts\struts-extras-1.3.10.jar
[2024-01-15 15:51:31.548]:         extracting C:\Program Files\NetBeans-20\netbeans\enterprise\modules\ext\struts\commons-digester-1.8.jar
[2024-01-15 15:51:31.548]:         extracting C:\Program Files\NetBeans-20\netbeans\enterprise\modules\ext\struts\struts-taglib-1.3.10.jar
[2024-01-15 15:51:31.548]:         extracting C:\Program Files\NetBeans-20\netbeans\enterprise\modules\ext\jackson\jackson-core-2.13.5.jar
[2024-01-15 15:51:31.564]:         extracting C:\Program Files\NetBeans-20\netbeans\enterprise\modules\ext\jakarta.jakartaee-api-8.0.0.jar
[2024-01-15 15:51:31.564]:         extracting C:\Program Files\NetBeans-20\netbeans\enterprise\modules\ext\jakarta.jakartaee-api-9.0.0.jar
[2024-01-15 15:51:31.580]:         extracting C:\Program Files\NetBeans-20\netbeans\enterprise\modules\org-netbeans-modules-j2eeserver.jar
[2024-01-15 15:51:31.580]:         extracting C:\Program Files\NetBeans-20\netbeans\enterprise\modules\org-netbeans-modules-web-struts.jar
[2024-01-15 15:51:31.580]:         extracting C:\Program Files\NetBeans-20\netbeans\enterprise\modules\org-netbeans-modules-web-jsfapi.jar
[2024-01-15 15:51:31.580]:         extracting C:\Program Files\NetBeans-20\netbeans\enterprise\modules\org-netbeans-modules-websvc-kit.jar
[2024-01-15 15:51:31.580]:         extracting C:\Program Files\NetBeans-20\netbeans\enterprise\config\Modules\org-netbeans-libs-amazon.xml
[2024-01-15 15:51:31.580]:         extracting C:\Program Files\NetBeans-20\netbeans\enterprise\config\Modules\org-netbeans-libs-elimpl.xml
[2024-01-15 15:51:31.580]:         extracting C:\Program Files\NetBeans-20\netbeans\groovy\modules\org-netbeans-modules-gradle-groovy.jar
[2024-01-15 15:51:31.580]:         extracting C:\Program Files\NetBeans-20\netbeans\groovy\modules\org-netbeans-modules-groovy-editor.jar
[2024-01-15 15:51:31.595]:         extracting C:\Program Files\NetBeans-20\netbeans\enterprise\update_tracking\org-netbeans-libs-jstl.xml
[2024-01-15 15:51:31.595]:         extracting C:\Program Files\NetBeans-20\netbeans\enterprise\modules\org-netbeans-modules-web-jsf20.jar
[2024-01-15 15:51:31.595]:         extracting C:\Program Files\NetBeans-20\netbeans\enterprise\modules\org-netbeans-modules-web-beans.jar
[2024-01-15 15:51:31.595]:         extracting C:\Program Files\NetBeans-20\netbeans\enterprise\modules\org-netbeans-modules-websocket.jar
[2024-01-15 15:51:31.595]:         extracting C:\Program Files\NetBeans-20\netbeans\enterprise\modules\org-netbeans-api-web-webmodule.jar
[2024-01-15 15:51:31.595]:         extracting C:\Program Files\NetBeans-20\netbeans\enterprise\modules\org-netbeans-modules-jsp-lexer.jar
[2024-01-15 15:51:31.595]:         extracting C:\Program Files\NetBeans-20\netbeans\enterprise\modules\ext\javaee7-endorsed\jaxws-api.jar
[2024-01-15 15:51:31.595]:         extracting C:\Program Files\NetBeans-20\netbeans\enterprise\modules\ext\oci-java-sdk-common-3.25.3.jar
[2024-01-15 15:51:31.611]:         extracting C:\Program Files\NetBeans-20\netbeans\enterprise\modules\ext\javax.annotation-api-1.3.2.jar
[2024-01-15 15:51:31.611]:         extracting C:\Program Files\NetBeans-20\netbeans\enterprise\modules\ext\struts\struts-tiles-1.3.10.jar
[2024-01-15 15:51:31.611]:         extracting C:\Program Files\NetBeans-20\netbeans\enterprise\modules\ext\struts\struts-faces-1.3.10.jar
[2024-01-15 15:51:31.611]:         extracting C:\Program Files\NetBeans-20\netbeans\enterprise\modules\ext\oci-java-sdk-devops-3.25.3.jar
[2024-01-15 15:51:31.627]:         extracting C:\Program Files\NetBeans-20\netbeans\enterprise\modules\ext\jersey2\jersey-core-1.18.6.jar
[2024-01-15 15:51:31.627]:         extracting C:\Program Files\NetBeans-20\netbeans\enterprise\modules\ext\jersey2\jersey-client-2.35.jar
[2024-01-15 15:51:31.627]:         extracting C:\Program Files\NetBeans-20\netbeans\enterprise\modules\ext\jersey2\jersey-common-2.35.jar
[2024-01-15 15:51:31.627]:         extracting C:\Program Files\NetBeans-20\netbeans\enterprise\modules\ext\jersey2\jersey-server-2.35.jar
[2024-01-15 15:51:31.642]:         extracting C:\Program Files\NetBeans-20\netbeans\enterprise\modules\org-netbeans-modules-micronaut.jar
[2024-01-15 15:51:31.642]:         extracting C:\Program Files\NetBeans-20\netbeans\enterprise\modules\org-netbeans-modules-j2ee-core.jar
[2024-01-15 15:51:31.642]:         extracting C:\Program Files\NetBeans-20\netbeans\enterprise\modules\org-netbeans-modules-web-jsf12.jar
[2024-01-15 15:51:31.642]:         extracting C:\Program Files\NetBeans-20\netbeans\enterprise\modules\org-netbeans-modules-web-debug.jar
[2024-01-15 15:51:31.642]:         extracting C:\Program Files\NetBeans-20\netbeans\groovy\modules\org-netbeans-modules-maven-groovy.jar
[2024-01-15 15:51:31.642]:         extracting C:\Program Files\NetBeans-20\netbeans\groovy\modules\org-netbeans-modules-groovy-debug.jar
[2024-01-15 15:51:31.642]:         extracting C:\Program Files\NetBeans-20\netbeans\enterprise\modules\org-netbeans-modules-j2ee-kit.jar
[2024-01-15 15:51:31.658]:         extracting C:\Program Files\NetBeans-20\netbeans\enterprise\modules\ext\primefaces\primefaces-5.0.jar
[2024-01-15 15:51:31.658]:         extracting C:\Program Files\NetBeans-20\netbeans\enterprise\modules\ext\struts\struts-core-1.3.10.jar
[2024-01-15 15:51:31.658]:         extracting C:\Program Files\NetBeans-20\netbeans\enterprise\modules\ext\oci-java-sdk-vault-3.25.3.jar
[2024-01-15 15:51:31.658]:         extracting C:\Program Files\NetBeans-20\netbeans\enterprise\modules\ext\glassfish-jspparser-5.1.0.jar
[2024-01-15 15:51:31.673]:         extracting C:\Program Files\NetBeans-20\netbeans\enterprise\modules\ext\jersey2\hk2-locator-2.6.1.jar
[2024-01-15 15:51:31.673]:         extracting C:\Program Files\NetBeans-20\netbeans\enterprise\modules\org-netbeans-modules-j2eeapis.jar
[2024-01-15 15:51:31.673]:         extracting C:\Program Files\NetBeans-20\netbeans\enterprise\modules\org-netbeans-modules-j2ee-ant.jar
[2024-01-15 15:51:31.673]:         extracting C:\Program Files\NetBeans-20\netbeans\enterprise\modules\org-netbeans-modules-el-lexer.jar
[2024-01-15 15:51:31.673]:         extracting C:\Program Files\NetBeans-20\netbeans\enterprise\modules\org-netbeans-modules-web-core.jar
[2024-01-15 15:51:31.673]:         extracting C:\Program Files\NetBeans-20\netbeans\enterprise\config\Modules\org-netbeans-libs-jstl.xml
[2024-01-15 15:51:31.673]:         extracting C:\Program Files\NetBeans-20\netbeans\groovy\modules\org-netbeans-modules-libs-groovy.jar
[2024-01-15 15:51:31.673]:         extracting C:\Program Files\NetBeans-20\netbeans\enterprise\modules\org-netbeans-modules-web-jsf.jar
[2024-01-15 15:51:31.689]:         extracting C:\Program Files\NetBeans-20\netbeans\enterprise\modules\ext\struts\commons-chain-1.2.jar
[2024-01-15 15:51:31.689]:         extracting C:\Program Files\NetBeans-20\netbeans\enterprise\modules\ext\aws-sdk\httpclient-4.5.5.jar
[2024-01-15 15:51:31.689]:         extracting C:\Program Files\NetBeans-20\netbeans\enterprise\modules\org-netbeans-modules-tomcat5.jar
[2024-01-15 15:51:31.705]:         extracting C:\Program Files\NetBeans-20\netbeans\enterprise\modules\org-netbeans-modules-web-kit.jar
[2024-01-15 15:51:31.705]:         extracting C:\Program Files\NetBeans-20\netbeans\enterprise\modules\org-netbeans-modules-j2ee-dd.jar
[2024-01-15 15:51:31.752]:         extracting C:\Program Files\NetBeans-20\netbeans\groovy\modules\org-netbeans-modules-groovy-gsp.jar
[2024-01-15 15:51:31.752]:         extracting C:\Program Files\NetBeans-20\netbeans\groovy\modules\org-netbeans-modules-groovy-kit.jar
[2024-01-15 15:51:31.752]:         extracting C:\Program Files\NetBeans-20\netbeans\enterprise\modules\ext\metro\webservices-extra.jar
[2024-01-15 15:51:31.752]:         extracting C:\Program Files\NetBeans-20\netbeans\enterprise\modules\ext\metro\webservices-tools.jar
[2024-01-15 15:51:31.767]:         extracting C:\Program Files\NetBeans-20\netbeans\enterprise\modules\ext\oci-java-sdk-adm-3.25.3.jar
[2024-01-15 15:51:31.767]:         extracting C:\Program Files\NetBeans-20\netbeans\enterprise\modules\ext\struts\struts-el-1.3.10.jar
[2024-01-15 15:51:31.767]:         extracting C:\Program Files\NetBeans-20\netbeans\enterprise\modules\ext\aws-sdk\joda-time-2.8.1.jar
[2024-01-15 15:51:31.767]:         extracting C:\Program Files\NetBeans-20\netbeans\enterprise\modules\ext\jersey2\hk2-utils-2.6.1.jar
[2024-01-15 15:51:31.767]:         extracting C:\Program Files\NetBeans-20\netbeans\enterprise\modules\ext\jersey2\osgi.core-8.0.0.jar
[2024-01-15 15:51:31.767]:         extracting C:\Program Files\NetBeans-20\netbeans\enterprise\modules\ext\jersey2\jersey-hk2-2.35.jar
[2024-01-15 15:51:31.767]:         extracting C:\Program Files\NetBeans-20\netbeans\enterprise\modules\ext\resilience4j-core-1.7.1.jar
[2024-01-15 15:51:31.767]:         extracting C:\Program Files\NetBeans-20\netbeans\enterprise\modules\org-netbeans-modules-web-el.jar
[2024-01-15 15:51:31.783]:         extracting C:\Program Files\NetBeans-20\netbeans\enterprise\docs\webservices-extra-api-javadoc.jar
[2024-01-15 15:51:31.783]:         extracting C:\Program Files\NetBeans-20\netbeans\enterprise\modules\ext\commons-fileupload-1.4.jar
[2024-01-15 15:51:31.783]:         extracting C:\Program Files\NetBeans-20\netbeans\enterprise\modules\ext\aws-sdk\ion-java-1.0.2.jar
[2024-01-15 15:51:31.783]:         extracting C:\Program Files\NetBeans-20\netbeans\enterprise\modules\ext\aws-sdk\httpcore-4.4.9.jar
[2024-01-15 15:51:31.783]:         extracting C:\Program Files\NetBeans-20\netbeans\enterprise\modules\org-netbeans-libs-jackson.jar
[2024-01-15 15:51:31.783]:         extracting C:\Program Files\NetBeans-20\netbeans\enterprise\modules\ext\metro\webservices-api.jar
[2024-01-15 15:51:31.783]:         extracting C:\Program Files\NetBeans-20\netbeans\enterprise\modules\ext\servlet4.0-jsp2.3-api.jar
[2024-01-15 15:51:31.783]:         extracting C:\Program Files\NetBeans-20\netbeans\enterprise\modules\ext\struts\commons-io-1.1.jar
[2024-01-15 15:51:31.798]:         extracting C:\Program Files\NetBeans-20\netbeans\enterprise\modules\ext\struts\standard-1.0.6.jar
[2024-01-15 15:51:31.798]:         extracting C:\Program Files\NetBeans-20\netbeans\enterprise\modules\ext\jersey2\hk2-api-2.6.1.jar
[2024-01-15 15:51:31.798]:         extracting C:\Program Files\NetBeans-20\netbeans\enterprise\ant\sources\org\netbeans\modules\web
[2024-01-15 15:51:31.798]:         extracting C:\Program Files\NetBeans-20\netbeans\enterprise\modules\org-netbeans-libs-elimpl.jar
[2024-01-15 15:51:31.798]:         extracting C:\Program Files\NetBeans-20\netbeans\enterprise\modules\ext\metro\webservices-rt.jar
[2024-01-15 15:51:31.861]:         extracting C:\Program Files\NetBeans-20\netbeans\enterprise\modules\org-netbeans-libs-amazon.jar
[2024-01-15 15:51:31.861]:         extracting C:\Program Files\NetBeans-20\netbeans\enterprise\modules\ext\jsf-2_2\javax.faces.jar
[2024-01-15 15:51:31.877]:         extracting C:\Program Files\NetBeans-20\netbeans\enterprise\modules\ext\javassist-3.25.0-GA.jar
[2024-01-15 15:51:31.877]:         extracting C:\Program Files\NetBeans-20\netbeans\enterprise\docs\webservices-tools-javadoc.jar
[2024-01-15 15:51:31.892]:         extracting C:\Program Files\NetBeans-20\netbeans\enterprise\docs\webservices-extra-javadoc.jar
[2024-01-15 15:51:31.908]:         extracting C:\Program Files\NetBeans-20\netbeans\enterprise\modules\org-netbeans-libs-jstl.jar
[2024-01-15 15:51:31.908]:         extracting C:\Program Files\NetBeans-20\netbeans\enterprise\modules\ext\javaee-web-api-6.0.jar
[2024-01-15 15:51:31.908]:         extracting C:\Program Files\NetBeans-20\netbeans\enterprise\modules\ext\struts\antlr-2.7.2.jar
[2024-01-15 15:51:31.908]:         extracting C:\Program Files\NetBeans-20\netbeans\enterprise\modules\ext\javaee-web-api-8.0.jar
[2024-01-15 15:51:31.923]:         extracting C:\Program Files\NetBeans-20\netbeans\enterprise\modules\ext\javaee-web-api-7.0.jar
[2024-01-15 15:51:31.923]:         extracting C:\Program Files\NetBeans-20\netbeans\enterprise\modules\ext\vavr-match-0.10.2.jar
[2024-01-15 15:51:31.923]:         extracting C:\Program Files\NetBeans-20\netbeans\enterprise\modules\ext\logging-api-1.0.4.jar
[2024-01-15 15:51:31.923]:         extracting C:\Program Files\NetBeans-20\netbeans\enterprise\modules\ext\struts\jstl-1.0.2.jar
[2024-01-15 15:51:31.923]:         extracting C:\Program Files\NetBeans-20\netbeans\enterprise\modules\ext\httpclient-4.5.13.jar
[2024-01-15 15:51:31.923]:         extracting C:\Program Files\NetBeans-20\netbeans\enterprise\ant\sources\org\netbeans\modules
[2024-01-15 15:51:31.923]:         extracting C:\Program Files\NetBeans-20\netbeans\enterprise\docs\webservices-api-javadoc.jar
[2024-01-15 15:51:31.939]:         extracting C:\Program Files\NetBeans-20\netbeans\enterprise\modules\ext\jsf-1_2\jsf-impl.jar
[2024-01-15 15:51:31.939]:         extracting C:\Program Files\NetBeans-20\netbeans\enterprise\modules\ext\struts\bsf-2.3.0.jar
[2024-01-15 15:51:31.939]:         extracting C:\Program Files\NetBeans-20\netbeans\enterprise\modules\ext\struts\oro-2.0.8.jar
[2024-01-15 15:51:31.939]:         extracting C:\Program Files\NetBeans-20\netbeans\enterprise\docs\webservices-rt-javadoc.jar
[2024-01-15 15:51:32.048]:         extracting C:\Program Files\NetBeans-20\netbeans\enterprise\modules\ext\jsf-2_2\license.txt
[2024-01-15 15:51:32.048]:         extracting C:\Program Files\NetBeans-20\netbeans\enterprise\modules\ext\jsf-1_2\jsf-api.jar
[2024-01-15 15:51:32.048]:         extracting C:\Program Files\NetBeans-20\netbeans\enterprise\modules\ext\httpcore-4.4.13.jar
[2024-01-15 15:51:32.048]:         extracting C:\Program Files\NetBeans-20\netbeans\enterprise\docs\struts-1.3.10-javadoc.zip
[2024-01-15 15:51:32.064]:         extracting C:\Program Files\NetBeans-20\netbeans\enterprise\modules\ext\javaee-api-8.0.jar
[2024-01-15 15:51:32.080]:         extracting C:\Program Files\NetBeans-20\netbeans\enterprise\modules\ext\jsp-parser-ext.jar
[2024-01-15 15:51:32.080]:         extracting C:\Program Files\NetBeans-20\netbeans\enterprise\modules\ext\javaee-api-7.0.jar
[2024-01-15 15:51:32.080]:         extracting C:\Program Files\NetBeans-20\netbeans\enterprise\modules\ext\javaee-api-6.0.jar
[2024-01-15 15:51:32.080]:         extracting C:\Program Files\NetBeans-20\netbeans\groovy\modules\ext\groovy-ant-3.0.8.jar
[2024-01-15 15:51:32.080]:         extracting C:\Program Files\NetBeans-20\netbeans\enterprise\docs\jakartaee10-doc-api.jar
[2024-01-15 15:51:32.142]:         extracting C:\Program Files\NetBeans-20\netbeans\enterprise\modules\ext\javaee6-endorsed
[2024-01-15 15:51:32.142]:         extracting C:\Program Files\NetBeans-20\netbeans\enterprise\modules\ext\javaee7-endorsed
[2024-01-15 15:51:32.142]:         extracting C:\Program Files\NetBeans-20\netbeans\enterprise\modules\ext\javaee-api-5.jar
[2024-01-15 15:51:32.142]:         extracting C:\Program Files\NetBeans-20\netbeans\enterprise\docs\jakartaee8-doc-api.jar
[2024-01-15 15:51:32.189]:         extracting C:\Program Files\NetBeans-20\netbeans\enterprise\docs\jakartaee9-doc-api.jar
[2024-01-15 15:51:32.314]:         extracting C:\Program Files\NetBeans-20\netbeans\enterprise\modules\ext\vavr-0.10.2.jar
[2024-01-15 15:51:32.314]:         extracting C:\Program Files\NetBeans-20\netbeans\enterprise\modules\ext\jsr88javax.jar
[2024-01-15 15:51:32.330]:         extracting C:\Program Files\NetBeans-20\netbeans\enterprise\modules\ext\jstl-impl.jar
[2024-01-15 15:51:32.330]:         extracting C:\Program Files\NetBeans-20\netbeans\groovy\modules\ext\groovy-3.0.8.jar
[2024-01-15 15:51:32.361]:         extracting C:\Program Files\NetBeans-20\netbeans\enterprise\ant\extra\jspcompile.jar
[2024-01-15 15:51:32.361]:         extracting C:\Program Files\NetBeans-20\netbeans\enterprise\ant\sources\org\netbeans
[2024-01-15 15:51:32.361]:         extracting C:\Program Files\NetBeans-20\netbeans\enterprise\modules\ext\build-ws.xml
[2024-01-15 15:51:32.361]:         extracting C:\Program Files\NetBeans-20\netbeans\enterprise\modules\ext\jstl-api.jar
[2024-01-15 15:51:32.361]:         extracting C:\Program Files\NetBeans-20\netbeans\enterprise\docs\javaee-doc-api.jar
[2024-01-15 15:51:32.423]:         extracting C:\Program Files\NetBeans-20\netbeans\enterprise\modules\ext\el-impl.jar
[2024-01-15 15:51:32.423]:         extracting C:\Program Files\NetBeans-20\netbeans\enterprise\modules\ext\primefaces
[2024-01-15 15:51:32.423]:         extracting C:\Program Files\NetBeans-20\netbeans\enterprise\docs\jsf-api-docs.zip
[2024-01-15 15:51:32.439]:         extracting C:\Program Files\NetBeans-20\netbeans\enterprise\docs\jsf12-tlddoc.zip
[2024-01-15 15:51:32.439]:         extracting C:\Program Files\NetBeans-20\netbeans\enterprise\modules\ext\jaxrs-2.1
[2024-01-15 15:51:32.439]:         extracting C:\Program Files\NetBeans-20\netbeans\enterprise\docs\struts-tags.zip
[2024-01-15 15:51:32.439]:         extracting C:\Program Files\NetBeans-20\netbeans\enterprise\docs\syntaxref20.zip
[2024-01-15 15:51:32.439]:         extracting C:\Program Files\NetBeans-20\netbeans\enterprise\docs\jstl11-doc.zip
[2024-01-15 15:51:32.439]:         extracting C:\Program Files\NetBeans-20\netbeans\enterprise\modules\ext\jsf-2_2
[2024-01-15 15:51:32.439]:         extracting C:\Program Files\NetBeans-20\netbeans\enterprise\modules\ext\jsf-1_2
[2024-01-15 15:51:32.439]:         extracting C:\Program Files\NetBeans-20\netbeans\enterprise\modules\ext\jackson
[2024-01-15 15:51:32.439]:         extracting C:\Program Files\NetBeans-20\netbeans\enterprise\modules\ext\aws-sdk
[2024-01-15 15:51:32.439]:         extracting C:\Program Files\NetBeans-20\netbeans\enterprise\modules\ext\jersey2
[2024-01-15 15:51:32.439]:         extracting C:\Program Files\NetBeans-20\netbeans\enterprise\modules\ext\struts
[2024-01-15 15:51:32.439]:         extracting C:\Program Files\NetBeans-20\netbeans\enterprise\modules\ext\metro
[2024-01-15 15:51:32.439]:         extracting C:\Program Files\NetBeans-20\netbeans\enterprise\ant\sources\org
[2024-01-15 15:51:32.439]:         extracting C:\Program Files\NetBeans-20\netbeans\enterprise\update_tracking
[2024-01-15 15:51:32.439]:         extracting C:\Program Files\NetBeans-20\netbeans\enterprise\config\Modules
[2024-01-15 15:51:32.439]:         extracting C:\Program Files\NetBeans-20\netbeans\enterprise\.lastModified
[2024-01-15 15:51:32.439]:         extracting C:\Program Files\NetBeans-20\netbeans\groovy\update_tracking
[2024-01-15 15:51:32.439]:         extracting C:\Program Files\NetBeans-20\netbeans\enterprise\ant\sources
[2024-01-15 15:51:32.439]:         extracting C:\Program Files\NetBeans-20\netbeans\enterprise\VERSION.txt
[2024-01-15 15:51:32.439]:         extracting C:\Program Files\NetBeans-20\netbeans\enterprise\modules\ext
[2024-01-15 15:51:32.439]:         extracting C:\Program Files\NetBeans-20\netbeans\groovy\config\Modules
[2024-01-15 15:51:32.439]:         extracting C:\Program Files\NetBeans-20\netbeans\groovy\.lastModified
[2024-01-15 15:51:32.439]:         extracting C:\Program Files\NetBeans-20\netbeans\enterprise\ant\extra
[2024-01-15 15:51:32.439]:         extracting C:\Program Files\NetBeans-20\netbeans\enterprise\ant\nblib
[2024-01-15 15:51:32.439]:         extracting C:\Program Files\NetBeans-20\netbeans\groovy\VERSION.txt
[2024-01-15 15:51:32.439]:         extracting C:\Program Files\NetBeans-20\netbeans\groovy\modules\ext
[2024-01-15 15:51:32.439]:         extracting C:\Program Files\NetBeans-20\netbeans\enterprise\modules
[2024-01-15 15:51:32.439]:         extracting C:\Program Files\NetBeans-20\netbeans\enterprise\config
[2024-01-15 15:51:32.439]:         extracting C:\Program Files\NetBeans-20\netbeans\enterprise\docs
[2024-01-15 15:51:32.439]:         extracting C:\Program Files\NetBeans-20\netbeans\groovy\modules
[2024-01-15 15:51:32.439]:         extracting C:\Program Files\NetBeans-20\netbeans\enterprise\ant
[2024-01-15 15:51:32.439]:         extracting C:\Program Files\NetBeans-20\netbeans\groovy\config
[2024-01-15 15:51:32.439]:         extracting C:\Program Files\NetBeans-20\netbeans\enterprise
[2024-01-15 15:51:32.439]:         extracting C:\Program Files\NetBeans-20\netbeans\groovy
[2024-01-15 15:51:32.439]:         extracting C:\Program Files\NetBeans-20\netbeans
[2024-01-15 15:51:32.439]:         deleting file: C:\Users\imrab\.nbi\tmp\data,1.jar.3
[2024-01-15 15:51:32.455]:         ... saving legal artifacts if required
[2024-01-15 15:51:32.455]:         ... running installation logic
[2024-01-15 15:51:32.455]:         NameResolver - to parse C:\Program Files\NetBeans-20
[2024-01-15 15:51:32.455]:         NameResolver - to parse C:\Program Files\NetBeans-20
[2024-01-15 15:51:32.455]:         Modifying netbeans.conf for NetBeans installed at C:\Program Files\NetBeans-20 by adding cluster "enterprise"
[2024-01-15 15:51:32.455]:         ... initial list of clusters : 
[2024-01-15 15:51:32.455]:             # Licensed to the Apache Software Foundation (ASF) under one
[2024-01-15 15:51:32.455]:             # or more contributor license agreements.  See the NOTICE file
[2024-01-15 15:51:32.455]:             # distributed with this work for additional information
[2024-01-15 15:51:32.455]:             # regarding copyright ownership.  The ASF licenses this file
[2024-01-15 15:51:32.455]:             # to you under the Apache License, Version 2.0 (the
[2024-01-15 15:51:32.455]:             # "License"); you may not use this file except in compliance
[2024-01-15 15:51:32.455]:             # with the License.  You may obtain a copy of the License at
[2024-01-15 15:51:32.455]:             #
[2024-01-15 15:51:32.455]:             #   http://www.apache.org/licenses/LICENSE-2.0
[2024-01-15 15:51:32.455]:             #
[2024-01-15 15:51:32.455]:             # Unless required by applicable law or agreed to in writing,
[2024-01-15 15:51:32.455]:             # software distributed under the License is distributed on an
[2024-01-15 15:51:32.455]:             # "AS IS" BASIS, WITHOUT WARRANTIES OR CONDITIONS OF ANY
[2024-01-15 15:51:32.455]:             # KIND, either express or implied.  See the License for the
[2024-01-15 15:51:32.455]:             # specific language governing permissions and limitations
[2024-01-15 15:51:32.455]:             # under the License.
[2024-01-15 15:51:32.455]:             
[2024-01-15 15:51:32.455]:             # platform cluster first
[2024-01-15 15:51:32.455]:             platform
[2024-01-15 15:51:32.455]:             # application cluster second
[2024-01-15 15:51:32.455]:             nb
[2024-01-15 15:51:32.455]:             # ergonomics cluster if present
[2024-01-15 15:51:32.455]:             ergonomics
[2024-01-15 15:51:32.455]:             # and now the rest
[2024-01-15 15:51:32.455]:             ide
[2024-01-15 15:51:32.455]:             extide
[2024-01-15 15:51:32.455]:             java
[2024-01-15 15:51:32.455]:             apisupport
[2024-01-15 15:51:32.455]:             webcommon
[2024-01-15 15:51:32.455]:             websvccommon
[2024-01-15 15:51:32.455]:             enterprise
[2024-01-15 15:51:32.455]:             mobility
[2024-01-15 15:51:32.455]:             profiler
[2024-01-15 15:51:32.455]:             python
[2024-01-15 15:51:32.455]:             php
[2024-01-15 15:51:32.455]:             identity
[2024-01-15 15:51:32.455]:             harness
[2024-01-15 15:51:32.455]:             cnd
[2024-01-15 15:51:32.455]:             cndext
[2024-01-15 15:51:32.455]:             cpplite
[2024-01-15 15:51:32.455]:             dlight
[2024-01-15 15:51:32.455]:             groovy
[2024-01-15 15:51:32.455]:             extra
[2024-01-15 15:51:32.455]:             javacard
[2024-01-15 15:51:32.455]:             javafx
[2024-01-15 15:51:32.455]:             rust
[2024-01-15 15:51:32.455]:         ... requested cluster already exist, do nothing
[2024-01-15 15:51:32.455]:             child = apisupport
[2024-01-15 15:51:32.455]:             child = bin
[2024-01-15 15:51:32.455]:             child = cpplite
[2024-01-15 15:51:32.455]:             child = DEPENDENCIES
[2024-01-15 15:51:32.455]:             child = enterprise
[2024-01-15 15:51:32.455]:             child = ergonomics
[2024-01-15 15:51:32.455]:             child = etc
[2024-01-15 15:51:32.455]:             child = extide
[2024-01-15 15:51:32.455]:             child = groovy
[2024-01-15 15:51:32.455]:             child = harness
[2024-01-15 15:51:32.470]:             child = ide
[2024-01-15 15:51:32.470]:             child = java
[2024-01-15 15:51:32.470]:             child = javafx
[2024-01-15 15:51:32.470]:             child = LICENSE
[2024-01-15 15:51:32.470]:             child = licenses
[2024-01-15 15:51:32.470]:             child = nb
[2024-01-15 15:51:32.470]:         NameResolver - to parse C:\Program Files\NetBeans-20
[2024-01-15 15:51:32.470]:         ... loading registry from resource:data/registry.xml
[2024-01-15 15:51:32.470]:         entering -- org.netbeans.installer.product.Registry.loadProductRegistry():982
[2024-01-15 15:51:32.470]:         validating previous installations
[2024-01-15 15:51:32.470]:         ... validating installations finished
[2024-01-15 15:51:32.470]:         exiting -- org.netbeans.installer.product.Registry.loadProductRegistry():982
[2024-01-15 15:51:32.470]:         ... register in system, create uninstaller, etc
[2024-01-15 15:51:32.470]:         ... save installation files list
[2024-01-15 15:51:32.502]:     ... finished installation of Java EE(nb-javaee/20.0.0.231123.0)
[2024-01-15 15:51:32.717]:     NameResolver - to parse Installing {0}...
[2024-01-15 15:51:32.717]:     Start installation of PHP(nb-php/20.0.0.231123.0)
[2024-01-15 15:51:32.717]:         NameResolver - to parse C:\Program Files\NetBeans-20
[2024-01-15 15:51:32.717]:         NameResolver - to parse C:\Program Files\NetBeans-20
[2024-01-15 15:51:32.717]:         NameResolver - to parse C:\Program Files\NetBeans-20
[2024-01-15 15:51:32.717]:         NameResolver - to parse C:\Program Files\NetBeans-20
[2024-01-15 15:51:32.717]:         ... extracting files from the data archives
[2024-01-15 15:51:32.717]:         NameResolver - to parse C:\Program Files\NetBeans-20
[2024-01-15 15:51:32.717]:         deleting file: C:\Users\imrab\AppData\Local\Temp\nbi-17872881107040368253.tmp
[2024-01-15 15:51:32.717]:         extracting C:\Program Files\NetBeans-20\netbeans\php\update_tracking\org-netbeans-modules-spellchecker-bindings-php.xml
[2024-01-15 15:51:32.717]:         extracting C:\Program Files\NetBeans-20\netbeans\php\config\Modules\org-netbeans-modules-spellchecker-bindings-php.xml
[2024-01-15 15:51:32.717]:         extracting C:\Program Files\NetBeans-20\netbeans\php\update_tracking\org-netbeans-modules-websvc-saas-codegen-php.xml
[2024-01-15 15:51:32.717]:         extracting C:\Program Files\NetBeans-20\netbeans\php\config\Modules\org-netbeans-modules-websvc-saas-codegen-php.xml
[2024-01-15 15:51:32.717]:         extracting C:\Program Files\NetBeans-20\netbeans\php\update_tracking\org-netbeans-modules-php-api-documentation.xml
[2024-01-15 15:51:32.717]:         extracting C:\Program Files\NetBeans-20\netbeans\php\config\Modules\org-netbeans-modules-php-api-documentation.xml
[2024-01-15 15:51:32.717]:         extracting C:\Program Files\NetBeans-20\netbeans\php\update_tracking\org-netbeans-modules-php-api-executable.xml
[2024-01-15 15:51:32.717]:         extracting C:\Program Files\NetBeans-20\netbeans\php\update_tracking\org-netbeans-modules-php-api-annotation.xml
[2024-01-15 15:51:32.717]:         extracting C:\Program Files\NetBeans-20\netbeans\php\update_tracking\org-netbeans-modules-php-api-templates.xml
[2024-01-15 15:51:32.717]:         extracting C:\Program Files\NetBeans-20\netbeans\php\update_tracking\org-netbeans-modules-php-api-phpmodule.xml
[2024-01-15 15:51:32.717]:         extracting C:\Program Files\NetBeans-20\netbeans\php\update_tracking\org-netbeans-modules-php-api-framework.xml
[2024-01-15 15:51:32.717]:         extracting C:\Program Files\NetBeans-20\netbeans\php\update_tracking\org-netbeans-modules-php-code-analysis.xml
[2024-01-15 15:51:32.732]:         extracting C:\Program Files\NetBeans-20\netbeans\php\modules\org-netbeans-modules-spellchecker-bindings-php.jar
[2024-01-15 15:51:32.732]:         extracting C:\Program Files\NetBeans-20\netbeans\php\config\Modules\org-netbeans-modules-php-api-executable.xml
[2024-01-15 15:51:32.732]:         extracting C:\Program Files\NetBeans-20\netbeans\php\config\Modules\org-netbeans-modules-php-api-annotation.xml
[2024-01-15 15:51:32.732]:         extracting C:\Program Files\NetBeans-20\netbeans\php\update_tracking\org-netbeans-modules-php-nette-tester.xml
[2024-01-15 15:51:32.732]:         extracting C:\Program Files\NetBeans-20\netbeans\php\config\Modules\org-netbeans-modules-php-api-templates.xml
[2024-01-15 15:51:32.732]:         extracting C:\Program Files\NetBeans-20\netbeans\php\config\Modules\org-netbeans-modules-php-api-phpmodule.xml
[2024-01-15 15:51:32.732]:         extracting C:\Program Files\NetBeans-20\netbeans\php\config\Modules\org-netbeans-modules-php-api-framework.xml
[2024-01-15 15:51:32.732]:         extracting C:\Program Files\NetBeans-20\netbeans\php\config\Modules\org-netbeans-modules-php-code-analysis.xml
[2024-01-15 15:51:32.732]:         extracting C:\Program Files\NetBeans-20\netbeans\php\update_tracking\org-netbeans-modules-php-refactoring.xml
[2024-01-15 15:51:32.732]:         extracting C:\Program Files\NetBeans-20\netbeans\php\update_tracking\org-netbeans-modules-php-api-testing.xml
[2024-01-15 15:51:32.732]:         extracting C:\Program Files\NetBeans-20\netbeans\php\update_tracking\org-netbeans-modules-php-codeception.xml
[2024-01-15 15:51:32.732]:         extracting C:\Program Files\NetBeans-20\netbeans\php\modules\org-netbeans-modules-websvc-saas-codegen-php.jar
[2024-01-15 15:51:32.732]:         extracting C:\Program Files\NetBeans-20\netbeans\php\config\Modules\org-netbeans-modules-php-nette-tester.xml
[2024-01-15 15:51:32.732]:         extracting C:\Program Files\NetBeans-20\netbeans\php\update_tracking\org-netbeans-modules-php-api-editor.xml
[2024-01-15 15:51:32.732]:         extracting C:\Program Files\NetBeans-20\netbeans\php\update_tracking\org-netbeans-modules-languages-neon.xml
[2024-01-15 15:51:32.732]:         extracting C:\Program Files\NetBeans-20\netbeans\php\config\Modules\org-netbeans-modules-php-refactoring.xml
[2024-01-15 15:51:32.732]:         extracting C:\Program Files\NetBeans-20\netbeans\php\config\Modules\org-netbeans-modules-php-api-testing.xml
[2024-01-15 15:51:32.732]:         extracting C:\Program Files\NetBeans-20\netbeans\php\config\Modules\org-netbeans-modules-php-codeception.xml
[2024-01-15 15:51:32.732]:         extracting C:\Program Files\NetBeans-20\netbeans\php\update_tracking\org-netbeans-modules-selenium2-php.xml
[2024-01-15 15:51:32.732]:         extracting C:\Program Files\NetBeans-20\netbeans\php\update_tracking\org-netbeans-modules-php-doctrine2.xml
[2024-01-15 15:51:32.732]:         extracting C:\Program Files\NetBeans-20\netbeans\php\modules\org-netbeans-modules-php-api-documentation.jar
[2024-01-15 15:51:32.748]:         extracting C:\Program Files\NetBeans-20\netbeans\php\config\Modules\org-netbeans-modules-php-api-editor.xml
[2024-01-15 15:51:32.748]:         extracting C:\Program Files\NetBeans-20\netbeans\php\config\Modules\org-netbeans-modules-languages-neon.xml
[2024-01-15 15:51:32.748]:         extracting C:\Program Files\NetBeans-20\netbeans\php\update_tracking\org-netbeans-modules-php-composer.xml
[2024-01-15 15:51:32.748]:         extracting C:\Program Files\NetBeans-20\netbeans\php\update_tracking\org-netbeans-modules-php-symfony2.xml
[2024-01-15 15:51:32.748]:         extracting C:\Program Files\NetBeans-20\netbeans\php\config\Modules\org-netbeans-modules-selenium2-php.xml
[2024-01-15 15:51:32.748]:         extracting C:\Program Files\NetBeans-20\netbeans\php\config\Modules\org-netbeans-modules-php-doctrine2.xml
[2024-01-15 15:51:32.748]:         extracting C:\Program Files\NetBeans-20\netbeans\php\update_tracking\org-netbeans-modules-php-phpunit.xml
[2024-01-15 15:51:32.748]:         extracting C:\Program Files\NetBeans-20\netbeans\php\update_tracking\org-netbeans-modules-php-samples.xml
[2024-01-15 15:51:32.748]:         extracting C:\Program Files\NetBeans-20\netbeans\php\update_tracking\org-netbeans-modules-php-symfony.xml
[2024-01-15 15:51:32.748]:         extracting C:\Program Files\NetBeans-20\netbeans\php\update_tracking\org-netbeans-modules-php-project.xml
[2024-01-15 15:51:32.748]:         extracting C:\Program Files\NetBeans-20\netbeans\php\config\Modules\org-netbeans-modules-php-composer.xml
[2024-01-15 15:51:32.748]:         extracting C:\Program Files\NetBeans-20\netbeans\php\config\Modules\org-netbeans-modules-php-symfony2.xml
[2024-01-15 15:51:32.748]:         extracting C:\Program Files\NetBeans-20\netbeans\php\update_tracking\org-netbeans-modules-php-editor.xml
[2024-01-15 15:51:32.748]:         extracting C:\Program Files\NetBeans-20\netbeans\php\update_tracking\org-netbeans-modules-php-smarty.xml
[2024-01-15 15:51:32.748]:         extracting C:\Program Files\NetBeans-20\netbeans\php\update_tracking\org-netbeans-modules-php-apigen.xml
[2024-01-15 15:51:32.748]:         extracting C:\Program Files\NetBeans-20\netbeans\php\update_tracking\org-netbeans-modules-php-nette2.xml
[2024-01-15 15:51:32.748]:         extracting C:\Program Files\NetBeans-20\netbeans\php\update_tracking\org-netbeans-modules-php-phpdoc.xml
[2024-01-15 15:51:32.748]:         extracting C:\Program Files\NetBeans-20\netbeans\php\update_tracking\org-netbeans-modules-hudson-php.xml
[2024-01-15 15:51:32.748]:         extracting C:\Program Files\NetBeans-20\netbeans\php\modules\org-netbeans-modules-php-api-executable.jar
[2024-01-15 15:51:32.748]:         extracting C:\Program Files\NetBeans-20\netbeans\php\modules\org-netbeans-modules-php-api-annotation.jar
[2024-01-15 15:51:32.748]:         extracting C:\Program Files\NetBeans-20\netbeans\php\config\Modules\org-netbeans-modules-php-phpunit.xml
[2024-01-15 15:51:32.748]:         extracting C:\Program Files\NetBeans-20\netbeans\php\config\Modules\org-netbeans-modules-php-samples.xml
[2024-01-15 15:51:32.748]:         extracting C:\Program Files\NetBeans-20\netbeans\php\config\Modules\org-netbeans-modules-php-symfony.xml
[2024-01-15 15:51:32.764]:         extracting C:\Program Files\NetBeans-20\netbeans\php\config\Modules\org-netbeans-modules-php-project.xml
[2024-01-15 15:51:32.764]:         extracting C:\Program Files\NetBeans-20\netbeans\php\update_tracking\org-netbeans-modules-php-phing.xml
[2024-01-15 15:51:32.764]:         extracting C:\Program Files\NetBeans-20\netbeans\php\update_tracking\org-netbeans-modules-php-atoum.xml
[2024-01-15 15:51:32.764]:         extracting C:\Program Files\NetBeans-20\netbeans\php\update_tracking\org-netbeans-modules-php-latte.xml
[2024-01-15 15:51:32.764]:         extracting C:\Program Files\NetBeans-20\netbeans\php\update_tracking\org-netbeans-modules-php-zend2.xml
[2024-01-15 15:51:32.764]:         extracting C:\Program Files\NetBeans-20\netbeans\php\modules\org-netbeans-modules-php-api-framework.jar
[2024-01-15 15:51:32.764]:         extracting C:\Program Files\NetBeans-20\netbeans\php\modules\org-netbeans-modules-php-code-analysis.jar
[2024-01-15 15:51:32.764]:         extracting C:\Program Files\NetBeans-20\netbeans\php\modules\org-netbeans-modules-php-api-phpmodule.jar
[2024-01-15 15:51:32.764]:         extracting C:\Program Files\NetBeans-20\netbeans\php\modules\org-netbeans-modules-php-api-templates.jar
[2024-01-15 15:51:32.764]:         extracting C:\Program Files\NetBeans-20\netbeans\php\config\Modules\org-netbeans-modules-php-editor.xml
[2024-01-15 15:51:32.764]:         extracting C:\Program Files\NetBeans-20\netbeans\php\config\Modules\org-netbeans-modules-php-smarty.xml
[2024-01-15 15:51:32.764]:         extracting C:\Program Files\NetBeans-20\netbeans\php\config\Modules\org-netbeans-modules-php-apigen.xml
[2024-01-15 15:51:32.764]:         extracting C:\Program Files\NetBeans-20\netbeans\php\config\Modules\org-netbeans-modules-php-nette2.xml
[2024-01-15 15:51:32.764]:         extracting C:\Program Files\NetBeans-20\netbeans\php\config\Modules\org-netbeans-modules-php-phpdoc.xml
[2024-01-15 15:51:32.764]:         extracting C:\Program Files\NetBeans-20\netbeans\php\config\Modules\org-netbeans-modules-hudson-php.xml
[2024-01-15 15:51:32.764]:         extracting C:\Program Files\NetBeans-20\netbeans\php\update_tracking\org-netbeans-modules-php-dbgp.xml
[2024-01-15 15:51:32.779]:         extracting C:\Program Files\NetBeans-20\netbeans\php\update_tracking\org-netbeans-modules-php-zend.xml
[2024-01-15 15:51:32.779]:         extracting C:\Program Files\NetBeans-20\netbeans\php\update_tracking\org-netbeans-modules-php-twig.xml
[2024-01-15 15:51:32.779]:         extracting C:\Program Files\NetBeans-20\netbeans\php\modules\org-netbeans-modules-php-nette-tester.jar
[2024-01-15 15:51:32.779]:         extracting C:\Program Files\NetBeans-20\netbeans\php\config\Modules\org-netbeans-modules-php-phing.xml
[2024-01-15 15:51:32.779]:         extracting C:\Program Files\NetBeans-20\netbeans\php\config\Modules\org-netbeans-modules-php-atoum.xml
[2024-01-15 15:51:32.779]:         extracting C:\Program Files\NetBeans-20\netbeans\php\config\Modules\org-netbeans-modules-php-latte.xml
[2024-01-15 15:51:32.779]:         extracting C:\Program Files\NetBeans-20\netbeans\php\config\Modules\org-netbeans-modules-php-zend2.xml
[2024-01-15 15:51:32.779]:         extracting C:\Program Files\NetBeans-20\netbeans\php\update_tracking\org-netbeans-modules-php-kit.xml
[2024-01-15 15:51:32.779]:         extracting C:\Program Files\NetBeans-20\netbeans\php\modules\org-netbeans-modules-php-api-testing.jar
[2024-01-15 15:51:32.779]:         extracting C:\Program Files\NetBeans-20\netbeans\php\modules\org-netbeans-modules-php-codeception.jar
[2024-01-15 15:51:32.779]:         extracting C:\Program Files\NetBeans-20\netbeans\php\modules\org-netbeans-modules-php-refactoring.jar
[2024-01-15 15:51:32.779]:         extracting C:\Program Files\NetBeans-20\netbeans\php\config\Modules\org-netbeans-modules-php-dbgp.xml
[2024-01-15 15:51:32.779]:         extracting C:\Program Files\NetBeans-20\netbeans\php\config\Modules\org-netbeans-modules-php-zend.xml
[2024-01-15 15:51:32.779]:         extracting C:\Program Files\NetBeans-20\netbeans\php\config\Modules\org-netbeans-modules-php-twig.xml
[2024-01-15 15:51:32.779]:         extracting C:\Program Files\NetBeans-20\netbeans\php\modules\org-netbeans-modules-languages-neon.jar
[2024-01-15 15:51:32.795]:         extracting C:\Program Files\NetBeans-20\netbeans\php\modules\org-netbeans-modules-php-api-editor.jar
[2024-01-15 15:51:32.795]:         extracting C:\Program Files\NetBeans-20\netbeans\php\config\Modules\org-netbeans-modules-php-kit.xml
[2024-01-15 15:51:32.795]:         extracting C:\Program Files\NetBeans-20\netbeans\php\modules\org-netbeans-modules-php-doctrine2.jar
[2024-01-15 15:51:32.795]:         extracting C:\Program Files\NetBeans-20\netbeans\php\modules\org-netbeans-modules-selenium2-php.jar
[2024-01-15 15:51:32.795]:         extracting C:\Program Files\NetBeans-20\netbeans\php\update_tracking\org-netbeans-libs-javacup.xml
[2024-01-15 15:51:32.795]:         extracting C:\Program Files\NetBeans-20\netbeans\php\modules\org-netbeans-modules-php-symfony2.jar
[2024-01-15 15:51:32.795]:         extracting C:\Program Files\NetBeans-20\netbeans\php\modules\org-netbeans-modules-php-composer.jar
[2024-01-15 15:51:32.795]:         extracting C:\Program Files\NetBeans-20\netbeans\php\modules\org-netbeans-modules-php-phpunit.jar
[2024-01-15 15:51:32.795]:         extracting C:\Program Files\NetBeans-20\netbeans\php\modules\org-netbeans-modules-php-project.jar
[2024-01-15 15:51:32.811]:         extracting C:\Program Files\NetBeans-20\netbeans\php\modules\org-netbeans-modules-php-symfony.jar
[2024-01-15 15:51:32.811]:         extracting C:\Program Files\NetBeans-20\netbeans\php\modules\org-netbeans-modules-php-samples.jar
[2024-01-15 15:51:32.826]:         extracting C:\Program Files\NetBeans-20\netbeans\php\config\Modules\org-netbeans-libs-javacup.xml
[2024-01-15 15:51:32.826]:         extracting C:\Program Files\NetBeans-20\netbeans\php\modules\org-netbeans-modules-hudson-php.jar
[2024-01-15 15:51:32.826]:         extracting C:\Program Files\NetBeans-20\netbeans\php\modules\org-netbeans-modules-php-nette2.jar
[2024-01-15 15:51:32.826]:         extracting C:\Program Files\NetBeans-20\netbeans\php\modules\org-netbeans-modules-php-phpdoc.jar
[2024-01-15 15:51:32.826]:         extracting C:\Program Files\NetBeans-20\netbeans\php\modules\org-netbeans-modules-php-editor.jar
[2024-01-15 15:51:32.857]:         extracting C:\Program Files\NetBeans-20\netbeans\php\modules\org-netbeans-modules-php-apigen.jar
[2024-01-15 15:51:32.857]:         extracting C:\Program Files\NetBeans-20\netbeans\php\modules\org-netbeans-modules-php-smarty.jar
[2024-01-15 15:51:32.857]:         extracting C:\Program Files\NetBeans-20\netbeans\php\modules\org-netbeans-modules-php-atoum.jar
[2024-01-15 15:51:32.873]:         extracting C:\Program Files\NetBeans-20\netbeans\php\modules\org-netbeans-modules-php-zend2.jar
[2024-01-15 15:51:32.873]:         extracting C:\Program Files\NetBeans-20\netbeans\php\modules\org-netbeans-modules-php-phing.jar
[2024-01-15 15:51:32.873]:         extracting C:\Program Files\NetBeans-20\netbeans\php\modules\org-netbeans-modules-php-latte.jar
[2024-01-15 15:51:32.873]:         extracting C:\Program Files\NetBeans-20\netbeans\php\modules\org-netbeans-modules-php-twig.jar
[2024-01-15 15:51:32.873]:         extracting C:\Program Files\NetBeans-20\netbeans\php\modules\org-netbeans-modules-php-dbgp.jar
[2024-01-15 15:51:32.889]:         extracting C:\Program Files\NetBeans-20\netbeans\php\modules\org-netbeans-modules-php-zend.jar
[2024-01-15 15:51:32.889]:         extracting C:\Program Files\NetBeans-20\netbeans\php\modules\org-netbeans-modules-php-kit.jar
[2024-01-15 15:51:32.889]:         extracting C:\Program Files\NetBeans-20\netbeans\php\modules\org-netbeans-libs-javacup.jar
[2024-01-15 15:51:32.889]:         extracting C:\Program Files\NetBeans-20\netbeans\php\zend\NetBeansCommandsProvider.php
[2024-01-15 15:51:32.889]:         extracting C:\Program Files\NetBeans-20\netbeans\php\modules\ext\java-cup-11a.jar
[2024-01-15 15:51:32.889]:         extracting C:\Program Files\NetBeans-20\netbeans\php\phpunit\NetBeansSuite.php
[2024-01-15 15:51:32.889]:         extracting C:\Program Files\NetBeans-20\netbeans\php\docs\predefined_vars.zip
[2024-01-15 15:51:32.889]:         extracting C:\Program Files\NetBeans-20\netbeans\php\docs\phpsigfiles.zip
[2024-01-15 15:51:32.904]:         extracting C:\Program Files\NetBeans-20\netbeans\php\update_tracking
[2024-01-15 15:51:32.904]:         extracting C:\Program Files\NetBeans-20\netbeans\php\config\Modules
[2024-01-15 15:51:32.904]:         extracting C:\Program Files\NetBeans-20\netbeans\php\.lastModified
[2024-01-15 15:51:32.904]:         extracting C:\Program Files\NetBeans-20\netbeans\php\VERSION.txt
[2024-01-15 15:51:32.904]:         extracting C:\Program Files\NetBeans-20\netbeans\php\modules\ext
[2024-01-15 15:51:32.904]:         extracting C:\Program Files\NetBeans-20\netbeans\php\phpunit
[2024-01-15 15:51:32.904]:         extracting C:\Program Files\NetBeans-20\netbeans\php\modules
[2024-01-15 15:51:32.904]:         extracting C:\Program Files\NetBeans-20\netbeans\php\config
[2024-01-15 15:51:32.904]:         extracting C:\Program Files\NetBeans-20\netbeans\php\docs
[2024-01-15 15:51:32.904]:         extracting C:\Program Files\NetBeans-20\netbeans\php\zend
[2024-01-15 15:51:32.904]:         extracting C:\Program Files\NetBeans-20\netbeans\php
[2024-01-15 15:51:32.904]:         extracting C:\Program Files\NetBeans-20\netbeans
[2024-01-15 15:51:32.904]:         deleting file: C:\Users\imrab\.nbi\tmp\data,1.jar.4
[2024-01-15 15:51:32.904]:         ... saving legal artifacts if required
[2024-01-15 15:51:32.904]:         ... running installation logic
[2024-01-15 15:51:32.904]:         NameResolver - to parse C:\Program Files\NetBeans-20
[2024-01-15 15:51:32.904]:         NameResolver - to parse C:\Program Files\NetBeans-20
[2024-01-15 15:51:32.904]:         Modifying netbeans.conf for NetBeans installed at C:\Program Files\NetBeans-20 by adding cluster "php"
[2024-01-15 15:51:32.904]:         ... initial list of clusters : 
[2024-01-15 15:51:32.904]:             # Licensed to the Apache Software Foundation (ASF) under one
[2024-01-15 15:51:32.904]:             # or more contributor license agreements.  See the NOTICE file
[2024-01-15 15:51:32.904]:             # distributed with this work for additional information
[2024-01-15 15:51:32.904]:             # regarding copyright ownership.  The ASF licenses this file
[2024-01-15 15:51:32.904]:             # to you under the Apache License, Version 2.0 (the
[2024-01-15 15:51:32.904]:             # "License"); you may not use this file except in compliance
[2024-01-15 15:51:32.904]:             # with the License.  You may obtain a copy of the License at
[2024-01-15 15:51:32.904]:             #
[2024-01-15 15:51:32.904]:             #   http://www.apache.org/licenses/LICENSE-2.0
[2024-01-15 15:51:32.904]:             #
[2024-01-15 15:51:32.904]:             # Unless required by applicable law or agreed to in writing,
[2024-01-15 15:51:32.904]:             # software distributed under the License is distributed on an
[2024-01-15 15:51:32.904]:             # "AS IS" BASIS, WITHOUT WARRANTIES OR CONDITIONS OF ANY
[2024-01-15 15:51:32.904]:             # KIND, either express or implied.  See the License for the
[2024-01-15 15:51:32.904]:             # specific language governing permissions and limitations
[2024-01-15 15:51:32.904]:             # under the License.
[2024-01-15 15:51:32.904]:             
[2024-01-15 15:51:32.904]:             # platform cluster first
[2024-01-15 15:51:32.904]:             platform
[2024-01-15 15:51:32.904]:             # application cluster second
[2024-01-15 15:51:32.904]:             nb
[2024-01-15 15:51:32.904]:             # ergonomics cluster if present
[2024-01-15 15:51:32.904]:             ergonomics
[2024-01-15 15:51:32.904]:             # and now the rest
[2024-01-15 15:51:32.904]:             ide
[2024-01-15 15:51:32.904]:             extide
[2024-01-15 15:51:32.904]:             java
[2024-01-15 15:51:32.904]:             apisupport
[2024-01-15 15:51:32.904]:             webcommon
[2024-01-15 15:51:32.904]:             websvccommon
[2024-01-15 15:51:32.904]:             enterprise
[2024-01-15 15:51:32.904]:             mobility
[2024-01-15 15:51:32.904]:             profiler
[2024-01-15 15:51:32.904]:             python
[2024-01-15 15:51:32.920]:             php
[2024-01-15 15:51:32.920]:             identity
[2024-01-15 15:51:32.920]:             harness
[2024-01-15 15:51:32.920]:             cnd
[2024-01-15 15:51:32.920]:             cndext
[2024-01-15 15:51:32.920]:             cpplite
[2024-01-15 15:51:32.920]:             dlight
[2024-01-15 15:51:32.920]:             groovy
[2024-01-15 15:51:32.920]:             extra
[2024-01-15 15:51:32.920]:             javacard
[2024-01-15 15:51:32.920]:             javafx
[2024-01-15 15:51:32.920]:             rust
[2024-01-15 15:51:32.920]:         ... requested cluster already exist, do nothing
[2024-01-15 15:51:32.920]:             child = apisupport
[2024-01-15 15:51:32.920]:             child = bin
[2024-01-15 15:51:32.920]:             child = cpplite
[2024-01-15 15:51:32.920]:             child = DEPENDENCIES
[2024-01-15 15:51:32.920]:             child = enterprise
[2024-01-15 15:51:32.920]:             child = ergonomics
[2024-01-15 15:51:32.920]:             child = etc
[2024-01-15 15:51:32.920]:             child = extide
[2024-01-15 15:51:32.920]:             child = groovy
[2024-01-15 15:51:32.920]:             child = harness
[2024-01-15 15:51:32.920]:             child = ide
[2024-01-15 15:51:32.920]:             child = java
[2024-01-15 15:51:32.920]:             child = javafx
[2024-01-15 15:51:32.920]:             child = LICENSE
[2024-01-15 15:51:32.920]:             child = licenses
[2024-01-15 15:51:32.920]:             child = nb
[2024-01-15 15:51:32.920]:         ... register in system, create uninstaller, etc
[2024-01-15 15:51:32.920]:         ... save installation files list
[2024-01-15 15:51:32.920]:     ... finished installation of PHP(nb-php/20.0.0.231123.0)
[2024-01-15 15:51:33.135]: ... finished products installation
[2024-01-15 15:51:33.135]: NameResolver - to parse &Help!
[2024-01-15 15:51:33.135]: NameResolver - to parse < &Back
[2024-01-15 15:51:33.135]: NameResolver - to parse &Next >
[2024-01-15 15:51:33.135]: NameResolver - to parse Cancel
[2024-01-15 15:51:33.135]: NameResolver - to parse Installation
[2024-01-15 15:51:33.135]: NameResolver - to parse Installation
[2024-01-15 15:51:33.135]: NameResolver - to parse Installation
[2024-01-15 15:51:33.135]: NameResolver - to parse Installation
[2024-01-15 15:51:33.135]: NameResolver - to parse Please wait while the installer installs Apache NetBeans IDE and runtimes.
[2024-01-15 15:51:33.135]: NameResolver - to parse Installation
[2024-01-15 15:51:33.135]: NameResolver - to parse Please wait while the installer installs Apache NetBeans IDE and runtimes.
[2024-01-15 15:51:33.135]: try temporary directory for sure : 
[2024-01-15 15:51:33.135]: running headless NetBeans IDE : 
[2024-01-15 15:51:33.135]: NameResolver - to parse C:\Program Files\NetBeans-20
[2024-01-15 15:51:33.135]:     nbLocation = C:\Program Files\NetBeans-20
[2024-01-15 15:51:33.135]:     ... empty URL of Extra UC.
[2024-01-15 15:51:33.135]:     .... check for updates
[2024-01-15 15:51:33.135]:     Run [C:\Program Files\NetBeans-20\netbeans\bin\netbeans.exe, --fork-java, -J-Dnetbeans.close=true, --nosplash, -J-Dorg.netbeans.core.WindowSystem.show=false, -J-Dplugin.manager.install.global=true, --userdir, C:\Users\imrab\AppData\Local\Temp\tmpnb, --modules, --update-all]
[2024-01-15 15:51:33.135]: executing command: C:\Program Files\NetBeans-20\netbeans\bin\netbeans.exe --fork-java -J-Dnetbeans.close=true --nosplash -J-Dorg.netbeans.core.WindowSystem.show=false -J-Dplugin.manager.install.global=true --userdir C:\Users\imrab\AppData\Local\Temp\tmpnb --modules --update-all, in directory: C:\Program Files\NetBeans-20
[2024-01-15 15:51:33.303]:     [stderr]: WARNING: package com.apple.eio not in java.desktop
[2024-01-15 15:51:33.303]:     [stderr]: WARNING: package sun.awt.X11 not in java.desktop
[2024-01-15 15:51:33.303]:     [stderr]: WARNING: package com.sun.java.swing.plaf.gtk not in java.desktop
[2024-01-15 15:51:37.441]:     [stderr]: WARNING: A terminally deprecated method in java.lang.System has been called
[2024-01-15 15:51:37.441]:     [stderr]: WARNING: System::setSecurityManager has been called by org.netbeans.TopSecurityManager (file:/C:/Program%20Files/NetBeans-20/netbeans/platform/lib/boot.jar)
[2024-01-15 15:51:37.441]:     [stderr]: WARNING: Please consider reporting this to the maintainers of org.netbeans.TopSecurityManager
[2024-01-15 15:51:37.441]:     [stderr]: WARNING: System::setSecurityManager will be removed in a future release
[2024-01-15 15:51:37.505]:     [stdout]: Refreshing NetBeans Distribution
[2024-01-15 15:51:39.479]:     [stdout]: Refreshing NetBeans Plugin Portal
[2024-01-15 15:51:41.136]:     [stdout]: Refreshing Import plugins (disabled)
[2024-01-15 15:51:41.136]:     [stdout]: Refreshing null
[2024-01-15 15:51:41.136]:     [stdout]: Refreshing Third Party Libraries
[2024-01-15 15:51:41.364]:     [stdout]: Updates not found.
[2024-01-15 15:51:41.364]:     [stdout]: updates=0
[2024-01-15 15:51:43.582]:     [return]: 0
[2024-01-15 15:51:43.582]: ... command execution finished
[2024-01-15 15:51:43.582]:     .... success 
[2024-01-15 15:51:43.582]:     ...... installed 0 new modules
[2024-01-15 15:51:43.582]:     ...... installed 0 updates
[2024-01-15 15:51:43.582]: CleanupNBMsIfLeft(C:\Program Files\NetBeans-20)
[2024-01-15 15:51:43.582]:    ... ... done
[2024-01-15 15:51:43.582]:     .... done. 
[2024-01-15 15:51:43.582]: preparing caches : 
[2024-01-15 15:51:43.582]:     temporary cache location = C:\Users\imrab\AppData\Local\Temp\tmpnb\var\cache
[2024-01-15 15:51:43.582]:     zipping OSGi caches
[2024-01-15 15:51:43.848]:     .... success 
[2024-01-15 15:51:43.848]:     .... done. 
[2024-01-15 15:51:43.848]:     remove useless files from cache
[2024-01-15 15:51:43.879]: deleting file: C:\Users\imrab\AppData\Local\Temp\tmpnb\var\cache\netigso\org.eclipse.core.runtime\.contributions.1
[2024-01-15 15:51:43.879]: deleting file: C:\Users\imrab\AppData\Local\Temp\tmpnb\var\cache\netigso\org.eclipse.core.runtime\.contributors.1
[2024-01-15 15:51:43.879]: deleting file: C:\Users\imrab\AppData\Local\Temp\tmpnb\var\cache\netigso\org.eclipse.core.runtime\.extraData.1
[2024-01-15 15:51:43.894]: deleting file: C:\Users\imrab\AppData\Local\Temp\tmpnb\var\cache\netigso\org.eclipse.core.runtime\.mainData.1
[2024-01-15 15:51:43.894]: deleting file: C:\Users\imrab\AppData\Local\Temp\tmpnb\var\cache\netigso\org.eclipse.core.runtime\.manager\.fileTable.7
[2024-01-15 15:51:43.894]: deleting file: C:\Users\imrab\AppData\Local\Temp\tmpnb\var\cache\netigso\org.eclipse.core.runtime\.manager\.fileTable.8
[2024-01-15 15:51:43.894]: deleting directory: C:\Users\imrab\AppData\Local\Temp\tmpnb\var\cache\netigso\org.eclipse.core.runtime\.manager
[2024-01-15 15:51:43.894]: deleting file: C:\Users\imrab\AppData\Local\Temp\tmpnb\var\cache\netigso\org.eclipse.core.runtime\.namespaces.1
[2024-01-15 15:51:43.894]: deleting file: C:\Users\imrab\AppData\Local\Temp\tmpnb\var\cache\netigso\org.eclipse.core.runtime\.orphans.1
[2024-01-15 15:51:43.894]: deleting file: C:\Users\imrab\AppData\Local\Temp\tmpnb\var\cache\netigso\org.eclipse.core.runtime\.table.1
[2024-01-15 15:51:43.894]: deleting directory: C:\Users\imrab\AppData\Local\Temp\tmpnb\var\cache\netigso\org.eclipse.core.runtime
[2024-01-15 15:51:43.894]: deleting directory: C:\Users\imrab\AppData\Local\Temp\tmpnb\var\cache\netigso\org.eclipse.equinox.app\.manager
[2024-01-15 15:51:43.894]: deleting directory: C:\Users\imrab\AppData\Local\Temp\tmpnb\var\cache\netigso\org.eclipse.equinox.app
[2024-01-15 15:51:43.894]: deleting file: C:\Users\imrab\AppData\Local\Temp\tmpnb\var\cache\netigso\org.eclipse.osgi\.bundledata.1
[2024-01-15 15:51:43.894]: deleting file: C:\Users\imrab\AppData\Local\Temp\tmpnb\var\cache\netigso\org.eclipse.osgi\.lazy.1
[2024-01-15 15:51:43.894]: deleting file: C:\Users\imrab\AppData\Local\Temp\tmpnb\var\cache\netigso\org.eclipse.osgi\.manager\.fileTable.4
[2024-01-15 15:51:43.894]: deleting file: C:\Users\imrab\AppData\Local\Temp\tmpnb\var\cache\netigso\org.eclipse.osgi\.manager\.fileTable.5
[2024-01-15 15:51:43.894]: deleting directory: C:\Users\imrab\AppData\Local\Temp\tmpnb\var\cache\netigso\org.eclipse.osgi\.manager
[2024-01-15 15:51:43.894]: deleting file: C:\Users\imrab\AppData\Local\Temp\tmpnb\var\cache\netigso\org.eclipse.osgi\.state.1
[2024-01-15 15:51:43.894]: deleting file: C:\Users\imrab\AppData\Local\Temp\tmpnb\var\cache\netigso\org.eclipse.osgi\bundles\1\1\bundlefile
[2024-01-15 15:51:43.894]: deleting directory: C:\Users\imrab\AppData\Local\Temp\tmpnb\var\cache\netigso\org.eclipse.osgi\bundles\1\1
[2024-01-15 15:51:43.894]: deleting directory: C:\Users\imrab\AppData\Local\Temp\tmpnb\var\cache\netigso\org.eclipse.osgi\bundles\1
[2024-01-15 15:51:43.894]: deleting file: C:\Users\imrab\AppData\Local\Temp\tmpnb\var\cache\netigso\org.eclipse.osgi\bundles\10\1\bundlefile
[2024-01-15 15:51:43.894]: deleting directory: C:\Users\imrab\AppData\Local\Temp\tmpnb\var\cache\netigso\org.eclipse.osgi\bundles\10\1
[2024-01-15 15:51:43.894]: deleting directory: C:\Users\imrab\AppData\Local\Temp\tmpnb\var\cache\netigso\org.eclipse.osgi\bundles\10
[2024-01-15 15:51:43.894]: deleting file: C:\Users\imrab\AppData\Local\Temp\tmpnb\var\cache\netigso\org.eclipse.osgi\bundles\102\1\bundlefile
[2024-01-15 15:51:43.894]: deleting directory: C:\Users\imrab\AppData\Local\Temp\tmpnb\var\cache\netigso\org.eclipse.osgi\bundles\102\1
[2024-01-15 15:51:43.894]: deleting directory: C:\Users\imrab\AppData\Local\Temp\tmpnb\var\cache\netigso\org.eclipse.osgi\bundles\102
[2024-01-15 15:51:43.894]: deleting file: C:\Users\imrab\AppData\Local\Temp\tmpnb\var\cache\netigso\org.eclipse.osgi\bundles\103\1\bundlefile
[2024-01-15 15:51:43.894]: deleting directory: C:\Users\imrab\AppData\Local\Temp\tmpnb\var\cache\netigso\org.eclipse.osgi\bundles\103\1
[2024-01-15 15:51:43.894]: deleting directory: C:\Users\imrab\AppData\Local\Temp\tmpnb\var\cache\netigso\org.eclipse.osgi\bundles\103
[2024-01-15 15:51:43.894]: deleting file: C:\Users\imrab\AppData\Local\Temp\tmpnb\var\cache\netigso\org.eclipse.osgi\bundles\105\1\bundlefile
[2024-01-15 15:51:43.894]: deleting directory: C:\Users\imrab\AppData\Local\Temp\tmpnb\var\cache\netigso\org.eclipse.osgi\bundles\105\1
[2024-01-15 15:51:43.910]: deleting directory: C:\Users\imrab\AppData\Local\Temp\tmpnb\var\cache\netigso\org.eclipse.osgi\bundles\105
[2024-01-15 15:51:43.910]: deleting file: C:\Users\imrab\AppData\Local\Temp\tmpnb\var\cache\netigso\org.eclipse.osgi\bundles\106\1\bundlefile
[2024-01-15 15:51:43.910]: deleting directory: C:\Users\imrab\AppData\Local\Temp\tmpnb\var\cache\netigso\org.eclipse.osgi\bundles\106\1
[2024-01-15 15:51:43.910]: deleting directory: C:\Users\imrab\AppData\Local\Temp\tmpnb\var\cache\netigso\org.eclipse.osgi\bundles\106
[2024-01-15 15:51:43.910]: deleting file: C:\Users\imrab\AppData\Local\Temp\tmpnb\var\cache\netigso\org.eclipse.osgi\bundles\108\1\bundlefile
[2024-01-15 15:51:43.910]: deleting directory: C:\Users\imrab\AppData\Local\Temp\tmpnb\var\cache\netigso\org.eclipse.osgi\bundles\108\1
[2024-01-15 15:51:43.910]: deleting directory: C:\Users\imrab\AppData\Local\Temp\tmpnb\var\cache\netigso\org.eclipse.osgi\bundles\108
[2024-01-15 15:51:43.910]: deleting file: C:\Users\imrab\AppData\Local\Temp\tmpnb\var\cache\netigso\org.eclipse.osgi\bundles\11\1\bundlefile
[2024-01-15 15:51:43.910]: deleting directory: C:\Users\imrab\AppData\Local\Temp\tmpnb\var\cache\netigso\org.eclipse.osgi\bundles\11\1
[2024-01-15 15:51:43.910]: deleting directory: C:\Users\imrab\AppData\Local\Temp\tmpnb\var\cache\netigso\org.eclipse.osgi\bundles\11
[2024-01-15 15:51:43.910]: deleting file: C:\Users\imrab\AppData\Local\Temp\tmpnb\var\cache\netigso\org.eclipse.osgi\bundles\110\1\bundlefile
[2024-01-15 15:51:43.910]: deleting directory: C:\Users\imrab\AppData\Local\Temp\tmpnb\var\cache\netigso\org.eclipse.osgi\bundles\110\1
[2024-01-15 15:51:43.910]: deleting directory: C:\Users\imrab\AppData\Local\Temp\tmpnb\var\cache\netigso\org.eclipse.osgi\bundles\110
[2024-01-15 15:51:43.910]: deleting file: C:\Users\imrab\AppData\Local\Temp\tmpnb\var\cache\netigso\org.eclipse.osgi\bundles\111\1\bundlefile
[2024-01-15 15:51:43.910]: deleting directory: C:\Users\imrab\AppData\Local\Temp\tmpnb\var\cache\netigso\org.eclipse.osgi\bundles\111\1
[2024-01-15 15:51:43.910]: deleting directory: C:\Users\imrab\AppData\Local\Temp\tmpnb\var\cache\netigso\org.eclipse.osgi\bundles\111
[2024-01-15 15:51:43.910]: deleting file: C:\Users\imrab\AppData\Local\Temp\tmpnb\var\cache\netigso\org.eclipse.osgi\bundles\112\1\bundlefile
[2024-01-15 15:51:43.910]: deleting directory: C:\Users\imrab\AppData\Local\Temp\tmpnb\var\cache\netigso\org.eclipse.osgi\bundles\112\1
[2024-01-15 15:51:43.910]: deleting directory: C:\Users\imrab\AppData\Local\Temp\tmpnb\var\cache\netigso\org.eclipse.osgi\bundles\112
[2024-01-15 15:51:43.910]: deleting file: C:\Users\imrab\AppData\Local\Temp\tmpnb\var\cache\netigso\org.eclipse.osgi\bundles\113\1\bundlefile
[2024-01-15 15:51:43.910]: deleting directory: C:\Users\imrab\AppData\Local\Temp\tmpnb\var\cache\netigso\org.eclipse.osgi\bundles\113\1
[2024-01-15 15:51:43.910]: deleting directory: C:\Users\imrab\AppData\Local\Temp\tmpnb\var\cache\netigso\org.eclipse.osgi\bundles\113
[2024-01-15 15:51:43.910]: deleting file: C:\Users\imrab\AppData\Local\Temp\tmpnb\var\cache\netigso\org.eclipse.osgi\bundles\114\1\bundlefile
[2024-01-15 15:51:43.910]: deleting directory: C:\Users\imrab\AppData\Local\Temp\tmpnb\var\cache\netigso\org.eclipse.osgi\bundles\114\1
[2024-01-15 15:51:43.910]: deleting directory: C:\Users\imrab\AppData\Local\Temp\tmpnb\var\cache\netigso\org.eclipse.osgi\bundles\114
[2024-01-15 15:51:43.910]: deleting file: C:\Users\imrab\AppData\Local\Temp\tmpnb\var\cache\netigso\org.eclipse.osgi\bundles\115\1\bundlefile
[2024-01-15 15:51:43.910]: deleting directory: C:\Users\imrab\AppData\Local\Temp\tmpnb\var\cache\netigso\org.eclipse.osgi\bundles\115\1
[2024-01-15 15:51:43.910]: deleting directory: C:\Users\imrab\AppData\Local\Temp\tmpnb\var\cache\netigso\org.eclipse.osgi\bundles\115
[2024-01-15 15:51:43.910]: deleting file: C:\Users\imrab\AppData\Local\Temp\tmpnb\var\cache\netigso\org.eclipse.osgi\bundles\116\1\bundlefile
[2024-01-15 15:51:43.910]: deleting directory: C:\Users\imrab\AppData\Local\Temp\tmpnb\var\cache\netigso\org.eclipse.osgi\bundles\116\1
[2024-01-15 15:51:43.926]: deleting directory: C:\Users\imrab\AppData\Local\Temp\tmpnb\var\cache\netigso\org.eclipse.osgi\bundles\116
[2024-01-15 15:51:43.926]: deleting file: C:\Users\imrab\AppData\Local\Temp\tmpnb\var\cache\netigso\org.eclipse.osgi\bundles\117\1\bundlefile
[2024-01-15 15:51:43.926]: deleting directory: C:\Users\imrab\AppData\Local\Temp\tmpnb\var\cache\netigso\org.eclipse.osgi\bundles\117\1
[2024-01-15 15:51:43.926]: deleting directory: C:\Users\imrab\AppData\Local\Temp\tmpnb\var\cache\netigso\org.eclipse.osgi\bundles\117
[2024-01-15 15:51:43.926]: deleting file: C:\Users\imrab\AppData\Local\Temp\tmpnb\var\cache\netigso\org.eclipse.osgi\bundles\118\1\bundlefile
[2024-01-15 15:51:43.926]: deleting directory: C:\Users\imrab\AppData\Local\Temp\tmpnb\var\cache\netigso\org.eclipse.osgi\bundles\118\1
[2024-01-15 15:51:43.926]: deleting directory: C:\Users\imrab\AppData\Local\Temp\tmpnb\var\cache\netigso\org.eclipse.osgi\bundles\118
[2024-01-15 15:51:43.926]: deleting file: C:\Users\imrab\AppData\Local\Temp\tmpnb\var\cache\netigso\org.eclipse.osgi\bundles\119\1\bundlefile
[2024-01-15 15:51:43.926]: deleting directory: C:\Users\imrab\AppData\Local\Temp\tmpnb\var\cache\netigso\org.eclipse.osgi\bundles\119\1
[2024-01-15 15:51:43.926]: deleting directory: C:\Users\imrab\AppData\Local\Temp\tmpnb\var\cache\netigso\org.eclipse.osgi\bundles\119
[2024-01-15 15:51:43.926]: deleting file: C:\Users\imrab\AppData\Local\Temp\tmpnb\var\cache\netigso\org.eclipse.osgi\bundles\12\1\bundlefile
[2024-01-15 15:51:43.926]: deleting directory: C:\Users\imrab\AppData\Local\Temp\tmpnb\var\cache\netigso\org.eclipse.osgi\bundles\12\1
[2024-01-15 15:51:43.926]: deleting directory: C:\Users\imrab\AppData\Local\Temp\tmpnb\var\cache\netigso\org.eclipse.osgi\bundles\12
[2024-01-15 15:51:43.926]: deleting file: C:\Users\imrab\AppData\Local\Temp\tmpnb\var\cache\netigso\org.eclipse.osgi\bundles\120\1\bundlefile
[2024-01-15 15:51:43.926]: deleting directory: C:\Users\imrab\AppData\Local\Temp\tmpnb\var\cache\netigso\org.eclipse.osgi\bundles\120\1
[2024-01-15 15:51:43.926]: deleting directory: C:\Users\imrab\AppData\Local\Temp\tmpnb\var\cache\netigso\org.eclipse.osgi\bundles\120
[2024-01-15 15:51:43.926]: deleting file: C:\Users\imrab\AppData\Local\Temp\tmpnb\var\cache\netigso\org.eclipse.osgi\bundles\121\1\bundlefile
[2024-01-15 15:51:43.926]: deleting directory: C:\Users\imrab\AppData\Local\Temp\tmpnb\var\cache\netigso\org.eclipse.osgi\bundles\121\1
[2024-01-15 15:51:43.926]: deleting directory: C:\Users\imrab\AppData\Local\Temp\tmpnb\var\cache\netigso\org.eclipse.osgi\bundles\121
[2024-01-15 15:51:43.926]: deleting file: C:\Users\imrab\AppData\Local\Temp\tmpnb\var\cache\netigso\org.eclipse.osgi\bundles\122\1\bundlefile
[2024-01-15 15:51:43.926]: deleting directory: C:\Users\imrab\AppData\Local\Temp\tmpnb\var\cache\netigso\org.eclipse.osgi\bundles\122\1
[2024-01-15 15:51:43.926]: deleting directory: C:\Users\imrab\AppData\Local\Temp\tmpnb\var\cache\netigso\org.eclipse.osgi\bundles\122
[2024-01-15 15:51:43.926]: deleting file: C:\Users\imrab\AppData\Local\Temp\tmpnb\var\cache\netigso\org.eclipse.osgi\bundles\123\1\bundlefile
[2024-01-15 15:51:43.926]: deleting directory: C:\Users\imrab\AppData\Local\Temp\tmpnb\var\cache\netigso\org.eclipse.osgi\bundles\123\1
[2024-01-15 15:51:43.926]: deleting directory: C:\Users\imrab\AppData\Local\Temp\tmpnb\var\cache\netigso\org.eclipse.osgi\bundles\123
[2024-01-15 15:51:43.926]: deleting file: C:\Users\imrab\AppData\Local\Temp\tmpnb\var\cache\netigso\org.eclipse.osgi\bundles\124\1\bundlefile
[2024-01-15 15:51:43.926]: deleting directory: C:\Users\imrab\AppData\Local\Temp\tmpnb\var\cache\netigso\org.eclipse.osgi\bundles\124\1
[2024-01-15 15:51:43.926]: deleting directory: C:\Users\imrab\AppData\Local\Temp\tmpnb\var\cache\netigso\org.eclipse.osgi\bundles\124
[2024-01-15 15:51:43.926]: deleting file: C:\Users\imrab\AppData\Local\Temp\tmpnb\var\cache\netigso\org.eclipse.osgi\bundles\125\1\bundlefile
[2024-01-15 15:51:43.926]: deleting directory: C:\Users\imrab\AppData\Local\Temp\tmpnb\var\cache\netigso\org.eclipse.osgi\bundles\125\1
[2024-01-15 15:51:43.941]: deleting directory: C:\Users\imrab\AppData\Local\Temp\tmpnb\var\cache\netigso\org.eclipse.osgi\bundles\125
[2024-01-15 15:51:43.941]: deleting file: C:\Users\imrab\AppData\Local\Temp\tmpnb\var\cache\netigso\org.eclipse.osgi\bundles\126\1\bundlefile
[2024-01-15 15:51:43.941]: deleting directory: C:\Users\imrab\AppData\Local\Temp\tmpnb\var\cache\netigso\org.eclipse.osgi\bundles\126\1
[2024-01-15 15:51:43.941]: deleting directory: C:\Users\imrab\AppData\Local\Temp\tmpnb\var\cache\netigso\org.eclipse.osgi\bundles\126
[2024-01-15 15:51:43.941]: deleting file: C:\Users\imrab\AppData\Local\Temp\tmpnb\var\cache\netigso\org.eclipse.osgi\bundles\127\1\bundlefile
[2024-01-15 15:51:43.941]: deleting directory: C:\Users\imrab\AppData\Local\Temp\tmpnb\var\cache\netigso\org.eclipse.osgi\bundles\127\1
[2024-01-15 15:51:43.941]: deleting directory: C:\Users\imrab\AppData\Local\Temp\tmpnb\var\cache\netigso\org.eclipse.osgi\bundles\127
[2024-01-15 15:51:43.941]: deleting file: C:\Users\imrab\AppData\Local\Temp\tmpnb\var\cache\netigso\org.eclipse.osgi\bundles\129\1\bundlefile
[2024-01-15 15:51:43.941]: deleting directory: C:\Users\imrab\AppData\Local\Temp\tmpnb\var\cache\netigso\org.eclipse.osgi\bundles\129\1
[2024-01-15 15:51:43.941]: deleting directory: C:\Users\imrab\AppData\Local\Temp\tmpnb\var\cache\netigso\org.eclipse.osgi\bundles\129
[2024-01-15 15:51:43.941]: deleting file: C:\Users\imrab\AppData\Local\Temp\tmpnb\var\cache\netigso\org.eclipse.osgi\bundles\13\1\bundlefile
[2024-01-15 15:51:43.941]: deleting directory: C:\Users\imrab\AppData\Local\Temp\tmpnb\var\cache\netigso\org.eclipse.osgi\bundles\13\1
[2024-01-15 15:51:43.941]: deleting directory: C:\Users\imrab\AppData\Local\Temp\tmpnb\var\cache\netigso\org.eclipse.osgi\bundles\13
[2024-01-15 15:51:43.941]: deleting file: C:\Users\imrab\AppData\Local\Temp\tmpnb\var\cache\netigso\org.eclipse.osgi\bundles\131\1\bundlefile
[2024-01-15 15:51:43.941]: deleting directory: C:\Users\imrab\AppData\Local\Temp\tmpnb\var\cache\netigso\org.eclipse.osgi\bundles\131\1
[2024-01-15 15:51:43.941]: deleting directory: C:\Users\imrab\AppData\Local\Temp\tmpnb\var\cache\netigso\org.eclipse.osgi\bundles\131
[2024-01-15 15:51:43.941]: deleting file: C:\Users\imrab\AppData\Local\Temp\tmpnb\var\cache\netigso\org.eclipse.osgi\bundles\132\1\bundlefile
[2024-01-15 15:51:43.941]: deleting directory: C:\Users\imrab\AppData\Local\Temp\tmpnb\var\cache\netigso\org.eclipse.osgi\bundles\132\1
[2024-01-15 15:51:43.941]: deleting directory: C:\Users\imrab\AppData\Local\Temp\tmpnb\var\cache\netigso\org.eclipse.osgi\bundles\132
[2024-01-15 15:51:43.941]: deleting file: C:\Users\imrab\AppData\Local\Temp\tmpnb\var\cache\netigso\org.eclipse.osgi\bundles\133\1\bundlefile
[2024-01-15 15:51:43.941]: deleting directory: C:\Users\imrab\AppData\Local\Temp\tmpnb\var\cache\netigso\org.eclipse.osgi\bundles\133\1
[2024-01-15 15:51:43.941]: deleting directory: C:\Users\imrab\AppData\Local\Temp\tmpnb\var\cache\netigso\org.eclipse.osgi\bundles\133
[2024-01-15 15:51:43.941]: deleting file: C:\Users\imrab\AppData\Local\Temp\tmpnb\var\cache\netigso\org.eclipse.osgi\bundles\134\1\bundlefile
[2024-01-15 15:51:43.941]: deleting directory: C:\Users\imrab\AppData\Local\Temp\tmpnb\var\cache\netigso\org.eclipse.osgi\bundles\134\1
[2024-01-15 15:51:43.941]: deleting directory: C:\Users\imrab\AppData\Local\Temp\tmpnb\var\cache\netigso\org.eclipse.osgi\bundles\134
[2024-01-15 15:51:43.941]: deleting file: C:\Users\imrab\AppData\Local\Temp\tmpnb\var\cache\netigso\org.eclipse.osgi\bundles\135\1\bundlefile
[2024-01-15 15:51:43.941]: deleting directory: C:\Users\imrab\AppData\Local\Temp\tmpnb\var\cache\netigso\org.eclipse.osgi\bundles\135\1
[2024-01-15 15:51:43.941]: deleting directory: C:\Users\imrab\AppData\Local\Temp\tmpnb\var\cache\netigso\org.eclipse.osgi\bundles\135
[2024-01-15 15:51:43.941]: deleting file: C:\Users\imrab\AppData\Local\Temp\tmpnb\var\cache\netigso\org.eclipse.osgi\bundles\136\1\bundlefile
[2024-01-15 15:51:43.941]: deleting directory: C:\Users\imrab\AppData\Local\Temp\tmpnb\var\cache\netigso\org.eclipse.osgi\bundles\136\1
[2024-01-15 15:51:43.957]: deleting directory: C:\Users\imrab\AppData\Local\Temp\tmpnb\var\cache\netigso\org.eclipse.osgi\bundles\136
[2024-01-15 15:51:43.957]: deleting file: C:\Users\imrab\AppData\Local\Temp\tmpnb\var\cache\netigso\org.eclipse.osgi\bundles\137\1\bundlefile
[2024-01-15 15:51:43.957]: deleting directory: C:\Users\imrab\AppData\Local\Temp\tmpnb\var\cache\netigso\org.eclipse.osgi\bundles\137\1
[2024-01-15 15:51:43.957]: deleting directory: C:\Users\imrab\AppData\Local\Temp\tmpnb\var\cache\netigso\org.eclipse.osgi\bundles\137
[2024-01-15 15:51:43.957]: deleting file: C:\Users\imrab\AppData\Local\Temp\tmpnb\var\cache\netigso\org.eclipse.osgi\bundles\138\1\bundlefile
[2024-01-15 15:51:43.957]: deleting directory: C:\Users\imrab\AppData\Local\Temp\tmpnb\var\cache\netigso\org.eclipse.osgi\bundles\138\1
[2024-01-15 15:51:43.957]: deleting directory: C:\Users\imrab\AppData\Local\Temp\tmpnb\var\cache\netigso\org.eclipse.osgi\bundles\138
[2024-01-15 15:51:43.957]: deleting file: C:\Users\imrab\AppData\Local\Temp\tmpnb\var\cache\netigso\org.eclipse.osgi\bundles\139\1\bundlefile
[2024-01-15 15:51:43.957]: deleting directory: C:\Users\imrab\AppData\Local\Temp\tmpnb\var\cache\netigso\org.eclipse.osgi\bundles\139\1
[2024-01-15 15:51:43.957]: deleting directory: C:\Users\imrab\AppData\Local\Temp\tmpnb\var\cache\netigso\org.eclipse.osgi\bundles\139
[2024-01-15 15:51:43.957]: deleting file: C:\Users\imrab\AppData\Local\Temp\tmpnb\var\cache\netigso\org.eclipse.osgi\bundles\14\1\bundlefile
[2024-01-15 15:51:43.957]: deleting directory: C:\Users\imrab\AppData\Local\Temp\tmpnb\var\cache\netigso\org.eclipse.osgi\bundles\14\1
[2024-01-15 15:51:43.957]: deleting directory: C:\Users\imrab\AppData\Local\Temp\tmpnb\var\cache\netigso\org.eclipse.osgi\bundles\14
[2024-01-15 15:51:43.957]: deleting file: C:\Users\imrab\AppData\Local\Temp\tmpnb\var\cache\netigso\org.eclipse.osgi\bundles\140\1\bundlefile
[2024-01-15 15:51:43.957]: deleting directory: C:\Users\imrab\AppData\Local\Temp\tmpnb\var\cache\netigso\org.eclipse.osgi\bundles\140\1
[2024-01-15 15:51:43.957]: deleting directory: C:\Users\imrab\AppData\Local\Temp\tmpnb\var\cache\netigso\org.eclipse.osgi\bundles\140
[2024-01-15 15:51:43.957]: deleting file: C:\Users\imrab\AppData\Local\Temp\tmpnb\var\cache\netigso\org.eclipse.osgi\bundles\141\1\bundlefile
[2024-01-15 15:51:43.957]: deleting directory: C:\Users\imrab\AppData\Local\Temp\tmpnb\var\cache\netigso\org.eclipse.osgi\bundles\141\1
[2024-01-15 15:51:43.957]: deleting directory: C:\Users\imrab\AppData\Local\Temp\tmpnb\var\cache\netigso\org.eclipse.osgi\bundles\141
[2024-01-15 15:51:43.957]: deleting file: C:\Users\imrab\AppData\Local\Temp\tmpnb\var\cache\netigso\org.eclipse.osgi\bundles\143\1\bundlefile
[2024-01-15 15:51:43.957]: deleting directory: C:\Users\imrab\AppData\Local\Temp\tmpnb\var\cache\netigso\org.eclipse.osgi\bundles\143\1
[2024-01-15 15:51:43.957]: deleting directory: C:\Users\imrab\AppData\Local\Temp\tmpnb\var\cache\netigso\org.eclipse.osgi\bundles\143
[2024-01-15 15:51:43.957]: deleting file: C:\Users\imrab\AppData\Local\Temp\tmpnb\var\cache\netigso\org.eclipse.osgi\bundles\144\1\bundlefile
[2024-01-15 15:51:43.957]: deleting directory: C:\Users\imrab\AppData\Local\Temp\tmpnb\var\cache\netigso\org.eclipse.osgi\bundles\144\1
[2024-01-15 15:51:43.957]: deleting directory: C:\Users\imrab\AppData\Local\Temp\tmpnb\var\cache\netigso\org.eclipse.osgi\bundles\144
[2024-01-15 15:51:43.957]: deleting file: C:\Users\imrab\AppData\Local\Temp\tmpnb\var\cache\netigso\org.eclipse.osgi\bundles\145\1\bundlefile
[2024-01-15 15:51:43.957]: deleting directory: C:\Users\imrab\AppData\Local\Temp\tmpnb\var\cache\netigso\org.eclipse.osgi\bundles\145\1
[2024-01-15 15:51:43.957]: deleting directory: C:\Users\imrab\AppData\Local\Temp\tmpnb\var\cache\netigso\org.eclipse.osgi\bundles\145
[2024-01-15 15:51:43.957]: deleting file: C:\Users\imrab\AppData\Local\Temp\tmpnb\var\cache\netigso\org.eclipse.osgi\bundles\147\1\bundlefile
[2024-01-15 15:51:43.957]: deleting directory: C:\Users\imrab\AppData\Local\Temp\tmpnb\var\cache\netigso\org.eclipse.osgi\bundles\147\1
[2024-01-15 15:51:43.973]: deleting directory: C:\Users\imrab\AppData\Local\Temp\tmpnb\var\cache\netigso\org.eclipse.osgi\bundles\147
[2024-01-15 15:51:43.973]: deleting file: C:\Users\imrab\AppData\Local\Temp\tmpnb\var\cache\netigso\org.eclipse.osgi\bundles\148\1\bundlefile
[2024-01-15 15:51:43.973]: deleting directory: C:\Users\imrab\AppData\Local\Temp\tmpnb\var\cache\netigso\org.eclipse.osgi\bundles\148\1
[2024-01-15 15:51:43.973]: deleting directory: C:\Users\imrab\AppData\Local\Temp\tmpnb\var\cache\netigso\org.eclipse.osgi\bundles\148
[2024-01-15 15:51:43.973]: deleting file: C:\Users\imrab\AppData\Local\Temp\tmpnb\var\cache\netigso\org.eclipse.osgi\bundles\149\1\bundlefile
[2024-01-15 15:51:43.973]: deleting directory: C:\Users\imrab\AppData\Local\Temp\tmpnb\var\cache\netigso\org.eclipse.osgi\bundles\149\1
[2024-01-15 15:51:43.973]: deleting directory: C:\Users\imrab\AppData\Local\Temp\tmpnb\var\cache\netigso\org.eclipse.osgi\bundles\149
[2024-01-15 15:51:43.973]: deleting file: C:\Users\imrab\AppData\Local\Temp\tmpnb\var\cache\netigso\org.eclipse.osgi\bundles\15\1\bundlefile
[2024-01-15 15:51:43.973]: deleting directory: C:\Users\imrab\AppData\Local\Temp\tmpnb\var\cache\netigso\org.eclipse.osgi\bundles\15\1
[2024-01-15 15:51:43.973]: deleting directory: C:\Users\imrab\AppData\Local\Temp\tmpnb\var\cache\netigso\org.eclipse.osgi\bundles\15
[2024-01-15 15:51:43.973]: deleting file: C:\Users\imrab\AppData\Local\Temp\tmpnb\var\cache\netigso\org.eclipse.osgi\bundles\150\1\bundlefile
[2024-01-15 15:51:43.973]: deleting directory: C:\Users\imrab\AppData\Local\Temp\tmpnb\var\cache\netigso\org.eclipse.osgi\bundles\150\1
[2024-01-15 15:51:43.973]: deleting directory: C:\Users\imrab\AppData\Local\Temp\tmpnb\var\cache\netigso\org.eclipse.osgi\bundles\150
[2024-01-15 15:51:43.973]: deleting file: C:\Users\imrab\AppData\Local\Temp\tmpnb\var\cache\netigso\org.eclipse.osgi\bundles\152\1\bundlefile
[2024-01-15 15:51:43.973]: deleting directory: C:\Users\imrab\AppData\Local\Temp\tmpnb\var\cache\netigso\org.eclipse.osgi\bundles\152\1
[2024-01-15 15:51:43.973]: deleting directory: C:\Users\imrab\AppData\Local\Temp\tmpnb\var\cache\netigso\org.eclipse.osgi\bundles\152
[2024-01-15 15:51:43.973]: deleting file: C:\Users\imrab\AppData\Local\Temp\tmpnb\var\cache\netigso\org.eclipse.osgi\bundles\154\1\bundlefile
[2024-01-15 15:51:43.973]: deleting directory: C:\Users\imrab\AppData\Local\Temp\tmpnb\var\cache\netigso\org.eclipse.osgi\bundles\154\1
[2024-01-15 15:51:43.973]: deleting directory: C:\Users\imrab\AppData\Local\Temp\tmpnb\var\cache\netigso\org.eclipse.osgi\bundles\154
[2024-01-15 15:51:43.973]: deleting file: C:\Users\imrab\AppData\Local\Temp\tmpnb\var\cache\netigso\org.eclipse.osgi\bundles\156\1\bundlefile
[2024-01-15 15:51:43.973]: deleting directory: C:\Users\imrab\AppData\Local\Temp\tmpnb\var\cache\netigso\org.eclipse.osgi\bundles\156\1
[2024-01-15 15:51:43.973]: deleting directory: C:\Users\imrab\AppData\Local\Temp\tmpnb\var\cache\netigso\org.eclipse.osgi\bundles\156
[2024-01-15 15:51:43.973]: deleting file: C:\Users\imrab\AppData\Local\Temp\tmpnb\var\cache\netigso\org.eclipse.osgi\bundles\157\1\bundlefile
[2024-01-15 15:51:43.973]: deleting directory: C:\Users\imrab\AppData\Local\Temp\tmpnb\var\cache\netigso\org.eclipse.osgi\bundles\157\1
[2024-01-15 15:51:43.973]: deleting directory: C:\Users\imrab\AppData\Local\Temp\tmpnb\var\cache\netigso\org.eclipse.osgi\bundles\157
[2024-01-15 15:51:43.973]: deleting file: C:\Users\imrab\AppData\Local\Temp\tmpnb\var\cache\netigso\org.eclipse.osgi\bundles\158\1\bundlefile
[2024-01-15 15:51:43.973]: deleting directory: C:\Users\imrab\AppData\Local\Temp\tmpnb\var\cache\netigso\org.eclipse.osgi\bundles\158\1
[2024-01-15 15:51:43.973]: deleting directory: C:\Users\imrab\AppData\Local\Temp\tmpnb\var\cache\netigso\org.eclipse.osgi\bundles\158
[2024-01-15 15:51:43.973]: deleting file: C:\Users\imrab\AppData\Local\Temp\tmpnb\var\cache\netigso\org.eclipse.osgi\bundles\160\1\bundlefile
[2024-01-15 15:51:43.973]: deleting directory: C:\Users\imrab\AppData\Local\Temp\tmpnb\var\cache\netigso\org.eclipse.osgi\bundles\160\1
[2024-01-15 15:51:43.988]: deleting directory: C:\Users\imrab\AppData\Local\Temp\tmpnb\var\cache\netigso\org.eclipse.osgi\bundles\160
[2024-01-15 15:51:43.988]: deleting file: C:\Users\imrab\AppData\Local\Temp\tmpnb\var\cache\netigso\org.eclipse.osgi\bundles\162\1\bundlefile
[2024-01-15 15:51:43.988]: deleting directory: C:\Users\imrab\AppData\Local\Temp\tmpnb\var\cache\netigso\org.eclipse.osgi\bundles\162\1
[2024-01-15 15:51:43.988]: deleting directory: C:\Users\imrab\AppData\Local\Temp\tmpnb\var\cache\netigso\org.eclipse.osgi\bundles\162
[2024-01-15 15:51:43.988]: deleting file: C:\Users\imrab\AppData\Local\Temp\tmpnb\var\cache\netigso\org.eclipse.osgi\bundles\163\1\bundlefile
[2024-01-15 15:51:43.988]: deleting directory: C:\Users\imrab\AppData\Local\Temp\tmpnb\var\cache\netigso\org.eclipse.osgi\bundles\163\1
[2024-01-15 15:51:43.988]: deleting directory: C:\Users\imrab\AppData\Local\Temp\tmpnb\var\cache\netigso\org.eclipse.osgi\bundles\163
[2024-01-15 15:51:43.988]: deleting file: C:\Users\imrab\AppData\Local\Temp\tmpnb\var\cache\netigso\org.eclipse.osgi\bundles\165\1\bundlefile
[2024-01-15 15:51:43.988]: deleting directory: C:\Users\imrab\AppData\Local\Temp\tmpnb\var\cache\netigso\org.eclipse.osgi\bundles\165\1
[2024-01-15 15:51:43.988]: deleting directory: C:\Users\imrab\AppData\Local\Temp\tmpnb\var\cache\netigso\org.eclipse.osgi\bundles\165
[2024-01-15 15:51:43.988]: deleting file: C:\Users\imrab\AppData\Local\Temp\tmpnb\var\cache\netigso\org.eclipse.osgi\bundles\167\1\bundlefile
[2024-01-15 15:51:43.988]: deleting directory: C:\Users\imrab\AppData\Local\Temp\tmpnb\var\cache\netigso\org.eclipse.osgi\bundles\167\1
[2024-01-15 15:51:43.988]: deleting directory: C:\Users\imrab\AppData\Local\Temp\tmpnb\var\cache\netigso\org.eclipse.osgi\bundles\167
[2024-01-15 15:51:43.988]: deleting file: C:\Users\imrab\AppData\Local\Temp\tmpnb\var\cache\netigso\org.eclipse.osgi\bundles\168\1\bundlefile
[2024-01-15 15:51:43.988]: deleting directory: C:\Users\imrab\AppData\Local\Temp\tmpnb\var\cache\netigso\org.eclipse.osgi\bundles\168\1
[2024-01-15 15:51:43.988]: deleting directory: C:\Users\imrab\AppData\Local\Temp\tmpnb\var\cache\netigso\org.eclipse.osgi\bundles\168
[2024-01-15 15:51:43.988]: deleting file: C:\Users\imrab\AppData\Local\Temp\tmpnb\var\cache\netigso\org.eclipse.osgi\bundles\169\1\bundlefile
[2024-01-15 15:51:43.988]: deleting directory: C:\Users\imrab\AppData\Local\Temp\tmpnb\var\cache\netigso\org.eclipse.osgi\bundles\169\1
[2024-01-15 15:51:43.988]: deleting directory: C:\Users\imrab\AppData\Local\Temp\tmpnb\var\cache\netigso\org.eclipse.osgi\bundles\169
[2024-01-15 15:51:43.988]: deleting file: C:\Users\imrab\AppData\Local\Temp\tmpnb\var\cache\netigso\org.eclipse.osgi\bundles\17\1\bundlefile
[2024-01-15 15:51:43.988]: deleting directory: C:\Users\imrab\AppData\Local\Temp\tmpnb\var\cache\netigso\org.eclipse.osgi\bundles\17\1
[2024-01-15 15:51:43.988]: deleting directory: C:\Users\imrab\AppData\Local\Temp\tmpnb\var\cache\netigso\org.eclipse.osgi\bundles\17
[2024-01-15 15:51:43.988]: deleting file: C:\Users\imrab\AppData\Local\Temp\tmpnb\var\cache\netigso\org.eclipse.osgi\bundles\170\1\bundlefile
[2024-01-15 15:51:43.988]: deleting directory: C:\Users\imrab\AppData\Local\Temp\tmpnb\var\cache\netigso\org.eclipse.osgi\bundles\170\1
[2024-01-15 15:51:43.988]: deleting directory: C:\Users\imrab\AppData\Local\Temp\tmpnb\var\cache\netigso\org.eclipse.osgi\bundles\170
[2024-01-15 15:51:43.988]: deleting file: C:\Users\imrab\AppData\Local\Temp\tmpnb\var\cache\netigso\org.eclipse.osgi\bundles\171\1\bundlefile
[2024-01-15 15:51:43.988]: deleting directory: C:\Users\imrab\AppData\Local\Temp\tmpnb\var\cache\netigso\org.eclipse.osgi\bundles\171\1
[2024-01-15 15:51:43.988]: deleting directory: C:\Users\imrab\AppData\Local\Temp\tmpnb\var\cache\netigso\org.eclipse.osgi\bundles\171
[2024-01-15 15:51:43.988]: deleting file: C:\Users\imrab\AppData\Local\Temp\tmpnb\var\cache\netigso\org.eclipse.osgi\bundles\172\1\bundlefile
[2024-01-15 15:51:43.988]: deleting directory: C:\Users\imrab\AppData\Local\Temp\tmpnb\var\cache\netigso\org.eclipse.osgi\bundles\172\1
[2024-01-15 15:51:44.004]: deleting directory: C:\Users\imrab\AppData\Local\Temp\tmpnb\var\cache\netigso\org.eclipse.osgi\bundles\172
[2024-01-15 15:51:44.004]: deleting file: C:\Users\imrab\AppData\Local\Temp\tmpnb\var\cache\netigso\org.eclipse.osgi\bundles\173\1\bundlefile
[2024-01-15 15:51:44.004]: deleting directory: C:\Users\imrab\AppData\Local\Temp\tmpnb\var\cache\netigso\org.eclipse.osgi\bundles\173\1
[2024-01-15 15:51:44.004]: deleting directory: C:\Users\imrab\AppData\Local\Temp\tmpnb\var\cache\netigso\org.eclipse.osgi\bundles\173
[2024-01-15 15:51:44.004]: deleting file: C:\Users\imrab\AppData\Local\Temp\tmpnb\var\cache\netigso\org.eclipse.osgi\bundles\174\1\bundlefile
[2024-01-15 15:51:44.004]: deleting directory: C:\Users\imrab\AppData\Local\Temp\tmpnb\var\cache\netigso\org.eclipse.osgi\bundles\174\1
[2024-01-15 15:51:44.004]: deleting directory: C:\Users\imrab\AppData\Local\Temp\tmpnb\var\cache\netigso\org.eclipse.osgi\bundles\174
[2024-01-15 15:51:44.004]: deleting file: C:\Users\imrab\AppData\Local\Temp\tmpnb\var\cache\netigso\org.eclipse.osgi\bundles\175\1\bundlefile
[2024-01-15 15:51:44.004]: deleting directory: C:\Users\imrab\AppData\Local\Temp\tmpnb\var\cache\netigso\org.eclipse.osgi\bundles\175\1
[2024-01-15 15:51:44.004]: deleting directory: C:\Users\imrab\AppData\Local\Temp\tmpnb\var\cache\netigso\org.eclipse.osgi\bundles\175
[2024-01-15 15:51:44.004]: deleting file: C:\Users\imrab\AppData\Local\Temp\tmpnb\var\cache\netigso\org.eclipse.osgi\bundles\177\1\bundlefile
[2024-01-15 15:51:44.004]: deleting directory: C:\Users\imrab\AppData\Local\Temp\tmpnb\var\cache\netigso\org.eclipse.osgi\bundles\177\1
[2024-01-15 15:51:44.004]: deleting directory: C:\Users\imrab\AppData\Local\Temp\tmpnb\var\cache\netigso\org.eclipse.osgi\bundles\177
[2024-01-15 15:51:44.004]: deleting file: C:\Users\imrab\AppData\Local\Temp\tmpnb\var\cache\netigso\org.eclipse.osgi\bundles\178\1\bundlefile
[2024-01-15 15:51:44.004]: deleting directory: C:\Users\imrab\AppData\Local\Temp\tmpnb\var\cache\netigso\org.eclipse.osgi\bundles\178\1
[2024-01-15 15:51:44.004]: deleting directory: C:\Users\imrab\AppData\Local\Temp\tmpnb\var\cache\netigso\org.eclipse.osgi\bundles\178
[2024-01-15 15:51:44.004]: deleting file: C:\Users\imrab\AppData\Local\Temp\tmpnb\var\cache\netigso\org.eclipse.osgi\bundles\179\1\bundlefile
[2024-01-15 15:51:44.004]: deleting directory: C:\Users\imrab\AppData\Local\Temp\tmpnb\var\cache\netigso\org.eclipse.osgi\bundles\179\1
[2024-01-15 15:51:44.004]: deleting directory: C:\Users\imrab\AppData\Local\Temp\tmpnb\var\cache\netigso\org.eclipse.osgi\bundles\179
[2024-01-15 15:51:44.004]: deleting file: C:\Users\imrab\AppData\Local\Temp\tmpnb\var\cache\netigso\org.eclipse.osgi\bundles\180\1\bundlefile
[2024-01-15 15:51:44.004]: deleting directory: C:\Users\imrab\AppData\Local\Temp\tmpnb\var\cache\netigso\org.eclipse.osgi\bundles\180\1
[2024-01-15 15:51:44.004]: deleting directory: C:\Users\imrab\AppData\Local\Temp\tmpnb\var\cache\netigso\org.eclipse.osgi\bundles\180
[2024-01-15 15:51:44.004]: deleting file: C:\Users\imrab\AppData\Local\Temp\tmpnb\var\cache\netigso\org.eclipse.osgi\bundles\181\1\bundlefile
[2024-01-15 15:51:44.004]: deleting directory: C:\Users\imrab\AppData\Local\Temp\tmpnb\var\cache\netigso\org.eclipse.osgi\bundles\181\1
[2024-01-15 15:51:44.004]: deleting directory: C:\Users\imrab\AppData\Local\Temp\tmpnb\var\cache\netigso\org.eclipse.osgi\bundles\181
[2024-01-15 15:51:44.004]: deleting file: C:\Users\imrab\AppData\Local\Temp\tmpnb\var\cache\netigso\org.eclipse.osgi\bundles\182\1\bundlefile
[2024-01-15 15:51:44.004]: deleting directory: C:\Users\imrab\AppData\Local\Temp\tmpnb\var\cache\netigso\org.eclipse.osgi\bundles\182\1
[2024-01-15 15:51:44.004]: deleting directory: C:\Users\imrab\AppData\Local\Temp\tmpnb\var\cache\netigso\org.eclipse.osgi\bundles\182
[2024-01-15 15:51:44.004]: deleting file: C:\Users\imrab\AppData\Local\Temp\tmpnb\var\cache\netigso\org.eclipse.osgi\bundles\183\1\bundlefile
[2024-01-15 15:51:44.004]: deleting directory: C:\Users\imrab\AppData\Local\Temp\tmpnb\var\cache\netigso\org.eclipse.osgi\bundles\183\1
[2024-01-15 15:51:44.019]: deleting directory: C:\Users\imrab\AppData\Local\Temp\tmpnb\var\cache\netigso\org.eclipse.osgi\bundles\183
[2024-01-15 15:51:44.019]: deleting file: C:\Users\imrab\AppData\Local\Temp\tmpnb\var\cache\netigso\org.eclipse.osgi\bundles\184\1\bundlefile
[2024-01-15 15:51:44.019]: deleting directory: C:\Users\imrab\AppData\Local\Temp\tmpnb\var\cache\netigso\org.eclipse.osgi\bundles\184\1
[2024-01-15 15:51:44.019]: deleting directory: C:\Users\imrab\AppData\Local\Temp\tmpnb\var\cache\netigso\org.eclipse.osgi\bundles\184
[2024-01-15 15:51:44.019]: deleting file: C:\Users\imrab\AppData\Local\Temp\tmpnb\var\cache\netigso\org.eclipse.osgi\bundles\185\1\bundlefile
[2024-01-15 15:51:44.019]: deleting directory: C:\Users\imrab\AppData\Local\Temp\tmpnb\var\cache\netigso\org.eclipse.osgi\bundles\185\1
[2024-01-15 15:51:44.019]: deleting directory: C:\Users\imrab\AppData\Local\Temp\tmpnb\var\cache\netigso\org.eclipse.osgi\bundles\185
[2024-01-15 15:51:44.019]: deleting file: C:\Users\imrab\AppData\Local\Temp\tmpnb\var\cache\netigso\org.eclipse.osgi\bundles\186\1\bundlefile
[2024-01-15 15:51:44.019]: deleting directory: C:\Users\imrab\AppData\Local\Temp\tmpnb\var\cache\netigso\org.eclipse.osgi\bundles\186\1
[2024-01-15 15:51:44.019]: deleting directory: C:\Users\imrab\AppData\Local\Temp\tmpnb\var\cache\netigso\org.eclipse.osgi\bundles\186
[2024-01-15 15:51:44.019]: deleting file: C:\Users\imrab\AppData\Local\Temp\tmpnb\var\cache\netigso\org.eclipse.osgi\bundles\188\1\bundlefile
[2024-01-15 15:51:44.019]: deleting directory: C:\Users\imrab\AppData\Local\Temp\tmpnb\var\cache\netigso\org.eclipse.osgi\bundles\188\1
[2024-01-15 15:51:44.019]: deleting directory: C:\Users\imrab\AppData\Local\Temp\tmpnb\var\cache\netigso\org.eclipse.osgi\bundles\188
[2024-01-15 15:51:44.019]: deleting file: C:\Users\imrab\AppData\Local\Temp\tmpnb\var\cache\netigso\org.eclipse.osgi\bundles\189\1\bundlefile
[2024-01-15 15:51:44.019]: deleting directory: C:\Users\imrab\AppData\Local\Temp\tmpnb\var\cache\netigso\org.eclipse.osgi\bundles\189\1
[2024-01-15 15:51:44.019]: deleting directory: C:\Users\imrab\AppData\Local\Temp\tmpnb\var\cache\netigso\org.eclipse.osgi\bundles\189
[2024-01-15 15:51:44.019]: deleting file: C:\Users\imrab\AppData\Local\Temp\tmpnb\var\cache\netigso\org.eclipse.osgi\bundles\19\1\bundlefile
[2024-01-15 15:51:44.019]: deleting directory: C:\Users\imrab\AppData\Local\Temp\tmpnb\var\cache\netigso\org.eclipse.osgi\bundles\19\1
[2024-01-15 15:51:44.019]: deleting directory: C:\Users\imrab\AppData\Local\Temp\tmpnb\var\cache\netigso\org.eclipse.osgi\bundles\19
[2024-01-15 15:51:44.019]: deleting file: C:\Users\imrab\AppData\Local\Temp\tmpnb\var\cache\netigso\org.eclipse.osgi\bundles\190\1\bundlefile
[2024-01-15 15:51:44.019]: deleting directory: C:\Users\imrab\AppData\Local\Temp\tmpnb\var\cache\netigso\org.eclipse.osgi\bundles\190\1
[2024-01-15 15:51:44.019]: deleting directory: C:\Users\imrab\AppData\Local\Temp\tmpnb\var\cache\netigso\org.eclipse.osgi\bundles\190
[2024-01-15 15:51:44.019]: deleting file: C:\Users\imrab\AppData\Local\Temp\tmpnb\var\cache\netigso\org.eclipse.osgi\bundles\192\1\bundlefile
[2024-01-15 15:51:44.019]: deleting directory: C:\Users\imrab\AppData\Local\Temp\tmpnb\var\cache\netigso\org.eclipse.osgi\bundles\192\1
[2024-01-15 15:51:44.019]: deleting directory: C:\Users\imrab\AppData\Local\Temp\tmpnb\var\cache\netigso\org.eclipse.osgi\bundles\192
[2024-01-15 15:51:44.019]: deleting file: C:\Users\imrab\AppData\Local\Temp\tmpnb\var\cache\netigso\org.eclipse.osgi\bundles\193\1\bundlefile
[2024-01-15 15:51:44.019]: deleting directory: C:\Users\imrab\AppData\Local\Temp\tmpnb\var\cache\netigso\org.eclipse.osgi\bundles\193\1
[2024-01-15 15:51:44.019]: deleting directory: C:\Users\imrab\AppData\Local\Temp\tmpnb\var\cache\netigso\org.eclipse.osgi\bundles\193
[2024-01-15 15:51:44.019]: deleting file: C:\Users\imrab\AppData\Local\Temp\tmpnb\var\cache\netigso\org.eclipse.osgi\bundles\194\1\bundlefile
[2024-01-15 15:51:44.019]: deleting directory: C:\Users\imrab\AppData\Local\Temp\tmpnb\var\cache\netigso\org.eclipse.osgi\bundles\194\1
[2024-01-15 15:51:44.035]: deleting directory: C:\Users\imrab\AppData\Local\Temp\tmpnb\var\cache\netigso\org.eclipse.osgi\bundles\194
[2024-01-15 15:51:44.035]: deleting file: C:\Users\imrab\AppData\Local\Temp\tmpnb\var\cache\netigso\org.eclipse.osgi\bundles\195\1\bundlefile
[2024-01-15 15:51:44.035]: deleting directory: C:\Users\imrab\AppData\Local\Temp\tmpnb\var\cache\netigso\org.eclipse.osgi\bundles\195\1
[2024-01-15 15:51:44.035]: deleting directory: C:\Users\imrab\AppData\Local\Temp\tmpnb\var\cache\netigso\org.eclipse.osgi\bundles\195
[2024-01-15 15:51:44.035]: deleting file: C:\Users\imrab\AppData\Local\Temp\tmpnb\var\cache\netigso\org.eclipse.osgi\bundles\196\1\bundlefile
[2024-01-15 15:51:44.035]: deleting directory: C:\Users\imrab\AppData\Local\Temp\tmpnb\var\cache\netigso\org.eclipse.osgi\bundles\196\1
[2024-01-15 15:51:44.035]: deleting directory: C:\Users\imrab\AppData\Local\Temp\tmpnb\var\cache\netigso\org.eclipse.osgi\bundles\196
[2024-01-15 15:51:44.035]: deleting file: C:\Users\imrab\AppData\Local\Temp\tmpnb\var\cache\netigso\org.eclipse.osgi\bundles\197\1\bundlefile
[2024-01-15 15:51:44.035]: deleting directory: C:\Users\imrab\AppData\Local\Temp\tmpnb\var\cache\netigso\org.eclipse.osgi\bundles\197\1
[2024-01-15 15:51:44.035]: deleting directory: C:\Users\imrab\AppData\Local\Temp\tmpnb\var\cache\netigso\org.eclipse.osgi\bundles\197
[2024-01-15 15:51:44.035]: deleting file: C:\Users\imrab\AppData\Local\Temp\tmpnb\var\cache\netigso\org.eclipse.osgi\bundles\198\1\bundlefile
[2024-01-15 15:51:44.035]: deleting directory: C:\Users\imrab\AppData\Local\Temp\tmpnb\var\cache\netigso\org.eclipse.osgi\bundles\198\1
[2024-01-15 15:51:44.035]: deleting directory: C:\Users\imrab\AppData\Local\Temp\tmpnb\var\cache\netigso\org.eclipse.osgi\bundles\198
[2024-01-15 15:51:44.035]: deleting file: C:\Users\imrab\AppData\Local\Temp\tmpnb\var\cache\netigso\org.eclipse.osgi\bundles\199\1\bundlefile
[2024-01-15 15:51:44.035]: deleting directory: C:\Users\imrab\AppData\Local\Temp\tmpnb\var\cache\netigso\org.eclipse.osgi\bundles\199\1
[2024-01-15 15:51:44.035]: deleting directory: C:\Users\imrab\AppData\Local\Temp\tmpnb\var\cache\netigso\org.eclipse.osgi\bundles\199
[2024-01-15 15:51:44.035]: deleting file: C:\Users\imrab\AppData\Local\Temp\tmpnb\var\cache\netigso\org.eclipse.osgi\bundles\2\1\bundlefile
[2024-01-15 15:51:44.035]: deleting directory: C:\Users\imrab\AppData\Local\Temp\tmpnb\var\cache\netigso\org.eclipse.osgi\bundles\2\1
[2024-01-15 15:51:44.035]: deleting directory: C:\Users\imrab\AppData\Local\Temp\tmpnb\var\cache\netigso\org.eclipse.osgi\bundles\2
[2024-01-15 15:51:44.035]: deleting file: C:\Users\imrab\AppData\Local\Temp\tmpnb\var\cache\netigso\org.eclipse.osgi\bundles\20\1\bundlefile
[2024-01-15 15:51:44.035]: deleting directory: C:\Users\imrab\AppData\Local\Temp\tmpnb\var\cache\netigso\org.eclipse.osgi\bundles\20\1
[2024-01-15 15:51:44.035]: deleting directory: C:\Users\imrab\AppData\Local\Temp\tmpnb\var\cache\netigso\org.eclipse.osgi\bundles\20
[2024-01-15 15:51:44.035]: deleting file: C:\Users\imrab\AppData\Local\Temp\tmpnb\var\cache\netigso\org.eclipse.osgi\bundles\200\1\bundlefile
[2024-01-15 15:51:44.035]: deleting directory: C:\Users\imrab\AppData\Local\Temp\tmpnb\var\cache\netigso\org.eclipse.osgi\bundles\200\1
[2024-01-15 15:51:44.035]: deleting directory: C:\Users\imrab\AppData\Local\Temp\tmpnb\var\cache\netigso\org.eclipse.osgi\bundles\200
[2024-01-15 15:51:44.035]: deleting file: C:\Users\imrab\AppData\Local\Temp\tmpnb\var\cache\netigso\org.eclipse.osgi\bundles\201\1\bundlefile
[2024-01-15 15:51:44.035]: deleting directory: C:\Users\imrab\AppData\Local\Temp\tmpnb\var\cache\netigso\org.eclipse.osgi\bundles\201\1
[2024-01-15 15:51:44.035]: deleting directory: C:\Users\imrab\AppData\Local\Temp\tmpnb\var\cache\netigso\org.eclipse.osgi\bundles\201
[2024-01-15 15:51:44.035]: deleting file: C:\Users\imrab\AppData\Local\Temp\tmpnb\var\cache\netigso\org.eclipse.osgi\bundles\202\1\bundlefile
[2024-01-15 15:51:44.035]: deleting directory: C:\Users\imrab\AppData\Local\Temp\tmpnb\var\cache\netigso\org.eclipse.osgi\bundles\202\1
[2024-01-15 15:51:44.051]: deleting directory: C:\Users\imrab\AppData\Local\Temp\tmpnb\var\cache\netigso\org.eclipse.osgi\bundles\202
[2024-01-15 15:51:44.051]: deleting file: C:\Users\imrab\AppData\Local\Temp\tmpnb\var\cache\netigso\org.eclipse.osgi\bundles\203\1\bundlefile
[2024-01-15 15:51:44.051]: deleting directory: C:\Users\imrab\AppData\Local\Temp\tmpnb\var\cache\netigso\org.eclipse.osgi\bundles\203\1
[2024-01-15 15:51:44.051]: deleting directory: C:\Users\imrab\AppData\Local\Temp\tmpnb\var\cache\netigso\org.eclipse.osgi\bundles\203
[2024-01-15 15:51:44.051]: deleting file: C:\Users\imrab\AppData\Local\Temp\tmpnb\var\cache\netigso\org.eclipse.osgi\bundles\204\1\bundlefile
[2024-01-15 15:51:44.051]: deleting directory: C:\Users\imrab\AppData\Local\Temp\tmpnb\var\cache\netigso\org.eclipse.osgi\bundles\204\1
[2024-01-15 15:51:44.051]: deleting directory: C:\Users\imrab\AppData\Local\Temp\tmpnb\var\cache\netigso\org.eclipse.osgi\bundles\204
[2024-01-15 15:51:44.051]: deleting file: C:\Users\imrab\AppData\Local\Temp\tmpnb\var\cache\netigso\org.eclipse.osgi\bundles\205\1\bundlefile
[2024-01-15 15:51:44.051]: deleting directory: C:\Users\imrab\AppData\Local\Temp\tmpnb\var\cache\netigso\org.eclipse.osgi\bundles\205\1
[2024-01-15 15:51:44.051]: deleting directory: C:\Users\imrab\AppData\Local\Temp\tmpnb\var\cache\netigso\org.eclipse.osgi\bundles\205
[2024-01-15 15:51:44.051]: deleting file: C:\Users\imrab\AppData\Local\Temp\tmpnb\var\cache\netigso\org.eclipse.osgi\bundles\206\1\bundlefile
[2024-01-15 15:51:44.051]: deleting directory: C:\Users\imrab\AppData\Local\Temp\tmpnb\var\cache\netigso\org.eclipse.osgi\bundles\206\1
[2024-01-15 15:51:44.051]: deleting directory: C:\Users\imrab\AppData\Local\Temp\tmpnb\var\cache\netigso\org.eclipse.osgi\bundles\206
[2024-01-15 15:51:44.051]: deleting file: C:\Users\imrab\AppData\Local\Temp\tmpnb\var\cache\netigso\org.eclipse.osgi\bundles\207\1\bundlefile
[2024-01-15 15:51:44.051]: deleting directory: C:\Users\imrab\AppData\Local\Temp\tmpnb\var\cache\netigso\org.eclipse.osgi\bundles\207\1
[2024-01-15 15:51:44.051]: deleting directory: C:\Users\imrab\AppData\Local\Temp\tmpnb\var\cache\netigso\org.eclipse.osgi\bundles\207
[2024-01-15 15:51:44.051]: deleting file: C:\Users\imrab\AppData\Local\Temp\tmpnb\var\cache\netigso\org.eclipse.osgi\bundles\208\1\bundlefile
[2024-01-15 15:51:44.051]: deleting directory: C:\Users\imrab\AppData\Local\Temp\tmpnb\var\cache\netigso\org.eclipse.osgi\bundles\208\1
[2024-01-15 15:51:44.051]: deleting directory: C:\Users\imrab\AppData\Local\Temp\tmpnb\var\cache\netigso\org.eclipse.osgi\bundles\208
[2024-01-15 15:51:44.051]: deleting file: C:\Users\imrab\AppData\Local\Temp\tmpnb\var\cache\netigso\org.eclipse.osgi\bundles\209\1\bundlefile
[2024-01-15 15:51:44.051]: deleting directory: C:\Users\imrab\AppData\Local\Temp\tmpnb\var\cache\netigso\org.eclipse.osgi\bundles\209\1
[2024-01-15 15:51:44.051]: deleting directory: C:\Users\imrab\AppData\Local\Temp\tmpnb\var\cache\netigso\org.eclipse.osgi\bundles\209
[2024-01-15 15:51:44.051]: deleting file: C:\Users\imrab\AppData\Local\Temp\tmpnb\var\cache\netigso\org.eclipse.osgi\bundles\21\1\bundlefile
[2024-01-15 15:51:44.051]: deleting directory: C:\Users\imrab\AppData\Local\Temp\tmpnb\var\cache\netigso\org.eclipse.osgi\bundles\21\1
[2024-01-15 15:51:44.051]: deleting directory: C:\Users\imrab\AppData\Local\Temp\tmpnb\var\cache\netigso\org.eclipse.osgi\bundles\21
[2024-01-15 15:51:44.051]: deleting file: C:\Users\imrab\AppData\Local\Temp\tmpnb\var\cache\netigso\org.eclipse.osgi\bundles\210\1\bundlefile
[2024-01-15 15:51:44.051]: deleting directory: C:\Users\imrab\AppData\Local\Temp\tmpnb\var\cache\netigso\org.eclipse.osgi\bundles\210\1
[2024-01-15 15:51:44.051]: deleting directory: C:\Users\imrab\AppData\Local\Temp\tmpnb\var\cache\netigso\org.eclipse.osgi\bundles\210
[2024-01-15 15:51:44.051]: deleting file: C:\Users\imrab\AppData\Local\Temp\tmpnb\var\cache\netigso\org.eclipse.osgi\bundles\211\1\bundlefile
[2024-01-15 15:51:44.051]: deleting directory: C:\Users\imrab\AppData\Local\Temp\tmpnb\var\cache\netigso\org.eclipse.osgi\bundles\211\1
[2024-01-15 15:51:44.066]: deleting directory: C:\Users\imrab\AppData\Local\Temp\tmpnb\var\cache\netigso\org.eclipse.osgi\bundles\211
[2024-01-15 15:51:44.066]: deleting file: C:\Users\imrab\AppData\Local\Temp\tmpnb\var\cache\netigso\org.eclipse.osgi\bundles\213\1\bundlefile
[2024-01-15 15:51:44.066]: deleting directory: C:\Users\imrab\AppData\Local\Temp\tmpnb\var\cache\netigso\org.eclipse.osgi\bundles\213\1
[2024-01-15 15:51:44.066]: deleting directory: C:\Users\imrab\AppData\Local\Temp\tmpnb\var\cache\netigso\org.eclipse.osgi\bundles\213
[2024-01-15 15:51:44.066]: deleting file: C:\Users\imrab\AppData\Local\Temp\tmpnb\var\cache\netigso\org.eclipse.osgi\bundles\214\1\bundlefile
[2024-01-15 15:51:44.066]: deleting directory: C:\Users\imrab\AppData\Local\Temp\tmpnb\var\cache\netigso\org.eclipse.osgi\bundles\214\1
[2024-01-15 15:51:44.066]: deleting directory: C:\Users\imrab\AppData\Local\Temp\tmpnb\var\cache\netigso\org.eclipse.osgi\bundles\214
[2024-01-15 15:51:44.066]: deleting file: C:\Users\imrab\AppData\Local\Temp\tmpnb\var\cache\netigso\org.eclipse.osgi\bundles\215\1\bundlefile
[2024-01-15 15:51:44.066]: deleting directory: C:\Users\imrab\AppData\Local\Temp\tmpnb\var\cache\netigso\org.eclipse.osgi\bundles\215\1
[2024-01-15 15:51:44.066]: deleting directory: C:\Users\imrab\AppData\Local\Temp\tmpnb\var\cache\netigso\org.eclipse.osgi\bundles\215
[2024-01-15 15:51:44.066]: deleting file: C:\Users\imrab\AppData\Local\Temp\tmpnb\var\cache\netigso\org.eclipse.osgi\bundles\216\1\bundlefile
[2024-01-15 15:51:44.066]: deleting directory: C:\Users\imrab\AppData\Local\Temp\tmpnb\var\cache\netigso\org.eclipse.osgi\bundles\216\1
[2024-01-15 15:51:44.066]: deleting directory: C:\Users\imrab\AppData\Local\Temp\tmpnb\var\cache\netigso\org.eclipse.osgi\bundles\216
[2024-01-15 15:51:44.066]: deleting file: C:\Users\imrab\AppData\Local\Temp\tmpnb\var\cache\netigso\org.eclipse.osgi\bundles\217\1\bundlefile
[2024-01-15 15:51:44.066]: deleting directory: C:\Users\imrab\AppData\Local\Temp\tmpnb\var\cache\netigso\org.eclipse.osgi\bundles\217\1
[2024-01-15 15:51:44.066]: deleting directory: C:\Users\imrab\AppData\Local\Temp\tmpnb\var\cache\netigso\org.eclipse.osgi\bundles\217
[2024-01-15 15:51:44.066]: deleting file: C:\Users\imrab\AppData\Local\Temp\tmpnb\var\cache\netigso\org.eclipse.osgi\bundles\218\1\bundlefile
[2024-01-15 15:51:44.066]: deleting directory: C:\Users\imrab\AppData\Local\Temp\tmpnb\var\cache\netigso\org.eclipse.osgi\bundles\218\1
[2024-01-15 15:51:44.066]: deleting directory: C:\Users\imrab\AppData\Local\Temp\tmpnb\var\cache\netigso\org.eclipse.osgi\bundles\218
[2024-01-15 15:51:44.066]: deleting file: C:\Users\imrab\AppData\Local\Temp\tmpnb\var\cache\netigso\org.eclipse.osgi\bundles\219\1\bundlefile
[2024-01-15 15:51:44.066]: deleting directory: C:\Users\imrab\AppData\Local\Temp\tmpnb\var\cache\netigso\org.eclipse.osgi\bundles\219\1
[2024-01-15 15:51:44.066]: deleting directory: C:\Users\imrab\AppData\Local\Temp\tmpnb\var\cache\netigso\org.eclipse.osgi\bundles\219
[2024-01-15 15:51:44.066]: deleting file: C:\Users\imrab\AppData\Local\Temp\tmpnb\var\cache\netigso\org.eclipse.osgi\bundles\22\1\bundlefile
[2024-01-15 15:51:44.066]: deleting directory: C:\Users\imrab\AppData\Local\Temp\tmpnb\var\cache\netigso\org.eclipse.osgi\bundles\22\1
[2024-01-15 15:51:44.066]: deleting directory: C:\Users\imrab\AppData\Local\Temp\tmpnb\var\cache\netigso\org.eclipse.osgi\bundles\22
[2024-01-15 15:51:44.066]: deleting file: C:\Users\imrab\AppData\Local\Temp\tmpnb\var\cache\netigso\org.eclipse.osgi\bundles\220\1\bundlefile
[2024-01-15 15:51:44.066]: deleting directory: C:\Users\imrab\AppData\Local\Temp\tmpnb\var\cache\netigso\org.eclipse.osgi\bundles\220\1
[2024-01-15 15:51:44.066]: deleting directory: C:\Users\imrab\AppData\Local\Temp\tmpnb\var\cache\netigso\org.eclipse.osgi\bundles\220
[2024-01-15 15:51:44.066]: deleting file: C:\Users\imrab\AppData\Local\Temp\tmpnb\var\cache\netigso\org.eclipse.osgi\bundles\222\1\bundlefile
[2024-01-15 15:51:44.066]: deleting directory: C:\Users\imrab\AppData\Local\Temp\tmpnb\var\cache\netigso\org.eclipse.osgi\bundles\222\1
[2024-01-15 15:51:44.082]: deleting directory: C:\Users\imrab\AppData\Local\Temp\tmpnb\var\cache\netigso\org.eclipse.osgi\bundles\222
[2024-01-15 15:51:44.082]: deleting file: C:\Users\imrab\AppData\Local\Temp\tmpnb\var\cache\netigso\org.eclipse.osgi\bundles\223\1\bundlefile
[2024-01-15 15:51:44.082]: deleting directory: C:\Users\imrab\AppData\Local\Temp\tmpnb\var\cache\netigso\org.eclipse.osgi\bundles\223\1
[2024-01-15 15:51:44.082]: deleting directory: C:\Users\imrab\AppData\Local\Temp\tmpnb\var\cache\netigso\org.eclipse.osgi\bundles\223
[2024-01-15 15:51:44.082]: deleting file: C:\Users\imrab\AppData\Local\Temp\tmpnb\var\cache\netigso\org.eclipse.osgi\bundles\224\1\bundlefile
[2024-01-15 15:51:44.082]: deleting directory: C:\Users\imrab\AppData\Local\Temp\tmpnb\var\cache\netigso\org.eclipse.osgi\bundles\224\1
[2024-01-15 15:51:44.082]: deleting directory: C:\Users\imrab\AppData\Local\Temp\tmpnb\var\cache\netigso\org.eclipse.osgi\bundles\224
[2024-01-15 15:51:44.082]: deleting file: C:\Users\imrab\AppData\Local\Temp\tmpnb\var\cache\netigso\org.eclipse.osgi\bundles\225\1\bundlefile
[2024-01-15 15:51:44.082]: deleting directory: C:\Users\imrab\AppData\Local\Temp\tmpnb\var\cache\netigso\org.eclipse.osgi\bundles\225\1
[2024-01-15 15:51:44.082]: deleting directory: C:\Users\imrab\AppData\Local\Temp\tmpnb\var\cache\netigso\org.eclipse.osgi\bundles\225
[2024-01-15 15:51:44.082]: deleting file: C:\Users\imrab\AppData\Local\Temp\tmpnb\var\cache\netigso\org.eclipse.osgi\bundles\226\1\bundlefile
[2024-01-15 15:51:44.082]: deleting directory: C:\Users\imrab\AppData\Local\Temp\tmpnb\var\cache\netigso\org.eclipse.osgi\bundles\226\1
[2024-01-15 15:51:44.082]: deleting directory: C:\Users\imrab\AppData\Local\Temp\tmpnb\var\cache\netigso\org.eclipse.osgi\bundles\226
[2024-01-15 15:51:44.082]: deleting file: C:\Users\imrab\AppData\Local\Temp\tmpnb\var\cache\netigso\org.eclipse.osgi\bundles\227\1\bundlefile
[2024-01-15 15:51:44.082]: deleting directory: C:\Users\imrab\AppData\Local\Temp\tmpnb\var\cache\netigso\org.eclipse.osgi\bundles\227\1
[2024-01-15 15:51:44.082]: deleting directory: C:\Users\imrab\AppData\Local\Temp\tmpnb\var\cache\netigso\org.eclipse.osgi\bundles\227
[2024-01-15 15:51:44.082]: deleting file: C:\Users\imrab\AppData\Local\Temp\tmpnb\var\cache\netigso\org.eclipse.osgi\bundles\228\1\bundlefile
[2024-01-15 15:51:44.082]: deleting directory: C:\Users\imrab\AppData\Local\Temp\tmpnb\var\cache\netigso\org.eclipse.osgi\bundles\228\1
[2024-01-15 15:51:44.082]: deleting directory: C:\Users\imrab\AppData\Local\Temp\tmpnb\var\cache\netigso\org.eclipse.osgi\bundles\228
[2024-01-15 15:51:44.082]: deleting file: C:\Users\imrab\AppData\Local\Temp\tmpnb\var\cache\netigso\org.eclipse.osgi\bundles\229\1\bundlefile
[2024-01-15 15:51:44.082]: deleting directory: C:\Users\imrab\AppData\Local\Temp\tmpnb\var\cache\netigso\org.eclipse.osgi\bundles\229\1
[2024-01-15 15:51:44.082]: deleting directory: C:\Users\imrab\AppData\Local\Temp\tmpnb\var\cache\netigso\org.eclipse.osgi\bundles\229
[2024-01-15 15:51:44.082]: deleting file: C:\Users\imrab\AppData\Local\Temp\tmpnb\var\cache\netigso\org.eclipse.osgi\bundles\23\1\bundlefile
[2024-01-15 15:51:44.082]: deleting directory: C:\Users\imrab\AppData\Local\Temp\tmpnb\var\cache\netigso\org.eclipse.osgi\bundles\23\1
[2024-01-15 15:51:44.082]: deleting directory: C:\Users\imrab\AppData\Local\Temp\tmpnb\var\cache\netigso\org.eclipse.osgi\bundles\23
[2024-01-15 15:51:44.082]: deleting file: C:\Users\imrab\AppData\Local\Temp\tmpnb\var\cache\netigso\org.eclipse.osgi\bundles\230\1\bundlefile
[2024-01-15 15:51:44.082]: deleting directory: C:\Users\imrab\AppData\Local\Temp\tmpnb\var\cache\netigso\org.eclipse.osgi\bundles\230\1
[2024-01-15 15:51:44.082]: deleting directory: C:\Users\imrab\AppData\Local\Temp\tmpnb\var\cache\netigso\org.eclipse.osgi\bundles\230
[2024-01-15 15:51:44.082]: deleting file: C:\Users\imrab\AppData\Local\Temp\tmpnb\var\cache\netigso\org.eclipse.osgi\bundles\231\1\bundlefile
[2024-01-15 15:51:44.082]: deleting directory: C:\Users\imrab\AppData\Local\Temp\tmpnb\var\cache\netigso\org.eclipse.osgi\bundles\231\1
[2024-01-15 15:51:44.098]: deleting directory: C:\Users\imrab\AppData\Local\Temp\tmpnb\var\cache\netigso\org.eclipse.osgi\bundles\231
[2024-01-15 15:51:44.098]: deleting file: C:\Users\imrab\AppData\Local\Temp\tmpnb\var\cache\netigso\org.eclipse.osgi\bundles\232\1\bundlefile
[2024-01-15 15:51:44.098]: deleting directory: C:\Users\imrab\AppData\Local\Temp\tmpnb\var\cache\netigso\org.eclipse.osgi\bundles\232\1
[2024-01-15 15:51:44.098]: deleting directory: C:\Users\imrab\AppData\Local\Temp\tmpnb\var\cache\netigso\org.eclipse.osgi\bundles\232
[2024-01-15 15:51:44.098]: deleting file: C:\Users\imrab\AppData\Local\Temp\tmpnb\var\cache\netigso\org.eclipse.osgi\bundles\233\1\bundlefile
[2024-01-15 15:51:44.098]: deleting directory: C:\Users\imrab\AppData\Local\Temp\tmpnb\var\cache\netigso\org.eclipse.osgi\bundles\233\1
[2024-01-15 15:51:44.098]: deleting directory: C:\Users\imrab\AppData\Local\Temp\tmpnb\var\cache\netigso\org.eclipse.osgi\bundles\233
[2024-01-15 15:51:44.098]: deleting file: C:\Users\imrab\AppData\Local\Temp\tmpnb\var\cache\netigso\org.eclipse.osgi\bundles\234\1\bundlefile
[2024-01-15 15:51:44.098]: deleting directory: C:\Users\imrab\AppData\Local\Temp\tmpnb\var\cache\netigso\org.eclipse.osgi\bundles\234\1
[2024-01-15 15:51:44.098]: deleting directory: C:\Users\imrab\AppData\Local\Temp\tmpnb\var\cache\netigso\org.eclipse.osgi\bundles\234
[2024-01-15 15:51:44.098]: deleting file: C:\Users\imrab\AppData\Local\Temp\tmpnb\var\cache\netigso\org.eclipse.osgi\bundles\236\1\bundlefile
[2024-01-15 15:51:44.098]: deleting directory: C:\Users\imrab\AppData\Local\Temp\tmpnb\var\cache\netigso\org.eclipse.osgi\bundles\236\1
[2024-01-15 15:51:44.098]: deleting directory: C:\Users\imrab\AppData\Local\Temp\tmpnb\var\cache\netigso\org.eclipse.osgi\bundles\236
[2024-01-15 15:51:44.098]: deleting file: C:\Users\imrab\AppData\Local\Temp\tmpnb\var\cache\netigso\org.eclipse.osgi\bundles\237\1\bundlefile
[2024-01-15 15:51:44.098]: deleting directory: C:\Users\imrab\AppData\Local\Temp\tmpnb\var\cache\netigso\org.eclipse.osgi\bundles\237\1
[2024-01-15 15:51:44.098]: deleting directory: C:\Users\imrab\AppData\Local\Temp\tmpnb\var\cache\netigso\org.eclipse.osgi\bundles\237
[2024-01-15 15:51:44.098]: deleting file: C:\Users\imrab\AppData\Local\Temp\tmpnb\var\cache\netigso\org.eclipse.osgi\bundles\238\1\bundlefile
[2024-01-15 15:51:44.098]: deleting directory: C:\Users\imrab\AppData\Local\Temp\tmpnb\var\cache\netigso\org.eclipse.osgi\bundles\238\1
[2024-01-15 15:51:44.098]: deleting directory: C:\Users\imrab\AppData\Local\Temp\tmpnb\var\cache\netigso\org.eclipse.osgi\bundles\238
[2024-01-15 15:51:44.098]: deleting file: C:\Users\imrab\AppData\Local\Temp\tmpnb\var\cache\netigso\org.eclipse.osgi\bundles\24\1\bundlefile
[2024-01-15 15:51:44.098]: deleting directory: C:\Users\imrab\AppData\Local\Temp\tmpnb\var\cache\netigso\org.eclipse.osgi\bundles\24\1
[2024-01-15 15:51:44.098]: deleting directory: C:\Users\imrab\AppData\Local\Temp\tmpnb\var\cache\netigso\org.eclipse.osgi\bundles\24
[2024-01-15 15:51:44.098]: deleting file: C:\Users\imrab\AppData\Local\Temp\tmpnb\var\cache\netigso\org.eclipse.osgi\bundles\240\1\bundlefile
[2024-01-15 15:51:44.098]: deleting directory: C:\Users\imrab\AppData\Local\Temp\tmpnb\var\cache\netigso\org.eclipse.osgi\bundles\240\1
[2024-01-15 15:51:44.098]: deleting directory: C:\Users\imrab\AppData\Local\Temp\tmpnb\var\cache\netigso\org.eclipse.osgi\bundles\240
[2024-01-15 15:51:44.098]: deleting file: C:\Users\imrab\AppData\Local\Temp\tmpnb\var\cache\netigso\org.eclipse.osgi\bundles\242\1\bundlefile
[2024-01-15 15:51:44.098]: deleting directory: C:\Users\imrab\AppData\Local\Temp\tmpnb\var\cache\netigso\org.eclipse.osgi\bundles\242\1
[2024-01-15 15:51:44.098]: deleting directory: C:\Users\imrab\AppData\Local\Temp\tmpnb\var\cache\netigso\org.eclipse.osgi\bundles\242
[2024-01-15 15:51:44.098]: deleting file: C:\Users\imrab\AppData\Local\Temp\tmpnb\var\cache\netigso\org.eclipse.osgi\bundles\243\1\bundlefile
[2024-01-15 15:51:44.098]: deleting directory: C:\Users\imrab\AppData\Local\Temp\tmpnb\var\cache\netigso\org.eclipse.osgi\bundles\243\1
[2024-01-15 15:51:44.113]: deleting directory: C:\Users\imrab\AppData\Local\Temp\tmpnb\var\cache\netigso\org.eclipse.osgi\bundles\243
[2024-01-15 15:51:44.113]: deleting file: C:\Users\imrab\AppData\Local\Temp\tmpnb\var\cache\netigso\org.eclipse.osgi\bundles\244\1\bundlefile
[2024-01-15 15:51:44.113]: deleting directory: C:\Users\imrab\AppData\Local\Temp\tmpnb\var\cache\netigso\org.eclipse.osgi\bundles\244\1
[2024-01-15 15:51:44.113]: deleting directory: C:\Users\imrab\AppData\Local\Temp\tmpnb\var\cache\netigso\org.eclipse.osgi\bundles\244
[2024-01-15 15:51:44.113]: deleting file: C:\Users\imrab\AppData\Local\Temp\tmpnb\var\cache\netigso\org.eclipse.osgi\bundles\246\1\bundlefile
[2024-01-15 15:51:44.113]: deleting directory: C:\Users\imrab\AppData\Local\Temp\tmpnb\var\cache\netigso\org.eclipse.osgi\bundles\246\1
[2024-01-15 15:51:44.113]: deleting directory: C:\Users\imrab\AppData\Local\Temp\tmpnb\var\cache\netigso\org.eclipse.osgi\bundles\246
[2024-01-15 15:51:44.113]: deleting file: C:\Users\imrab\AppData\Local\Temp\tmpnb\var\cache\netigso\org.eclipse.osgi\bundles\247\1\bundlefile
[2024-01-15 15:51:44.113]: deleting directory: C:\Users\imrab\AppData\Local\Temp\tmpnb\var\cache\netigso\org.eclipse.osgi\bundles\247\1
[2024-01-15 15:51:44.113]: deleting directory: C:\Users\imrab\AppData\Local\Temp\tmpnb\var\cache\netigso\org.eclipse.osgi\bundles\247
[2024-01-15 15:51:44.113]: deleting file: C:\Users\imrab\AppData\Local\Temp\tmpnb\var\cache\netigso\org.eclipse.osgi\bundles\249\1\bundlefile
[2024-01-15 15:51:44.113]: deleting directory: C:\Users\imrab\AppData\Local\Temp\tmpnb\var\cache\netigso\org.eclipse.osgi\bundles\249\1
[2024-01-15 15:51:44.113]: deleting directory: C:\Users\imrab\AppData\Local\Temp\tmpnb\var\cache\netigso\org.eclipse.osgi\bundles\249
[2024-01-15 15:51:44.113]: deleting file: C:\Users\imrab\AppData\Local\Temp\tmpnb\var\cache\netigso\org.eclipse.osgi\bundles\25\1\bundlefile
[2024-01-15 15:51:44.113]: deleting directory: C:\Users\imrab\AppData\Local\Temp\tmpnb\var\cache\netigso\org.eclipse.osgi\bundles\25\1
[2024-01-15 15:51:44.113]: deleting directory: C:\Users\imrab\AppData\Local\Temp\tmpnb\var\cache\netigso\org.eclipse.osgi\bundles\25
[2024-01-15 15:51:44.113]: deleting file: C:\Users\imrab\AppData\Local\Temp\tmpnb\var\cache\netigso\org.eclipse.osgi\bundles\250\1\bundlefile
[2024-01-15 15:51:44.113]: deleting directory: C:\Users\imrab\AppData\Local\Temp\tmpnb\var\cache\netigso\org.eclipse.osgi\bundles\250\1
[2024-01-15 15:51:44.113]: deleting directory: C:\Users\imrab\AppData\Local\Temp\tmpnb\var\cache\netigso\org.eclipse.osgi\bundles\250
[2024-01-15 15:51:44.113]: deleting file: C:\Users\imrab\AppData\Local\Temp\tmpnb\var\cache\netigso\org.eclipse.osgi\bundles\251\1\bundlefile
[2024-01-15 15:51:44.113]: deleting directory: C:\Users\imrab\AppData\Local\Temp\tmpnb\var\cache\netigso\org.eclipse.osgi\bundles\251\1
[2024-01-15 15:51:44.113]: deleting directory: C:\Users\imrab\AppData\Local\Temp\tmpnb\var\cache\netigso\org.eclipse.osgi\bundles\251
[2024-01-15 15:51:44.113]: deleting file: C:\Users\imrab\AppData\Local\Temp\tmpnb\var\cache\netigso\org.eclipse.osgi\bundles\252\1\bundlefile
[2024-01-15 15:51:44.113]: deleting directory: C:\Users\imrab\AppData\Local\Temp\tmpnb\var\cache\netigso\org.eclipse.osgi\bundles\252\1
[2024-01-15 15:51:44.113]: deleting directory: C:\Users\imrab\AppData\Local\Temp\tmpnb\var\cache\netigso\org.eclipse.osgi\bundles\252
[2024-01-15 15:51:44.113]: deleting file: C:\Users\imrab\AppData\Local\Temp\tmpnb\var\cache\netigso\org.eclipse.osgi\bundles\253\1\bundlefile
[2024-01-15 15:51:44.113]: deleting directory: C:\Users\imrab\AppData\Local\Temp\tmpnb\var\cache\netigso\org.eclipse.osgi\bundles\253\1
[2024-01-15 15:51:44.113]: deleting directory: C:\Users\imrab\AppData\Local\Temp\tmpnb\var\cache\netigso\org.eclipse.osgi\bundles\253
[2024-01-15 15:51:44.113]: deleting file: C:\Users\imrab\AppData\Local\Temp\tmpnb\var\cache\netigso\org.eclipse.osgi\bundles\254\1\bundlefile
[2024-01-15 15:51:44.113]: deleting directory: C:\Users\imrab\AppData\Local\Temp\tmpnb\var\cache\netigso\org.eclipse.osgi\bundles\254\1
[2024-01-15 15:51:44.129]: deleting directory: C:\Users\imrab\AppData\Local\Temp\tmpnb\var\cache\netigso\org.eclipse.osgi\bundles\254
[2024-01-15 15:51:44.129]: deleting file: C:\Users\imrab\AppData\Local\Temp\tmpnb\var\cache\netigso\org.eclipse.osgi\bundles\255\1\bundlefile
[2024-01-15 15:51:44.129]: deleting directory: C:\Users\imrab\AppData\Local\Temp\tmpnb\var\cache\netigso\org.eclipse.osgi\bundles\255\1
[2024-01-15 15:51:44.129]: deleting directory: C:\Users\imrab\AppData\Local\Temp\tmpnb\var\cache\netigso\org.eclipse.osgi\bundles\255
[2024-01-15 15:51:44.129]: deleting file: C:\Users\imrab\AppData\Local\Temp\tmpnb\var\cache\netigso\org.eclipse.osgi\bundles\256\1\bundlefile
[2024-01-15 15:51:44.129]: deleting directory: C:\Users\imrab\AppData\Local\Temp\tmpnb\var\cache\netigso\org.eclipse.osgi\bundles\256\1
[2024-01-15 15:51:44.129]: deleting directory: C:\Users\imrab\AppData\Local\Temp\tmpnb\var\cache\netigso\org.eclipse.osgi\bundles\256
[2024-01-15 15:51:44.129]: deleting file: C:\Users\imrab\AppData\Local\Temp\tmpnb\var\cache\netigso\org.eclipse.osgi\bundles\257\1\bundlefile
[2024-01-15 15:51:44.129]: deleting directory: C:\Users\imrab\AppData\Local\Temp\tmpnb\var\cache\netigso\org.eclipse.osgi\bundles\257\1
[2024-01-15 15:51:44.129]: deleting directory: C:\Users\imrab\AppData\Local\Temp\tmpnb\var\cache\netigso\org.eclipse.osgi\bundles\257
[2024-01-15 15:51:44.129]: deleting file: C:\Users\imrab\AppData\Local\Temp\tmpnb\var\cache\netigso\org.eclipse.osgi\bundles\258\1\bundlefile
[2024-01-15 15:51:44.129]: deleting directory: C:\Users\imrab\AppData\Local\Temp\tmpnb\var\cache\netigso\org.eclipse.osgi\bundles\258\1
[2024-01-15 15:51:44.129]: deleting directory: C:\Users\imrab\AppData\Local\Temp\tmpnb\var\cache\netigso\org.eclipse.osgi\bundles\258
[2024-01-15 15:51:44.129]: deleting file: C:\Users\imrab\AppData\Local\Temp\tmpnb\var\cache\netigso\org.eclipse.osgi\bundles\26\1\bundlefile
[2024-01-15 15:51:44.129]: deleting directory: C:\Users\imrab\AppData\Local\Temp\tmpnb\var\cache\netigso\org.eclipse.osgi\bundles\26\1
[2024-01-15 15:51:44.129]: deleting directory: C:\Users\imrab\AppData\Local\Temp\tmpnb\var\cache\netigso\org.eclipse.osgi\bundles\26
[2024-01-15 15:51:44.129]: deleting file: C:\Users\imrab\AppData\Local\Temp\tmpnb\var\cache\netigso\org.eclipse.osgi\bundles\261\1\bundlefile
[2024-01-15 15:51:44.129]: deleting directory: C:\Users\imrab\AppData\Local\Temp\tmpnb\var\cache\netigso\org.eclipse.osgi\bundles\261\1
[2024-01-15 15:51:44.129]: deleting directory: C:\Users\imrab\AppData\Local\Temp\tmpnb\var\cache\netigso\org.eclipse.osgi\bundles\261
[2024-01-15 15:51:44.129]: deleting file: C:\Users\imrab\AppData\Local\Temp\tmpnb\var\cache\netigso\org.eclipse.osgi\bundles\263\1\bundlefile
[2024-01-15 15:51:44.129]: deleting directory: C:\Users\imrab\AppData\Local\Temp\tmpnb\var\cache\netigso\org.eclipse.osgi\bundles\263\1
[2024-01-15 15:51:44.129]: deleting directory: C:\Users\imrab\AppData\Local\Temp\tmpnb\var\cache\netigso\org.eclipse.osgi\bundles\263
[2024-01-15 15:51:44.129]: deleting file: C:\Users\imrab\AppData\Local\Temp\tmpnb\var\cache\netigso\org.eclipse.osgi\bundles\264\1\bundlefile
[2024-01-15 15:51:44.129]: deleting directory: C:\Users\imrab\AppData\Local\Temp\tmpnb\var\cache\netigso\org.eclipse.osgi\bundles\264\1
[2024-01-15 15:51:44.129]: deleting directory: C:\Users\imrab\AppData\Local\Temp\tmpnb\var\cache\netigso\org.eclipse.osgi\bundles\264
[2024-01-15 15:51:44.129]: deleting file: C:\Users\imrab\AppData\Local\Temp\tmpnb\var\cache\netigso\org.eclipse.osgi\bundles\265\1\bundlefile
[2024-01-15 15:51:44.129]: deleting directory: C:\Users\imrab\AppData\Local\Temp\tmpnb\var\cache\netigso\org.eclipse.osgi\bundles\265\1
[2024-01-15 15:51:44.129]: deleting directory: C:\Users\imrab\AppData\Local\Temp\tmpnb\var\cache\netigso\org.eclipse.osgi\bundles\265
[2024-01-15 15:51:44.129]: deleting file: C:\Users\imrab\AppData\Local\Temp\tmpnb\var\cache\netigso\org.eclipse.osgi\bundles\266\1\bundlefile
[2024-01-15 15:51:44.129]: deleting directory: C:\Users\imrab\AppData\Local\Temp\tmpnb\var\cache\netigso\org.eclipse.osgi\bundles\266\1
[2024-01-15 15:51:44.144]: deleting directory: C:\Users\imrab\AppData\Local\Temp\tmpnb\var\cache\netigso\org.eclipse.osgi\bundles\266
[2024-01-15 15:51:44.144]: deleting file: C:\Users\imrab\AppData\Local\Temp\tmpnb\var\cache\netigso\org.eclipse.osgi\bundles\267\1\bundlefile
[2024-01-15 15:51:44.144]: deleting directory: C:\Users\imrab\AppData\Local\Temp\tmpnb\var\cache\netigso\org.eclipse.osgi\bundles\267\1
[2024-01-15 15:51:44.144]: deleting directory: C:\Users\imrab\AppData\Local\Temp\tmpnb\var\cache\netigso\org.eclipse.osgi\bundles\267
[2024-01-15 15:51:44.144]: deleting file: C:\Users\imrab\AppData\Local\Temp\tmpnb\var\cache\netigso\org.eclipse.osgi\bundles\268\1\bundlefile
[2024-01-15 15:51:44.144]: deleting directory: C:\Users\imrab\AppData\Local\Temp\tmpnb\var\cache\netigso\org.eclipse.osgi\bundles\268\1
[2024-01-15 15:51:44.144]: deleting directory: C:\Users\imrab\AppData\Local\Temp\tmpnb\var\cache\netigso\org.eclipse.osgi\bundles\268
[2024-01-15 15:51:44.144]: deleting file: C:\Users\imrab\AppData\Local\Temp\tmpnb\var\cache\netigso\org.eclipse.osgi\bundles\269\1\bundlefile
[2024-01-15 15:51:44.144]: deleting directory: C:\Users\imrab\AppData\Local\Temp\tmpnb\var\cache\netigso\org.eclipse.osgi\bundles\269\1
[2024-01-15 15:51:44.144]: deleting directory: C:\Users\imrab\AppData\Local\Temp\tmpnb\var\cache\netigso\org.eclipse.osgi\bundles\269
[2024-01-15 15:51:44.144]: deleting file: C:\Users\imrab\AppData\Local\Temp\tmpnb\var\cache\netigso\org.eclipse.osgi\bundles\27\1\bundlefile
[2024-01-15 15:51:44.144]: deleting directory: C:\Users\imrab\AppData\Local\Temp\tmpnb\var\cache\netigso\org.eclipse.osgi\bundles\27\1
[2024-01-15 15:51:44.144]: deleting directory: C:\Users\imrab\AppData\Local\Temp\tmpnb\var\cache\netigso\org.eclipse.osgi\bundles\27
[2024-01-15 15:51:44.144]: deleting file: C:\Users\imrab\AppData\Local\Temp\tmpnb\var\cache\netigso\org.eclipse.osgi\bundles\271\1\bundlefile
[2024-01-15 15:51:44.144]: deleting directory: C:\Users\imrab\AppData\Local\Temp\tmpnb\var\cache\netigso\org.eclipse.osgi\bundles\271\1
[2024-01-15 15:51:44.144]: deleting directory: C:\Users\imrab\AppData\Local\Temp\tmpnb\var\cache\netigso\org.eclipse.osgi\bundles\271
[2024-01-15 15:51:44.144]: deleting file: C:\Users\imrab\AppData\Local\Temp\tmpnb\var\cache\netigso\org.eclipse.osgi\bundles\272\1\bundlefile
[2024-01-15 15:51:44.144]: deleting directory: C:\Users\imrab\AppData\Local\Temp\tmpnb\var\cache\netigso\org.eclipse.osgi\bundles\272\1
[2024-01-15 15:51:44.144]: deleting directory: C:\Users\imrab\AppData\Local\Temp\tmpnb\var\cache\netigso\org.eclipse.osgi\bundles\272
[2024-01-15 15:51:44.144]: deleting file: C:\Users\imrab\AppData\Local\Temp\tmpnb\var\cache\netigso\org.eclipse.osgi\bundles\274\1\bundlefile
[2024-01-15 15:51:44.144]: deleting directory: C:\Users\imrab\AppData\Local\Temp\tmpnb\var\cache\netigso\org.eclipse.osgi\bundles\274\1
[2024-01-15 15:51:44.144]: deleting directory: C:\Users\imrab\AppData\Local\Temp\tmpnb\var\cache\netigso\org.eclipse.osgi\bundles\274
[2024-01-15 15:51:44.144]: deleting file: C:\Users\imrab\AppData\Local\Temp\tmpnb\var\cache\netigso\org.eclipse.osgi\bundles\275\1\bundlefile
[2024-01-15 15:51:44.144]: deleting directory: C:\Users\imrab\AppData\Local\Temp\tmpnb\var\cache\netigso\org.eclipse.osgi\bundles\275\1
[2024-01-15 15:51:44.144]: deleting directory: C:\Users\imrab\AppData\Local\Temp\tmpnb\var\cache\netigso\org.eclipse.osgi\bundles\275
[2024-01-15 15:51:44.144]: deleting file: C:\Users\imrab\AppData\Local\Temp\tmpnb\var\cache\netigso\org.eclipse.osgi\bundles\276\1\bundlefile
[2024-01-15 15:51:44.144]: deleting directory: C:\Users\imrab\AppData\Local\Temp\tmpnb\var\cache\netigso\org.eclipse.osgi\bundles\276\1
[2024-01-15 15:51:44.144]: deleting directory: C:\Users\imrab\AppData\Local\Temp\tmpnb\var\cache\netigso\org.eclipse.osgi\bundles\276
[2024-01-15 15:51:44.144]: deleting file: C:\Users\imrab\AppData\Local\Temp\tmpnb\var\cache\netigso\org.eclipse.osgi\bundles\277\1\bundlefile
[2024-01-15 15:51:44.144]: deleting directory: C:\Users\imrab\AppData\Local\Temp\tmpnb\var\cache\netigso\org.eclipse.osgi\bundles\277\1
[2024-01-15 15:51:44.160]: deleting directory: C:\Users\imrab\AppData\Local\Temp\tmpnb\var\cache\netigso\org.eclipse.osgi\bundles\277
[2024-01-15 15:51:44.160]: deleting file: C:\Users\imrab\AppData\Local\Temp\tmpnb\var\cache\netigso\org.eclipse.osgi\bundles\278\1\bundlefile
[2024-01-15 15:51:44.160]: deleting directory: C:\Users\imrab\AppData\Local\Temp\tmpnb\var\cache\netigso\org.eclipse.osgi\bundles\278\1
[2024-01-15 15:51:44.160]: deleting directory: C:\Users\imrab\AppData\Local\Temp\tmpnb\var\cache\netigso\org.eclipse.osgi\bundles\278
[2024-01-15 15:51:44.160]: deleting file: C:\Users\imrab\AppData\Local\Temp\tmpnb\var\cache\netigso\org.eclipse.osgi\bundles\279\1\bundlefile
[2024-01-15 15:51:44.160]: deleting directory: C:\Users\imrab\AppData\Local\Temp\tmpnb\var\cache\netigso\org.eclipse.osgi\bundles\279\1
[2024-01-15 15:51:44.160]: deleting directory: C:\Users\imrab\AppData\Local\Temp\tmpnb\var\cache\netigso\org.eclipse.osgi\bundles\279
[2024-01-15 15:51:44.160]: deleting file: C:\Users\imrab\AppData\Local\Temp\tmpnb\var\cache\netigso\org.eclipse.osgi\bundles\28\1\bundlefile
[2024-01-15 15:51:44.160]: deleting directory: C:\Users\imrab\AppData\Local\Temp\tmpnb\var\cache\netigso\org.eclipse.osgi\bundles\28\1
[2024-01-15 15:51:44.160]: deleting directory: C:\Users\imrab\AppData\Local\Temp\tmpnb\var\cache\netigso\org.eclipse.osgi\bundles\28
[2024-01-15 15:51:44.160]: deleting file: C:\Users\imrab\AppData\Local\Temp\tmpnb\var\cache\netigso\org.eclipse.osgi\bundles\3\1\bundlefile
[2024-01-15 15:51:44.160]: deleting directory: C:\Users\imrab\AppData\Local\Temp\tmpnb\var\cache\netigso\org.eclipse.osgi\bundles\3\1
[2024-01-15 15:51:44.160]: deleting directory: C:\Users\imrab\AppData\Local\Temp\tmpnb\var\cache\netigso\org.eclipse.osgi\bundles\3
[2024-01-15 15:51:44.160]: deleting file: C:\Users\imrab\AppData\Local\Temp\tmpnb\var\cache\netigso\org.eclipse.osgi\bundles\30\1\bundlefile
[2024-01-15 15:51:44.160]: deleting directory: C:\Users\imrab\AppData\Local\Temp\tmpnb\var\cache\netigso\org.eclipse.osgi\bundles\30\1
[2024-01-15 15:51:44.160]: deleting directory: C:\Users\imrab\AppData\Local\Temp\tmpnb\var\cache\netigso\org.eclipse.osgi\bundles\30
[2024-01-15 15:51:44.160]: deleting file: C:\Users\imrab\AppData\Local\Temp\tmpnb\var\cache\netigso\org.eclipse.osgi\bundles\31\1\bundlefile
[2024-01-15 15:51:44.160]: deleting directory: C:\Users\imrab\AppData\Local\Temp\tmpnb\var\cache\netigso\org.eclipse.osgi\bundles\31\1
[2024-01-15 15:51:44.160]: deleting directory: C:\Users\imrab\AppData\Local\Temp\tmpnb\var\cache\netigso\org.eclipse.osgi\bundles\31
[2024-01-15 15:51:44.160]: deleting file: C:\Users\imrab\AppData\Local\Temp\tmpnb\var\cache\netigso\org.eclipse.osgi\bundles\32\1\bundlefile
[2024-01-15 15:51:44.160]: deleting directory: C:\Users\imrab\AppData\Local\Temp\tmpnb\var\cache\netigso\org.eclipse.osgi\bundles\32\1
[2024-01-15 15:51:44.160]: deleting directory: C:\Users\imrab\AppData\Local\Temp\tmpnb\var\cache\netigso\org.eclipse.osgi\bundles\32
[2024-01-15 15:51:44.160]: deleting file: C:\Users\imrab\AppData\Local\Temp\tmpnb\var\cache\netigso\org.eclipse.osgi\bundles\33\1\bundlefile
[2024-01-15 15:51:44.160]: deleting directory: C:\Users\imrab\AppData\Local\Temp\tmpnb\var\cache\netigso\org.eclipse.osgi\bundles\33\1
[2024-01-15 15:51:44.160]: deleting directory: C:\Users\imrab\AppData\Local\Temp\tmpnb\var\cache\netigso\org.eclipse.osgi\bundles\33
[2024-01-15 15:51:44.160]: deleting file: C:\Users\imrab\AppData\Local\Temp\tmpnb\var\cache\netigso\org.eclipse.osgi\bundles\34\1\bundlefile
[2024-01-15 15:51:44.160]: deleting directory: C:\Users\imrab\AppData\Local\Temp\tmpnb\var\cache\netigso\org.eclipse.osgi\bundles\34\1
[2024-01-15 15:51:44.160]: deleting directory: C:\Users\imrab\AppData\Local\Temp\tmpnb\var\cache\netigso\org.eclipse.osgi\bundles\34
[2024-01-15 15:51:44.160]: deleting file: C:\Users\imrab\AppData\Local\Temp\tmpnb\var\cache\netigso\org.eclipse.osgi\bundles\37\1\bundlefile
[2024-01-15 15:51:44.160]: deleting directory: C:\Users\imrab\AppData\Local\Temp\tmpnb\var\cache\netigso\org.eclipse.osgi\bundles\37\1
[2024-01-15 15:51:44.176]: deleting directory: C:\Users\imrab\AppData\Local\Temp\tmpnb\var\cache\netigso\org.eclipse.osgi\bundles\37
[2024-01-15 15:51:44.176]: deleting file: C:\Users\imrab\AppData\Local\Temp\tmpnb\var\cache\netigso\org.eclipse.osgi\bundles\38\1\bundlefile
[2024-01-15 15:51:44.176]: deleting directory: C:\Users\imrab\AppData\Local\Temp\tmpnb\var\cache\netigso\org.eclipse.osgi\bundles\38\1
[2024-01-15 15:51:44.176]: deleting directory: C:\Users\imrab\AppData\Local\Temp\tmpnb\var\cache\netigso\org.eclipse.osgi\bundles\38
[2024-01-15 15:51:44.176]: deleting file: C:\Users\imrab\AppData\Local\Temp\tmpnb\var\cache\netigso\org.eclipse.osgi\bundles\39\1\bundlefile
[2024-01-15 15:51:44.176]: deleting directory: C:\Users\imrab\AppData\Local\Temp\tmpnb\var\cache\netigso\org.eclipse.osgi\bundles\39\1
[2024-01-15 15:51:44.176]: deleting directory: C:\Users\imrab\AppData\Local\Temp\tmpnb\var\cache\netigso\org.eclipse.osgi\bundles\39
[2024-01-15 15:51:44.176]: deleting file: C:\Users\imrab\AppData\Local\Temp\tmpnb\var\cache\netigso\org.eclipse.osgi\bundles\4\1\bundlefile
[2024-01-15 15:51:44.176]: deleting directory: C:\Users\imrab\AppData\Local\Temp\tmpnb\var\cache\netigso\org.eclipse.osgi\bundles\4\1
[2024-01-15 15:51:44.176]: deleting directory: C:\Users\imrab\AppData\Local\Temp\tmpnb\var\cache\netigso\org.eclipse.osgi\bundles\4
[2024-01-15 15:51:44.176]: deleting file: C:\Users\imrab\AppData\Local\Temp\tmpnb\var\cache\netigso\org.eclipse.osgi\bundles\40\1\bundlefile
[2024-01-15 15:51:44.176]: deleting directory: C:\Users\imrab\AppData\Local\Temp\tmpnb\var\cache\netigso\org.eclipse.osgi\bundles\40\1
[2024-01-15 15:51:44.176]: deleting directory: C:\Users\imrab\AppData\Local\Temp\tmpnb\var\cache\netigso\org.eclipse.osgi\bundles\40
[2024-01-15 15:51:44.176]: deleting file: C:\Users\imrab\AppData\Local\Temp\tmpnb\var\cache\netigso\org.eclipse.osgi\bundles\41\1\bundlefile
[2024-01-15 15:51:44.176]: deleting directory: C:\Users\imrab\AppData\Local\Temp\tmpnb\var\cache\netigso\org.eclipse.osgi\bundles\41\1
[2024-01-15 15:51:44.176]: deleting directory: C:\Users\imrab\AppData\Local\Temp\tmpnb\var\cache\netigso\org.eclipse.osgi\bundles\41
[2024-01-15 15:51:44.176]: deleting file: C:\Users\imrab\AppData\Local\Temp\tmpnb\var\cache\netigso\org.eclipse.osgi\bundles\42\1\bundlefile
[2024-01-15 15:51:44.176]: deleting directory: C:\Users\imrab\AppData\Local\Temp\tmpnb\var\cache\netigso\org.eclipse.osgi\bundles\42\1
[2024-01-15 15:51:44.176]: deleting directory: C:\Users\imrab\AppData\Local\Temp\tmpnb\var\cache\netigso\org.eclipse.osgi\bundles\42
[2024-01-15 15:51:44.176]: deleting file: C:\Users\imrab\AppData\Local\Temp\tmpnb\var\cache\netigso\org.eclipse.osgi\bundles\43\1\bundlefile
[2024-01-15 15:51:44.176]: deleting directory: C:\Users\imrab\AppData\Local\Temp\tmpnb\var\cache\netigso\org.eclipse.osgi\bundles\43\1
[2024-01-15 15:51:44.176]: deleting directory: C:\Users\imrab\AppData\Local\Temp\tmpnb\var\cache\netigso\org.eclipse.osgi\bundles\43
[2024-01-15 15:51:44.176]: deleting file: C:\Users\imrab\AppData\Local\Temp\tmpnb\var\cache\netigso\org.eclipse.osgi\bundles\44\1\bundlefile
[2024-01-15 15:51:44.176]: deleting directory: C:\Users\imrab\AppData\Local\Temp\tmpnb\var\cache\netigso\org.eclipse.osgi\bundles\44\1
[2024-01-15 15:51:44.176]: deleting directory: C:\Users\imrab\AppData\Local\Temp\tmpnb\var\cache\netigso\org.eclipse.osgi\bundles\44
[2024-01-15 15:51:44.176]: deleting file: C:\Users\imrab\AppData\Local\Temp\tmpnb\var\cache\netigso\org.eclipse.osgi\bundles\45\1\bundlefile
[2024-01-15 15:51:44.176]: deleting directory: C:\Users\imrab\AppData\Local\Temp\tmpnb\var\cache\netigso\org.eclipse.osgi\bundles\45\1
[2024-01-15 15:51:44.176]: deleting directory: C:\Users\imrab\AppData\Local\Temp\tmpnb\var\cache\netigso\org.eclipse.osgi\bundles\45
[2024-01-15 15:51:44.176]: deleting file: C:\Users\imrab\AppData\Local\Temp\tmpnb\var\cache\netigso\org.eclipse.osgi\bundles\46\1\bundlefile
[2024-01-15 15:51:44.176]: deleting directory: C:\Users\imrab\AppData\Local\Temp\tmpnb\var\cache\netigso\org.eclipse.osgi\bundles\46\1
[2024-01-15 15:51:44.191]: deleting directory: C:\Users\imrab\AppData\Local\Temp\tmpnb\var\cache\netigso\org.eclipse.osgi\bundles\46
[2024-01-15 15:51:44.191]: deleting file: C:\Users\imrab\AppData\Local\Temp\tmpnb\var\cache\netigso\org.eclipse.osgi\bundles\47\1\bundlefile
[2024-01-15 15:51:44.191]: deleting directory: C:\Users\imrab\AppData\Local\Temp\tmpnb\var\cache\netigso\org.eclipse.osgi\bundles\47\1
[2024-01-15 15:51:44.191]: deleting directory: C:\Users\imrab\AppData\Local\Temp\tmpnb\var\cache\netigso\org.eclipse.osgi\bundles\47
[2024-01-15 15:51:44.191]: deleting file: C:\Users\imrab\AppData\Local\Temp\tmpnb\var\cache\netigso\org.eclipse.osgi\bundles\48\1\bundlefile
[2024-01-15 15:51:44.191]: deleting directory: C:\Users\imrab\AppData\Local\Temp\tmpnb\var\cache\netigso\org.eclipse.osgi\bundles\48\1
[2024-01-15 15:51:44.191]: deleting directory: C:\Users\imrab\AppData\Local\Temp\tmpnb\var\cache\netigso\org.eclipse.osgi\bundles\48
[2024-01-15 15:51:44.191]: deleting file: C:\Users\imrab\AppData\Local\Temp\tmpnb\var\cache\netigso\org.eclipse.osgi\bundles\49\1\bundlefile
[2024-01-15 15:51:44.191]: deleting directory: C:\Users\imrab\AppData\Local\Temp\tmpnb\var\cache\netigso\org.eclipse.osgi\bundles\49\1
[2024-01-15 15:51:44.191]: deleting directory: C:\Users\imrab\AppData\Local\Temp\tmpnb\var\cache\netigso\org.eclipse.osgi\bundles\49
[2024-01-15 15:51:44.191]: deleting file: C:\Users\imrab\AppData\Local\Temp\tmpnb\var\cache\netigso\org.eclipse.osgi\bundles\5\1\bundlefile
[2024-01-15 15:51:44.191]: deleting directory: C:\Users\imrab\AppData\Local\Temp\tmpnb\var\cache\netigso\org.eclipse.osgi\bundles\5\1
[2024-01-15 15:51:44.191]: deleting directory: C:\Users\imrab\AppData\Local\Temp\tmpnb\var\cache\netigso\org.eclipse.osgi\bundles\5
[2024-01-15 15:51:44.191]: deleting file: C:\Users\imrab\AppData\Local\Temp\tmpnb\var\cache\netigso\org.eclipse.osgi\bundles\53\1\bundlefile
[2024-01-15 15:51:44.191]: deleting directory: C:\Users\imrab\AppData\Local\Temp\tmpnb\var\cache\netigso\org.eclipse.osgi\bundles\53\1
[2024-01-15 15:51:44.191]: deleting directory: C:\Users\imrab\AppData\Local\Temp\tmpnb\var\cache\netigso\org.eclipse.osgi\bundles\53
[2024-01-15 15:51:44.191]: deleting file: C:\Users\imrab\AppData\Local\Temp\tmpnb\var\cache\netigso\org.eclipse.osgi\bundles\54\1\bundlefile
[2024-01-15 15:51:44.191]: deleting directory: C:\Users\imrab\AppData\Local\Temp\tmpnb\var\cache\netigso\org.eclipse.osgi\bundles\54\1
[2024-01-15 15:51:44.191]: deleting directory: C:\Users\imrab\AppData\Local\Temp\tmpnb\var\cache\netigso\org.eclipse.osgi\bundles\54
[2024-01-15 15:51:44.191]: deleting file: C:\Users\imrab\AppData\Local\Temp\tmpnb\var\cache\netigso\org.eclipse.osgi\bundles\55\1\bundlefile
[2024-01-15 15:51:44.191]: deleting directory: C:\Users\imrab\AppData\Local\Temp\tmpnb\var\cache\netigso\org.eclipse.osgi\bundles\55\1
[2024-01-15 15:51:44.191]: deleting directory: C:\Users\imrab\AppData\Local\Temp\tmpnb\var\cache\netigso\org.eclipse.osgi\bundles\55
[2024-01-15 15:51:44.191]: deleting file: C:\Users\imrab\AppData\Local\Temp\tmpnb\var\cache\netigso\org.eclipse.osgi\bundles\57\1\bundlefile
[2024-01-15 15:51:44.191]: deleting directory: C:\Users\imrab\AppData\Local\Temp\tmpnb\var\cache\netigso\org.eclipse.osgi\bundles\57\1
[2024-01-15 15:51:44.191]: deleting directory: C:\Users\imrab\AppData\Local\Temp\tmpnb\var\cache\netigso\org.eclipse.osgi\bundles\57
[2024-01-15 15:51:44.191]: deleting file: C:\Users\imrab\AppData\Local\Temp\tmpnb\var\cache\netigso\org.eclipse.osgi\bundles\58\1\bundlefile
[2024-01-15 15:51:44.191]: deleting directory: C:\Users\imrab\AppData\Local\Temp\tmpnb\var\cache\netigso\org.eclipse.osgi\bundles\58\1
[2024-01-15 15:51:44.191]: deleting directory: C:\Users\imrab\AppData\Local\Temp\tmpnb\var\cache\netigso\org.eclipse.osgi\bundles\58
[2024-01-15 15:51:44.191]: deleting file: C:\Users\imrab\AppData\Local\Temp\tmpnb\var\cache\netigso\org.eclipse.osgi\bundles\6\1\bundlefile
[2024-01-15 15:51:44.191]: deleting directory: C:\Users\imrab\AppData\Local\Temp\tmpnb\var\cache\netigso\org.eclipse.osgi\bundles\6\1
[2024-01-15 15:51:44.207]: deleting directory: C:\Users\imrab\AppData\Local\Temp\tmpnb\var\cache\netigso\org.eclipse.osgi\bundles\6
[2024-01-15 15:51:44.207]: deleting file: C:\Users\imrab\AppData\Local\Temp\tmpnb\var\cache\netigso\org.eclipse.osgi\bundles\60\1\bundlefile
[2024-01-15 15:51:44.207]: deleting directory: C:\Users\imrab\AppData\Local\Temp\tmpnb\var\cache\netigso\org.eclipse.osgi\bundles\60\1
[2024-01-15 15:51:44.207]: deleting directory: C:\Users\imrab\AppData\Local\Temp\tmpnb\var\cache\netigso\org.eclipse.osgi\bundles\60
[2024-01-15 15:51:44.207]: deleting file: C:\Users\imrab\AppData\Local\Temp\tmpnb\var\cache\netigso\org.eclipse.osgi\bundles\61\1\bundlefile
[2024-01-15 15:51:44.207]: deleting directory: C:\Users\imrab\AppData\Local\Temp\tmpnb\var\cache\netigso\org.eclipse.osgi\bundles\61\1
[2024-01-15 15:51:44.207]: deleting directory: C:\Users\imrab\AppData\Local\Temp\tmpnb\var\cache\netigso\org.eclipse.osgi\bundles\61
[2024-01-15 15:51:44.207]: deleting file: C:\Users\imrab\AppData\Local\Temp\tmpnb\var\cache\netigso\org.eclipse.osgi\bundles\63\1\bundlefile
[2024-01-15 15:51:44.207]: deleting directory: C:\Users\imrab\AppData\Local\Temp\tmpnb\var\cache\netigso\org.eclipse.osgi\bundles\63\1
[2024-01-15 15:51:44.207]: deleting directory: C:\Users\imrab\AppData\Local\Temp\tmpnb\var\cache\netigso\org.eclipse.osgi\bundles\63
[2024-01-15 15:51:44.207]: deleting file: C:\Users\imrab\AppData\Local\Temp\tmpnb\var\cache\netigso\org.eclipse.osgi\bundles\64\1\bundlefile
[2024-01-15 15:51:44.207]: deleting directory: C:\Users\imrab\AppData\Local\Temp\tmpnb\var\cache\netigso\org.eclipse.osgi\bundles\64\1
[2024-01-15 15:51:44.207]: deleting directory: C:\Users\imrab\AppData\Local\Temp\tmpnb\var\cache\netigso\org.eclipse.osgi\bundles\64
[2024-01-15 15:51:44.207]: deleting file: C:\Users\imrab\AppData\Local\Temp\tmpnb\var\cache\netigso\org.eclipse.osgi\bundles\66\1\bundlefile
[2024-01-15 15:51:44.207]: deleting directory: C:\Users\imrab\AppData\Local\Temp\tmpnb\var\cache\netigso\org.eclipse.osgi\bundles\66\1
[2024-01-15 15:51:44.207]: deleting directory: C:\Users\imrab\AppData\Local\Temp\tmpnb\var\cache\netigso\org.eclipse.osgi\bundles\66
[2024-01-15 15:51:44.207]: deleting file: C:\Users\imrab\AppData\Local\Temp\tmpnb\var\cache\netigso\org.eclipse.osgi\bundles\67\1\bundlefile
[2024-01-15 15:51:44.207]: deleting directory: C:\Users\imrab\AppData\Local\Temp\tmpnb\var\cache\netigso\org.eclipse.osgi\bundles\67\1
[2024-01-15 15:51:44.207]: deleting directory: C:\Users\imrab\AppData\Local\Temp\tmpnb\var\cache\netigso\org.eclipse.osgi\bundles\67
[2024-01-15 15:51:44.207]: deleting file: C:\Users\imrab\AppData\Local\Temp\tmpnb\var\cache\netigso\org.eclipse.osgi\bundles\68\1\bundlefile
[2024-01-15 15:51:44.207]: deleting directory: C:\Users\imrab\AppData\Local\Temp\tmpnb\var\cache\netigso\org.eclipse.osgi\bundles\68\1
[2024-01-15 15:51:44.207]: deleting directory: C:\Users\imrab\AppData\Local\Temp\tmpnb\var\cache\netigso\org.eclipse.osgi\bundles\68
[2024-01-15 15:51:44.207]: deleting file: C:\Users\imrab\AppData\Local\Temp\tmpnb\var\cache\netigso\org.eclipse.osgi\bundles\69\1\bundlefile
[2024-01-15 15:51:44.207]: deleting directory: C:\Users\imrab\AppData\Local\Temp\tmpnb\var\cache\netigso\org.eclipse.osgi\bundles\69\1
[2024-01-15 15:51:44.207]: deleting directory: C:\Users\imrab\AppData\Local\Temp\tmpnb\var\cache\netigso\org.eclipse.osgi\bundles\69
[2024-01-15 15:51:44.207]: deleting file: C:\Users\imrab\AppData\Local\Temp\tmpnb\var\cache\netigso\org.eclipse.osgi\bundles\7\1\bundlefile
[2024-01-15 15:51:44.207]: deleting directory: C:\Users\imrab\AppData\Local\Temp\tmpnb\var\cache\netigso\org.eclipse.osgi\bundles\7\1
[2024-01-15 15:51:44.207]: deleting directory: C:\Users\imrab\AppData\Local\Temp\tmpnb\var\cache\netigso\org.eclipse.osgi\bundles\7
[2024-01-15 15:51:44.207]: deleting file: C:\Users\imrab\AppData\Local\Temp\tmpnb\var\cache\netigso\org.eclipse.osgi\bundles\70\1\bundlefile
[2024-01-15 15:51:44.207]: deleting directory: C:\Users\imrab\AppData\Local\Temp\tmpnb\var\cache\netigso\org.eclipse.osgi\bundles\70\1
[2024-01-15 15:51:44.223]: deleting directory: C:\Users\imrab\AppData\Local\Temp\tmpnb\var\cache\netigso\org.eclipse.osgi\bundles\70
[2024-01-15 15:51:44.223]: deleting file: C:\Users\imrab\AppData\Local\Temp\tmpnb\var\cache\netigso\org.eclipse.osgi\bundles\71\1\bundlefile
[2024-01-15 15:51:44.223]: deleting directory: C:\Users\imrab\AppData\Local\Temp\tmpnb\var\cache\netigso\org.eclipse.osgi\bundles\71\1
[2024-01-15 15:51:44.223]: deleting directory: C:\Users\imrab\AppData\Local\Temp\tmpnb\var\cache\netigso\org.eclipse.osgi\bundles\71
[2024-01-15 15:51:44.223]: deleting file: C:\Users\imrab\AppData\Local\Temp\tmpnb\var\cache\netigso\org.eclipse.osgi\bundles\72\1\bundlefile
[2024-01-15 15:51:44.223]: deleting directory: C:\Users\imrab\AppData\Local\Temp\tmpnb\var\cache\netigso\org.eclipse.osgi\bundles\72\1
[2024-01-15 15:51:44.223]: deleting directory: C:\Users\imrab\AppData\Local\Temp\tmpnb\var\cache\netigso\org.eclipse.osgi\bundles\72
[2024-01-15 15:51:44.223]: deleting file: C:\Users\imrab\AppData\Local\Temp\tmpnb\var\cache\netigso\org.eclipse.osgi\bundles\73\1\bundlefile
[2024-01-15 15:51:44.223]: deleting directory: C:\Users\imrab\AppData\Local\Temp\tmpnb\var\cache\netigso\org.eclipse.osgi\bundles\73\1
[2024-01-15 15:51:44.223]: deleting directory: C:\Users\imrab\AppData\Local\Temp\tmpnb\var\cache\netigso\org.eclipse.osgi\bundles\73
[2024-01-15 15:51:44.223]: deleting file: C:\Users\imrab\AppData\Local\Temp\tmpnb\var\cache\netigso\org.eclipse.osgi\bundles\75\1\bundlefile
[2024-01-15 15:51:44.223]: deleting directory: C:\Users\imrab\AppData\Local\Temp\tmpnb\var\cache\netigso\org.eclipse.osgi\bundles\75\1
[2024-01-15 15:51:44.223]: deleting directory: C:\Users\imrab\AppData\Local\Temp\tmpnb\var\cache\netigso\org.eclipse.osgi\bundles\75
[2024-01-15 15:51:44.223]: deleting file: C:\Users\imrab\AppData\Local\Temp\tmpnb\var\cache\netigso\org.eclipse.osgi\bundles\76\1\bundlefile
[2024-01-15 15:51:44.223]: deleting directory: C:\Users\imrab\AppData\Local\Temp\tmpnb\var\cache\netigso\org.eclipse.osgi\bundles\76\1
[2024-01-15 15:51:44.223]: deleting directory: C:\Users\imrab\AppData\Local\Temp\tmpnb\var\cache\netigso\org.eclipse.osgi\bundles\76
[2024-01-15 15:51:44.223]: deleting file: C:\Users\imrab\AppData\Local\Temp\tmpnb\var\cache\netigso\org.eclipse.osgi\bundles\77\1\bundlefile
[2024-01-15 15:51:44.223]: deleting directory: C:\Users\imrab\AppData\Local\Temp\tmpnb\var\cache\netigso\org.eclipse.osgi\bundles\77\1
[2024-01-15 15:51:44.223]: deleting directory: C:\Users\imrab\AppData\Local\Temp\tmpnb\var\cache\netigso\org.eclipse.osgi\bundles\77
[2024-01-15 15:51:44.223]: deleting file: C:\Users\imrab\AppData\Local\Temp\tmpnb\var\cache\netigso\org.eclipse.osgi\bundles\80\1\bundlefile
[2024-01-15 15:51:44.223]: deleting directory: C:\Users\imrab\AppData\Local\Temp\tmpnb\var\cache\netigso\org.eclipse.osgi\bundles\80\1
[2024-01-15 15:51:44.223]: deleting directory: C:\Users\imrab\AppData\Local\Temp\tmpnb\var\cache\netigso\org.eclipse.osgi\bundles\80
[2024-01-15 15:51:44.223]: deleting file: C:\Users\imrab\AppData\Local\Temp\tmpnb\var\cache\netigso\org.eclipse.osgi\bundles\81\1\bundlefile
[2024-01-15 15:51:44.223]: deleting directory: C:\Users\imrab\AppData\Local\Temp\tmpnb\var\cache\netigso\org.eclipse.osgi\bundles\81\1
[2024-01-15 15:51:44.223]: deleting directory: C:\Users\imrab\AppData\Local\Temp\tmpnb\var\cache\netigso\org.eclipse.osgi\bundles\81
[2024-01-15 15:51:44.223]: deleting file: C:\Users\imrab\AppData\Local\Temp\tmpnb\var\cache\netigso\org.eclipse.osgi\bundles\82\1\bundlefile
[2024-01-15 15:51:44.223]: deleting directory: C:\Users\imrab\AppData\Local\Temp\tmpnb\var\cache\netigso\org.eclipse.osgi\bundles\82\1
[2024-01-15 15:51:44.223]: deleting directory: C:\Users\imrab\AppData\Local\Temp\tmpnb\var\cache\netigso\org.eclipse.osgi\bundles\82
[2024-01-15 15:51:44.223]: deleting file: C:\Users\imrab\AppData\Local\Temp\tmpnb\var\cache\netigso\org.eclipse.osgi\bundles\83\1\bundlefile
[2024-01-15 15:51:44.223]: deleting directory: C:\Users\imrab\AppData\Local\Temp\tmpnb\var\cache\netigso\org.eclipse.osgi\bundles\83\1
[2024-01-15 15:51:44.238]: deleting directory: C:\Users\imrab\AppData\Local\Temp\tmpnb\var\cache\netigso\org.eclipse.osgi\bundles\83
[2024-01-15 15:51:44.238]: deleting file: C:\Users\imrab\AppData\Local\Temp\tmpnb\var\cache\netigso\org.eclipse.osgi\bundles\86\1\bundlefile
[2024-01-15 15:51:44.238]: deleting directory: C:\Users\imrab\AppData\Local\Temp\tmpnb\var\cache\netigso\org.eclipse.osgi\bundles\86\1
[2024-01-15 15:51:44.238]: deleting directory: C:\Users\imrab\AppData\Local\Temp\tmpnb\var\cache\netigso\org.eclipse.osgi\bundles\86
[2024-01-15 15:51:44.238]: deleting file: C:\Users\imrab\AppData\Local\Temp\tmpnb\var\cache\netigso\org.eclipse.osgi\bundles\87\1\bundlefile
[2024-01-15 15:51:44.238]: deleting directory: C:\Users\imrab\AppData\Local\Temp\tmpnb\var\cache\netigso\org.eclipse.osgi\bundles\87\1
[2024-01-15 15:51:44.238]: deleting directory: C:\Users\imrab\AppData\Local\Temp\tmpnb\var\cache\netigso\org.eclipse.osgi\bundles\87
[2024-01-15 15:51:44.238]: deleting file: C:\Users\imrab\AppData\Local\Temp\tmpnb\var\cache\netigso\org.eclipse.osgi\bundles\89\1\bundlefile
[2024-01-15 15:51:44.238]: deleting directory: C:\Users\imrab\AppData\Local\Temp\tmpnb\var\cache\netigso\org.eclipse.osgi\bundles\89\1
[2024-01-15 15:51:44.238]: deleting directory: C:\Users\imrab\AppData\Local\Temp\tmpnb\var\cache\netigso\org.eclipse.osgi\bundles\89
[2024-01-15 15:51:44.238]: deleting file: C:\Users\imrab\AppData\Local\Temp\tmpnb\var\cache\netigso\org.eclipse.osgi\bundles\90\1\bundlefile
[2024-01-15 15:51:44.238]: deleting directory: C:\Users\imrab\AppData\Local\Temp\tmpnb\var\cache\netigso\org.eclipse.osgi\bundles\90\1
[2024-01-15 15:51:44.238]: deleting directory: C:\Users\imrab\AppData\Local\Temp\tmpnb\var\cache\netigso\org.eclipse.osgi\bundles\90
[2024-01-15 15:51:44.238]: deleting file: C:\Users\imrab\AppData\Local\Temp\tmpnb\var\cache\netigso\org.eclipse.osgi\bundles\91\1\bundlefile
[2024-01-15 15:51:44.238]: deleting directory: C:\Users\imrab\AppData\Local\Temp\tmpnb\var\cache\netigso\org.eclipse.osgi\bundles\91\1
[2024-01-15 15:51:44.238]: deleting directory: C:\Users\imrab\AppData\Local\Temp\tmpnb\var\cache\netigso\org.eclipse.osgi\bundles\91
[2024-01-15 15:51:44.238]: deleting file: C:\Users\imrab\AppData\Local\Temp\tmpnb\var\cache\netigso\org.eclipse.osgi\bundles\94\1\bundlefile
[2024-01-15 15:51:44.238]: deleting directory: C:\Users\imrab\AppData\Local\Temp\tmpnb\var\cache\netigso\org.eclipse.osgi\bundles\94\1
[2024-01-15 15:51:44.238]: deleting directory: C:\Users\imrab\AppData\Local\Temp\tmpnb\var\cache\netigso\org.eclipse.osgi\bundles\94
[2024-01-15 15:51:44.238]: deleting file: C:\Users\imrab\AppData\Local\Temp\tmpnb\var\cache\netigso\org.eclipse.osgi\bundles\95\1\bundlefile
[2024-01-15 15:51:44.238]: deleting directory: C:\Users\imrab\AppData\Local\Temp\tmpnb\var\cache\netigso\org.eclipse.osgi\bundles\95\1
[2024-01-15 15:51:44.238]: deleting directory: C:\Users\imrab\AppData\Local\Temp\tmpnb\var\cache\netigso\org.eclipse.osgi\bundles\95
[2024-01-15 15:51:44.238]: deleting file: C:\Users\imrab\AppData\Local\Temp\tmpnb\var\cache\netigso\org.eclipse.osgi\bundles\96\1\bundlefile
[2024-01-15 15:51:44.238]: deleting directory: C:\Users\imrab\AppData\Local\Temp\tmpnb\var\cache\netigso\org.eclipse.osgi\bundles\96\1
[2024-01-15 15:51:44.238]: deleting directory: C:\Users\imrab\AppData\Local\Temp\tmpnb\var\cache\netigso\org.eclipse.osgi\bundles\96
[2024-01-15 15:51:44.238]: deleting file: C:\Users\imrab\AppData\Local\Temp\tmpnb\var\cache\netigso\org.eclipse.osgi\bundles\97\1\bundlefile
[2024-01-15 15:51:44.238]: deleting directory: C:\Users\imrab\AppData\Local\Temp\tmpnb\var\cache\netigso\org.eclipse.osgi\bundles\97\1
[2024-01-15 15:51:44.238]: deleting directory: C:\Users\imrab\AppData\Local\Temp\tmpnb\var\cache\netigso\org.eclipse.osgi\bundles\97
[2024-01-15 15:51:44.238]: deleting file: C:\Users\imrab\AppData\Local\Temp\tmpnb\var\cache\netigso\org.eclipse.osgi\bundles\98\1\bundlefile
[2024-01-15 15:51:44.238]: deleting directory: C:\Users\imrab\AppData\Local\Temp\tmpnb\var\cache\netigso\org.eclipse.osgi\bundles\98\1
[2024-01-15 15:51:44.254]: deleting directory: C:\Users\imrab\AppData\Local\Temp\tmpnb\var\cache\netigso\org.eclipse.osgi\bundles\98
[2024-01-15 15:51:44.254]: deleting file: C:\Users\imrab\AppData\Local\Temp\tmpnb\var\cache\netigso\org.eclipse.osgi\bundles\99\1\bundlefile
[2024-01-15 15:51:44.254]: deleting directory: C:\Users\imrab\AppData\Local\Temp\tmpnb\var\cache\netigso\org.eclipse.osgi\bundles\99\1
[2024-01-15 15:51:44.254]: deleting directory: C:\Users\imrab\AppData\Local\Temp\tmpnb\var\cache\netigso\org.eclipse.osgi\bundles\99
[2024-01-15 15:51:44.254]: deleting directory: C:\Users\imrab\AppData\Local\Temp\tmpnb\var\cache\netigso\org.eclipse.osgi\bundles
[2024-01-15 15:51:44.254]: deleting directory: C:\Users\imrab\AppData\Local\Temp\tmpnb\var\cache\netigso\org.eclipse.osgi
[2024-01-15 15:51:44.254]: deleting directory: C:\Users\imrab\AppData\Local\Temp\tmpnb\var\cache\netigso
[2024-01-15 15:51:44.254]: deleting file: C:\Users\imrab\AppData\Local\Temp\tmpnb\var\cache\lastModified\all-checksum.txt
[2024-01-15 15:51:44.254]: deleting directory: C:\Users\imrab\AppData\Local\Temp\tmpnb\var\cache\lastModified
[2024-01-15 15:51:44.254]: deleting file: C:\Users\imrab\AppData\Local\Temp\tmpnb\var\cache\catalogcache\3rdparty
[2024-01-15 15:51:44.254]: deleting file: C:\Users\imrab\AppData\Local\Temp\tmpnb\var\cache\catalogcache\distribution-update-provider
[2024-01-15 15:51:44.254]: deleting file: C:\Users\imrab\AppData\Local\Temp\tmpnb\var\cache\catalogcache\licenses\17FB95
[2024-01-15 15:51:44.254]: deleting file: C:\Users\imrab\AppData\Local\Temp\tmpnb\var\cache\catalogcache\licenses\1C67F54
[2024-01-15 15:51:44.254]: deleting file: C:\Users\imrab\AppData\Local\Temp\tmpnb\var\cache\catalogcache\licenses\2E57CCE6
[2024-01-15 15:51:44.254]: deleting file: C:\Users\imrab\AppData\Local\Temp\tmpnb\var\cache\catalogcache\licenses\32AAF352
[2024-01-15 15:51:44.254]: deleting file: C:\Users\imrab\AppData\Local\Temp\tmpnb\var\cache\catalogcache\licenses\39318C3B
[2024-01-15 15:51:44.254]: deleting file: C:\Users\imrab\AppData\Local\Temp\tmpnb\var\cache\catalogcache\licenses\3CC676EE
[2024-01-15 15:51:44.254]: deleting file: C:\Users\imrab\AppData\Local\Temp\tmpnb\var\cache\catalogcache\licenses\43EA0A3C
[2024-01-15 15:51:44.254]: deleting file: C:\Users\imrab\AppData\Local\Temp\tmpnb\var\cache\catalogcache\licenses\59DE5749
[2024-01-15 15:51:44.254]: deleting file: C:\Users\imrab\AppData\Local\Temp\tmpnb\var\cache\catalogcache\licenses\6791F47F
[2024-01-15 15:51:44.254]: deleting file: C:\Users\imrab\AppData\Local\Temp\tmpnb\var\cache\catalogcache\licenses\6BEA0210
[2024-01-15 15:51:44.254]: deleting file: C:\Users\imrab\AppData\Local\Temp\tmpnb\var\cache\catalogcache\licenses\74201DED
[2024-01-15 15:51:44.254]: deleting file: C:\Users\imrab\AppData\Local\Temp\tmpnb\var\cache\catalogcache\licenses\78C466F7
[2024-01-15 15:51:44.254]: deleting file: C:\Users\imrab\AppData\Local\Temp\tmpnb\var\cache\catalogcache\licenses\7AE8378E
[2024-01-15 15:51:44.254]: deleting file: C:\Users\imrab\AppData\Local\Temp\tmpnb\var\cache\catalogcache\licenses\7F950048
[2024-01-15 15:51:44.254]: deleting file: C:\Users\imrab\AppData\Local\Temp\tmpnb\var\cache\catalogcache\licenses\9BEA195
[2024-01-15 15:51:44.254]: deleting file: C:\Users\imrab\AppData\Local\Temp\tmpnb\var\cache\catalogcache\licenses\A93720CF
[2024-01-15 15:51:44.254]: deleting file: C:\Users\imrab\AppData\Local\Temp\tmpnb\var\cache\catalogcache\licenses\AA194474
[2024-01-15 15:51:44.254]: deleting file: C:\Users\imrab\AppData\Local\Temp\tmpnb\var\cache\catalogcache\licenses\AB397226
[2024-01-15 15:51:44.254]: deleting file: C:\Users\imrab\AppData\Local\Temp\tmpnb\var\cache\catalogcache\licenses\B2B74E56
[2024-01-15 15:51:44.254]: deleting file: C:\Users\imrab\AppData\Local\Temp\tmpnb\var\cache\catalogcache\licenses\BF8E9DE3
[2024-01-15 15:51:44.254]: deleting file: C:\Users\imrab\AppData\Local\Temp\tmpnb\var\cache\catalogcache\licenses\C50CAF1F
[2024-01-15 15:51:44.254]: deleting file: C:\Users\imrab\AppData\Local\Temp\tmpnb\var\cache\catalogcache\licenses\D9808735
[2024-01-15 15:51:44.269]: deleting file: C:\Users\imrab\AppData\Local\Temp\tmpnb\var\cache\catalogcache\licenses\DAD3AE4E
[2024-01-15 15:51:44.269]: deleting file: C:\Users\imrab\AppData\Local\Temp\tmpnb\var\cache\catalogcache\licenses\DC2D2502
[2024-01-15 15:51:44.269]: deleting file: C:\Users\imrab\AppData\Local\Temp\tmpnb\var\cache\catalogcache\licenses\DD99016B
[2024-01-15 15:51:44.269]: deleting directory: C:\Users\imrab\AppData\Local\Temp\tmpnb\var\cache\catalogcache\licenses
[2024-01-15 15:51:44.269]: deleting file: C:\Users\imrab\AppData\Local\Temp\tmpnb\var\cache\catalogcache\pluginportal-update-provider
[2024-01-15 15:51:44.269]: deleting directory: C:\Users\imrab\AppData\Local\Temp\tmpnb\var\cache\catalogcache
[2024-01-15 15:51:44.269]:     .... success 
[2024-01-15 15:51:44.269]:     .... done. 
[2024-01-15 15:51:44.269]: copying NB log and populated caches : 
[2024-01-15 15:51:44.269]:     NB log location = C:\Program Files\NetBeans-20\netbeans\nb\var\log
[2024-01-15 15:51:44.269]: copying file: C:\Users\imrab\AppData\Local\Temp\tmpnb\var\log\messages.log to: C:\Program Files\NetBeans-20\netbeans\nb\var\log\messages.log
[2024-01-15 15:51:44.269]:     .... success 
[2024-01-15 15:51:44.269]:     .... done. 
[2024-01-15 15:51:44.269]: add NB log in installed list: 
[2024-01-15 15:51:44.269]:     .... success 
[2024-01-15 15:51:44.269]:     .... done. 
[2024-01-15 15:51:44.269]:     populated cache location = C:\Program Files\NetBeans-20\netbeans\nb\var\cache
[2024-01-15 15:51:44.269]: copying directory: C:\Users\imrab\AppData\Local\Temp\tmpnb\var\cache to: C:\Program Files\NetBeans-20\netbeans\nb\var\cache with recursion
[2024-01-15 15:51:44.269]: copying file: C:\Users\imrab\AppData\Local\Temp\tmpnb\var\cache\all-clusters.dat to: C:\Program Files\NetBeans-20\netbeans\nb\var\cache\all-clusters.dat
[2024-01-15 15:51:44.269]: copying file: C:\Users\imrab\AppData\Local\Temp\tmpnb\var\cache\all-files.dat to: C:\Program Files\NetBeans-20\netbeans\nb\var\cache\all-files.dat
[2024-01-15 15:51:44.269]: copying file: C:\Users\imrab\AppData\Local\Temp\tmpnb\var\cache\all-installer.dat to: C:\Program Files\NetBeans-20\netbeans\nb\var\cache\all-installer.dat
[2024-01-15 15:51:44.269]: copying file: C:\Users\imrab\AppData\Local\Temp\tmpnb\var\cache\all-layers.dat to: C:\Program Files\NetBeans-20\netbeans\nb\var\cache\all-layers.dat
[2024-01-15 15:51:44.269]: copying file: C:\Users\imrab\AppData\Local\Temp\tmpnb\var\cache\all-local-layers.dat to: C:\Program Files\NetBeans-20\netbeans\nb\var\cache\all-local-layers.dat
[2024-01-15 15:51:44.269]: copying file: C:\Users\imrab\AppData\Local\Temp\tmpnb\var\cache\all-manifests.dat to: C:\Program Files\NetBeans-20\netbeans\nb\var\cache\all-manifests.dat
[2024-01-15 15:51:44.269]: copying file: C:\Users\imrab\AppData\Local\Temp\tmpnb\var\cache\all-modules.dat to: C:\Program Files\NetBeans-20\netbeans\nb\var\cache\all-modules.dat
[2024-01-15 15:51:44.285]: copying file: C:\Users\imrab\AppData\Local\Temp\tmpnb\var\cache\all-resources.dat to: C:\Program Files\NetBeans-20\netbeans\nb\var\cache\all-resources.dat
[2024-01-15 15:51:44.285]: copying file: C:\Users\imrab\AppData\Local\Temp\tmpnb\var\cache\localeVariants to: C:\Program Files\NetBeans-20\netbeans\nb\var\cache\localeVariants
[2024-01-15 15:51:44.285]: copying file: C:\Users\imrab\AppData\Local\Temp\tmpnb\var\cache\netigso-bundles to: C:\Program Files\NetBeans-20\netbeans\nb\var\cache\netigso-bundles
[2024-01-15 15:51:44.285]: copying file: C:\Users\imrab\AppData\Local\Temp\tmpnb\var\cache\package-attrs.dat to: C:\Program Files\NetBeans-20\netbeans\nb\var\cache\package-attrs.dat
[2024-01-15 15:51:44.285]: copying file: C:\Users\imrab\AppData\Local\Temp\tmpnb\var\cache\populate.zip to: C:\Program Files\NetBeans-20\netbeans\nb\var\cache\populate.zip
[2024-01-15 15:51:44.285]:     .... success 
[2024-01-15 15:51:44.285]:     .... done. 
[2024-01-15 15:51:44.301]: deleting directory: C:\Users\imrab\AppData\Local\Temp\tmpnb\.metadata
[2024-01-15 15:51:44.301]: deleting file: C:\Users\imrab\AppData\Local\Temp\tmpnb\config\org-netbeans-api-project-libraries\libraries-timestamps.properties
[2024-01-15 15:51:44.301]: deleting directory: C:\Users\imrab\AppData\Local\Temp\tmpnb\config\org-netbeans-api-project-libraries
[2024-01-15 15:51:44.301]: deleting file: C:\Users\imrab\AppData\Local\Temp\tmpnb\config\Preferences\org\netbeans\core\windows\tctracker.properties
[2024-01-15 15:51:44.301]: deleting directory: C:\Users\imrab\AppData\Local\Temp\tmpnb\config\Preferences\org\netbeans\core\windows
[2024-01-15 15:51:44.301]: deleting directory: C:\Users\imrab\AppData\Local\Temp\tmpnb\config\Preferences\org\netbeans\core
[2024-01-15 15:51:44.301]: deleting file: C:\Users\imrab\AppData\Local\Temp\tmpnb\config\Preferences\org\netbeans\core.properties
[2024-01-15 15:51:44.301]: deleting file: C:\Users\imrab\AppData\Local\Temp\tmpnb\config\Preferences\org\netbeans\modules\autoupdate\3rdparty.properties
[2024-01-15 15:51:44.301]: deleting file: C:\Users\imrab\AppData\Local\Temp\tmpnb\config\Preferences\org\netbeans\modules\autoupdate\82pluginportal-update-provider.properties
[2024-01-15 15:51:44.301]: deleting file: C:\Users\imrab\AppData\Local\Temp\tmpnb\config\Preferences\org\netbeans\modules\autoupdate\distribution-update-provider.properties
[2024-01-15 15:51:44.301]: deleting file: C:\Users\imrab\AppData\Local\Temp\tmpnb\config\Preferences\org\netbeans\modules\autoupdate\pluginportal-update-provider.properties
[2024-01-15 15:51:44.301]: deleting directory: C:\Users\imrab\AppData\Local\Temp\tmpnb\config\Preferences\org\netbeans\modules\autoupdate
[2024-01-15 15:51:44.301]: deleting file: C:\Users\imrab\AppData\Local\Temp\tmpnb\config\Preferences\org\netbeans\modules\autoupdate.properties
[2024-01-15 15:51:44.301]: deleting directory: C:\Users\imrab\AppData\Local\Temp\tmpnb\config\Preferences\org\netbeans\modules
[2024-01-15 15:51:44.301]: deleting directory: C:\Users\imrab\AppData\Local\Temp\tmpnb\config\Preferences\org\netbeans
[2024-01-15 15:51:44.301]: deleting directory: C:\Users\imrab\AppData\Local\Temp\tmpnb\config\Preferences\org
[2024-01-15 15:51:44.301]: deleting directory: C:\Users\imrab\AppData\Local\Temp\tmpnb\config\Preferences
[2024-01-15 15:51:44.301]: deleting file: C:\Users\imrab\AppData\Local\Temp\tmpnb\config\Windows2Local\Components\bookmarks.settings
[2024-01-15 15:51:44.301]: deleting file: C:\Users\imrab\AppData\Local\Temp\tmpnb\config\Windows2Local\Components\breakpointsView.settings
[2024-01-15 15:51:44.301]: deleting file: C:\Users\imrab\AppData\Local\Temp\tmpnb\config\Windows2Local\Components\callstackView.settings
[2024-01-15 15:51:44.301]: deleting file: C:\Users\imrab\AppData\Local\Temp\tmpnb\config\Windows2Local\Components\CommonPalette.settings
[2024-01-15 15:51:44.301]: deleting file: C:\Users\imrab\AppData\Local\Temp\tmpnb\config\Windows2Local\Components\CssStylesTC.settings
[2024-01-15 15:51:44.301]: deleting file: C:\Users\imrab\AppData\Local\Temp\tmpnb\config\Windows2Local\Components\DashboardTopComponent.settings
[2024-01-15 15:51:44.301]: deleting file: C:\Users\imrab\AppData\Local\Temp\tmpnb\config\Windows2Local\Components\debuggingView.settings
[2024-01-15 15:51:44.301]: deleting file: C:\Users\imrab\AppData\Local\Temp\tmpnb\config\Windows2Local\Components\evaluatorPane.settings
[2024-01-15 15:51:44.301]: deleting file: C:\Users\imrab\AppData\Local\Temp\tmpnb\config\Windows2Local\Components\favorites.settings
[2024-01-15 15:51:44.301]: deleting file: C:\Users\imrab\AppData\Local\Temp\tmpnb\config\Windows2Local\Components\find-usages.settings
[2024-01-15 15:51:44.301]: deleting file: C:\Users\imrab\AppData\Local\Temp\tmpnb\config\Windows2Local\Components\GitRepositories.settings
[2024-01-15 15:51:44.316]: deleting file: C:\Users\imrab\AppData\Local\Temp\tmpnb\config\Windows2Local\Components\GitVersioning.settings
[2024-01-15 15:51:44.316]: deleting file: C:\Users\imrab\AppData\Local\Temp\tmpnb\config\Windows2Local\Components\gsf-testrunner-results.settings
[2024-01-15 15:51:44.316]: deleting file: C:\Users\imrab\AppData\Local\Temp\tmpnb\config\Windows2Local\Components\hgversioningTC.settings
[2024-01-15 15:51:44.316]: deleting file: C:\Users\imrab\AppData\Local\Temp\tmpnb\config\Windows2Local\Components\localsView.settings
[2024-01-15 15:51:44.316]: deleting file: C:\Users\imrab\AppData\Local\Temp\tmpnb\config\Windows2Local\Components\navigatorTC.settings
[2024-01-15 15:51:44.316]: deleting file: C:\Users\imrab\AppData\Local\Temp\tmpnb\config\Windows2Local\Components\NotificationCenterTopComponent.settings
[2024-01-15 15:51:44.316]: deleting file: C:\Users\imrab\AppData\Local\Temp\tmpnb\config\Windows2Local\Components\output.settings
[2024-01-15 15:51:44.316]: deleting file: C:\Users\imrab\AppData\Local\Temp\tmpnb\config\Windows2Local\Components\projectTabLogical_tc.settings
[2024-01-15 15:51:44.316]: deleting file: C:\Users\imrab\AppData\Local\Temp\tmpnb\config\Windows2Local\Components\projectTab_tc.settings
[2024-01-15 15:51:44.316]: deleting file: C:\Users\imrab\AppData\Local\Temp\tmpnb\config\Windows2Local\Components\properties.settings
[2024-01-15 15:51:44.316]: deleting file: C:\Users\imrab\AppData\Local\Temp\tmpnb\config\Windows2Local\Components\refactoring-preview.settings
[2024-01-15 15:51:44.316]: deleting file: C:\Users\imrab\AppData\Local\Temp\tmpnb\config\Windows2Local\Components\resultsView.settings
[2024-01-15 15:51:44.316]: deleting file: C:\Users\imrab\AppData\Local\Temp\tmpnb\config\Windows2Local\Components\search-results.settings
[2024-01-15 15:51:44.316]: deleting file: C:\Users\imrab\AppData\Local\Temp\tmpnb\config\Windows2Local\Components\services.settings
[2024-01-15 15:51:44.316]: deleting file: C:\Users\imrab\AppData\Local\Temp\tmpnb\config\Windows2Local\Components\sessionsView.settings
[2024-01-15 15:51:44.316]: deleting file: C:\Users\imrab\AppData\Local\Temp\tmpnb\config\Windows2Local\Components\sources.settings
[2024-01-15 15:51:44.316]: deleting file: C:\Users\imrab\AppData\Local\Temp\tmpnb\config\Windows2Local\Components\svnversioning.settings
[2024-01-15 15:51:44.316]: deleting file: C:\Users\imrab\AppData\Local\Temp\tmpnb\config\Windows2Local\Components\TaskListTopComponent.settings
[2024-01-15 15:51:44.316]: deleting file: C:\Users\imrab\AppData\Local\Temp\tmpnb\config\Windows2Local\Components\TerminalContainerTopComponent.settings
[2024-01-15 15:51:44.316]: deleting file: C:\Users\imrab\AppData\Local\Temp\tmpnb\config\Windows2Local\Components\threadsView.settings
[2024-01-15 15:51:44.316]: deleting file: C:\Users\imrab\AppData\Local\Temp\tmpnb\config\Windows2Local\Components\versioning_output.settings
[2024-01-15 15:51:44.316]: deleting file: C:\Users\imrab\AppData\Local\Temp\tmpnb\config\Windows2Local\Components\watchesView.settings
[2024-01-15 15:51:44.316]: deleting file: C:\Users\imrab\AppData\Local\Temp\tmpnb\config\Windows2Local\Components\Welcome.settings
[2024-01-15 15:51:44.316]: deleting directory: C:\Users\imrab\AppData\Local\Temp\tmpnb\config\Windows2Local\Components
[2024-01-15 15:51:44.316]: deleting file: C:\Users\imrab\AppData\Local\Temp\tmpnb\config\Windows2Local\Groups\commonpalette\CommonPalette.wstcgrp
[2024-01-15 15:51:44.316]: deleting directory: C:\Users\imrab\AppData\Local\Temp\tmpnb\config\Windows2Local\Groups\commonpalette
[2024-01-15 15:51:44.316]: deleting file: C:\Users\imrab\AppData\Local\Temp\tmpnb\config\Windows2Local\Groups\commonpalette.wsgrp
[2024-01-15 15:51:44.316]: deleting file: C:\Users\imrab\AppData\Local\Temp\tmpnb\config\Windows2Local\Groups\CssStyles\CssStylesTC.wstcgrp
[2024-01-15 15:51:44.316]: deleting directory: C:\Users\imrab\AppData\Local\Temp\tmpnb\config\Windows2Local\Groups\CssStyles
[2024-01-15 15:51:44.316]: deleting file: C:\Users\imrab\AppData\Local\Temp\tmpnb\config\Windows2Local\Groups\CssStyles.wsgrp
[2024-01-15 15:51:44.332]: deleting file: C:\Users\imrab\AppData\Local\Temp\tmpnb\config\Windows2Local\Groups\debugger\breakpointsView.wstcgrp
[2024-01-15 15:51:44.332]: deleting file: C:\Users\imrab\AppData\Local\Temp\tmpnb\config\Windows2Local\Groups\debugger\callstackView.wstcgrp
[2024-01-15 15:51:44.332]: deleting file: C:\Users\imrab\AppData\Local\Temp\tmpnb\config\Windows2Local\Groups\debugger\evaluatorPane.wstcgrp
[2024-01-15 15:51:44.332]: deleting file: C:\Users\imrab\AppData\Local\Temp\tmpnb\config\Windows2Local\Groups\debugger\localsView.wstcgrp
[2024-01-15 15:51:44.332]: deleting file: C:\Users\imrab\AppData\Local\Temp\tmpnb\config\Windows2Local\Groups\debugger\output.wstcgrp
[2024-01-15 15:51:44.332]: deleting file: C:\Users\imrab\AppData\Local\Temp\tmpnb\config\Windows2Local\Groups\debugger\resultsView.wstcgrp
[2024-01-15 15:51:44.332]: deleting file: C:\Users\imrab\AppData\Local\Temp\tmpnb\config\Windows2Local\Groups\debugger\sessionsView.wstcgrp
[2024-01-15 15:51:44.332]: deleting file: C:\Users\imrab\AppData\Local\Temp\tmpnb\config\Windows2Local\Groups\debugger\sources.wstcgrp
[2024-01-15 15:51:44.332]: deleting file: C:\Users\imrab\AppData\Local\Temp\tmpnb\config\Windows2Local\Groups\debugger\threadsView.wstcgrp
[2024-01-15 15:51:44.332]: deleting file: C:\Users\imrab\AppData\Local\Temp\tmpnb\config\Windows2Local\Groups\debugger\watchesView.wstcgrp
[2024-01-15 15:51:44.332]: deleting directory: C:\Users\imrab\AppData\Local\Temp\tmpnb\config\Windows2Local\Groups\debugger
[2024-01-15 15:51:44.332]: deleting file: C:\Users\imrab\AppData\Local\Temp\tmpnb\config\Windows2Local\Groups\debugger.wsgrp
[2024-01-15 15:51:44.332]: deleting file: C:\Users\imrab\AppData\Local\Temp\tmpnb\config\Windows2Local\Groups\InitialLayout\projectTabLogical_tc.wstcgrp
[2024-01-15 15:51:44.332]: deleting file: C:\Users\imrab\AppData\Local\Temp\tmpnb\config\Windows2Local\Groups\InitialLayout\projectTab_tc.wstcgrp
[2024-01-15 15:51:44.332]: deleting file: C:\Users\imrab\AppData\Local\Temp\tmpnb\config\Windows2Local\Groups\InitialLayout\services.wstcgrp
[2024-01-15 15:51:44.332]: deleting directory: C:\Users\imrab\AppData\Local\Temp\tmpnb\config\Windows2Local\Groups\InitialLayout
[2024-01-15 15:51:44.332]: deleting file: C:\Users\imrab\AppData\Local\Temp\tmpnb\config\Windows2Local\Groups\InitialLayout.wsgrp
[2024-01-15 15:51:44.332]: deleting file: C:\Users\imrab\AppData\Local\Temp\tmpnb\config\Windows2Local\Groups\OpenedProjects\navigatorTC.wstcgrp
[2024-01-15 15:51:44.332]: deleting file: C:\Users\imrab\AppData\Local\Temp\tmpnb\config\Windows2Local\Groups\OpenedProjects\projectTabLogical_tc.wstcgrp
[2024-01-15 15:51:44.332]: deleting file: C:\Users\imrab\AppData\Local\Temp\tmpnb\config\Windows2Local\Groups\OpenedProjects\projectTab_tc.wstcgrp
[2024-01-15 15:51:44.332]: deleting file: C:\Users\imrab\AppData\Local\Temp\tmpnb\config\Windows2Local\Groups\OpenedProjects\services.wstcgrp
[2024-01-15 15:51:44.332]: deleting directory: C:\Users\imrab\AppData\Local\Temp\tmpnb\config\Windows2Local\Groups\OpenedProjects
[2024-01-15 15:51:44.332]: deleting file: C:\Users\imrab\AppData\Local\Temp\tmpnb\config\Windows2Local\Groups\OpenedProjects.wsgrp
[2024-01-15 15:51:44.332]: deleting directory: C:\Users\imrab\AppData\Local\Temp\tmpnb\config\Windows2Local\Groups
[2024-01-15 15:51:44.332]: deleting file: C:\Users\imrab\AppData\Local\Temp\tmpnb\config\Windows2Local\Modes\.nbattrs
[2024-01-15 15:51:44.332]: deleting directory: C:\Users\imrab\AppData\Local\Temp\tmpnb\config\Windows2Local\Modes\bottomSlidingSide
[2024-01-15 15:51:44.332]: deleting file: C:\Users\imrab\AppData\Local\Temp\tmpnb\config\Windows2Local\Modes\bottomSlidingSide.wsmode
[2024-01-15 15:51:44.332]: deleting file: C:\Users\imrab\AppData\Local\Temp\tmpnb\config\Windows2Local\Modes\code_evaluator\evaluatorPane.wstcref
[2024-01-15 15:51:44.332]: deleting directory: C:\Users\imrab\AppData\Local\Temp\tmpnb\config\Windows2Local\Modes\code_evaluator
[2024-01-15 15:51:44.332]: deleting file: C:\Users\imrab\AppData\Local\Temp\tmpnb\config\Windows2Local\Modes\code_evaluator.wsmode
[2024-01-15 15:51:44.348]: deleting file: C:\Users\imrab\AppData\Local\Temp\tmpnb\config\Windows2Local\Modes\commonpalette\CommonPalette.wstcref
[2024-01-15 15:51:44.348]: deleting directory: C:\Users\imrab\AppData\Local\Temp\tmpnb\config\Windows2Local\Modes\commonpalette
[2024-01-15 15:51:44.348]: deleting file: C:\Users\imrab\AppData\Local\Temp\tmpnb\config\Windows2Local\Modes\commonpalette.wsmode
[2024-01-15 15:51:44.348]: deleting file: C:\Users\imrab\AppData\Local\Temp\tmpnb\config\Windows2Local\Modes\editor\CoverageReportTopComponent.wstcref
[2024-01-15 15:51:44.348]: deleting file: C:\Users\imrab\AppData\Local\Temp\tmpnb\config\Windows2Local\Modes\editor\Welcome.wstcref
[2024-01-15 15:51:44.348]: deleting directory: C:\Users\imrab\AppData\Local\Temp\tmpnb\config\Windows2Local\Modes\editor
[2024-01-15 15:51:44.348]: deleting file: C:\Users\imrab\AppData\Local\Temp\tmpnb\config\Windows2Local\Modes\editor.wsmode
[2024-01-15 15:51:44.348]: deleting file: C:\Users\imrab\AppData\Local\Temp\tmpnb\config\Windows2Local\Modes\explorer\DashboardTopComponent.wstcref
[2024-01-15 15:51:44.348]: deleting file: C:\Users\imrab\AppData\Local\Temp\tmpnb\config\Windows2Local\Modes\explorer\debuggingView.wstcref
[2024-01-15 15:51:44.348]: deleting file: C:\Users\imrab\AppData\Local\Temp\tmpnb\config\Windows2Local\Modes\explorer\favorites.wstcref
[2024-01-15 15:51:44.348]: deleting file: C:\Users\imrab\AppData\Local\Temp\tmpnb\config\Windows2Local\Modes\explorer\projectTabLogical_tc.wstcref
[2024-01-15 15:51:44.348]: deleting file: C:\Users\imrab\AppData\Local\Temp\tmpnb\config\Windows2Local\Modes\explorer\projectTab_tc.wstcref
[2024-01-15 15:51:44.348]: deleting file: C:\Users\imrab\AppData\Local\Temp\tmpnb\config\Windows2Local\Modes\explorer\services.wstcref
[2024-01-15 15:51:44.348]: deleting directory: C:\Users\imrab\AppData\Local\Temp\tmpnb\config\Windows2Local\Modes\explorer
[2024-01-15 15:51:44.348]: deleting file: C:\Users\imrab\AppData\Local\Temp\tmpnb\config\Windows2Local\Modes\explorer.wsmode
[2024-01-15 15:51:44.348]: deleting directory: C:\Users\imrab\AppData\Local\Temp\tmpnb\config\Windows2Local\Modes\leftSlidingSide
[2024-01-15 15:51:44.348]: deleting file: C:\Users\imrab\AppData\Local\Temp\tmpnb\config\Windows2Local\Modes\leftSlidingSide.wsmode
[2024-01-15 15:51:44.348]: deleting file: C:\Users\imrab\AppData\Local\Temp\tmpnb\config\Windows2Local\Modes\navigator\navigatorTC.wstcref
[2024-01-15 15:51:44.348]: deleting directory: C:\Users\imrab\AppData\Local\Temp\tmpnb\config\Windows2Local\Modes\navigator
[2024-01-15 15:51:44.348]: deleting file: C:\Users\imrab\AppData\Local\Temp\tmpnb\config\Windows2Local\Modes\navigator.wsmode
[2024-01-15 15:51:44.348]: deleting file: C:\Users\imrab\AppData\Local\Temp\tmpnb\config\Windows2Local\Modes\output\bookmarks.wstcref
[2024-01-15 15:51:44.348]: deleting file: C:\Users\imrab\AppData\Local\Temp\tmpnb\config\Windows2Local\Modes\output\breakpointsView.wstcref
[2024-01-15 15:51:44.348]: deleting file: C:\Users\imrab\AppData\Local\Temp\tmpnb\config\Windows2Local\Modes\output\callstackView.wstcref
[2024-01-15 15:51:44.348]: deleting file: C:\Users\imrab\AppData\Local\Temp\tmpnb\config\Windows2Local\Modes\output\find-usages.wstcref
[2024-01-15 15:51:44.348]: deleting file: C:\Users\imrab\AppData\Local\Temp\tmpnb\config\Windows2Local\Modes\output\GitRepositories.wstcref
[2024-01-15 15:51:44.348]: deleting file: C:\Users\imrab\AppData\Local\Temp\tmpnb\config\Windows2Local\Modes\output\GitVersioning.wstcref
[2024-01-15 15:51:44.348]: deleting file: C:\Users\imrab\AppData\Local\Temp\tmpnb\config\Windows2Local\Modes\output\gsf-testrunner-results.wstcref
[2024-01-15 15:51:44.348]: deleting file: C:\Users\imrab\AppData\Local\Temp\tmpnb\config\Windows2Local\Modes\output\hgversioningTC.wstcref
[2024-01-15 15:51:44.348]: deleting file: C:\Users\imrab\AppData\Local\Temp\tmpnb\config\Windows2Local\Modes\output\localsView.wstcref
[2024-01-15 15:51:44.348]: deleting file: C:\Users\imrab\AppData\Local\Temp\tmpnb\config\Windows2Local\Modes\output\NotificationCenterTopComponent.wstcref
[2024-01-15 15:51:44.363]: deleting file: C:\Users\imrab\AppData\Local\Temp\tmpnb\config\Windows2Local\Modes\output\output.wstcref
[2024-01-15 15:51:44.363]: deleting file: C:\Users\imrab\AppData\Local\Temp\tmpnb\config\Windows2Local\Modes\output\refactoring-preview.wstcref
[2024-01-15 15:51:44.363]: deleting file: C:\Users\imrab\AppData\Local\Temp\tmpnb\config\Windows2Local\Modes\output\resultsView.wstcref
[2024-01-15 15:51:44.363]: deleting file: C:\Users\imrab\AppData\Local\Temp\tmpnb\config\Windows2Local\Modes\output\search-results.wstcref
[2024-01-15 15:51:44.363]: deleting file: C:\Users\imrab\AppData\Local\Temp\tmpnb\config\Windows2Local\Modes\output\sessionsView.wstcref
[2024-01-15 15:51:44.363]: deleting file: C:\Users\imrab\AppData\Local\Temp\tmpnb\config\Windows2Local\Modes\output\sources.wstcref
[2024-01-15 15:51:44.363]: deleting file: C:\Users\imrab\AppData\Local\Temp\tmpnb\config\Windows2Local\Modes\output\svnversioning.wstcref
[2024-01-15 15:51:44.363]: deleting file: C:\Users\imrab\AppData\Local\Temp\tmpnb\config\Windows2Local\Modes\output\TaskListTopComponent.wstcref
[2024-01-15 15:51:44.363]: deleting file: C:\Users\imrab\AppData\Local\Temp\tmpnb\config\Windows2Local\Modes\output\TerminalContainerTopComponent.wstcref
[2024-01-15 15:51:44.363]: deleting file: C:\Users\imrab\AppData\Local\Temp\tmpnb\config\Windows2Local\Modes\output\threadsView.wstcref
[2024-01-15 15:51:44.363]: deleting file: C:\Users\imrab\AppData\Local\Temp\tmpnb\config\Windows2Local\Modes\output\versioning_output.wstcref
[2024-01-15 15:51:44.363]: deleting file: C:\Users\imrab\AppData\Local\Temp\tmpnb\config\Windows2Local\Modes\output\watchesView.wstcref
[2024-01-15 15:51:44.363]: deleting directory: C:\Users\imrab\AppData\Local\Temp\tmpnb\config\Windows2Local\Modes\output
[2024-01-15 15:51:44.363]: deleting file: C:\Users\imrab\AppData\Local\Temp\tmpnb\config\Windows2Local\Modes\output.wsmode
[2024-01-15 15:51:44.363]: deleting file: C:\Users\imrab\AppData\Local\Temp\tmpnb\config\Windows2Local\Modes\properties\CssStylesTC.wstcref
[2024-01-15 15:51:44.363]: deleting file: C:\Users\imrab\AppData\Local\Temp\tmpnb\config\Windows2Local\Modes\properties\properties.wstcref
[2024-01-15 15:51:44.363]: deleting directory: C:\Users\imrab\AppData\Local\Temp\tmpnb\config\Windows2Local\Modes\properties
[2024-01-15 15:51:44.363]: deleting file: C:\Users\imrab\AppData\Local\Temp\tmpnb\config\Windows2Local\Modes\properties.wsmode
[2024-01-15 15:51:44.363]: deleting directory: C:\Users\imrab\AppData\Local\Temp\tmpnb\config\Windows2Local\Modes\rightSlidingSide
[2024-01-15 15:51:44.363]: deleting file: C:\Users\imrab\AppData\Local\Temp\tmpnb\config\Windows2Local\Modes\rightSlidingSide.wsmode
[2024-01-15 15:51:44.363]: deleting directory: C:\Users\imrab\AppData\Local\Temp\tmpnb\config\Windows2Local\Modes\topSlidingSide
[2024-01-15 15:51:44.363]: deleting file: C:\Users\imrab\AppData\Local\Temp\tmpnb\config\Windows2Local\Modes\topSlidingSide.wsmode
[2024-01-15 15:51:44.363]: deleting directory: C:\Users\imrab\AppData\Local\Temp\tmpnb\config\Windows2Local\Modes\webpreview
[2024-01-15 15:51:44.363]: deleting file: C:\Users\imrab\AppData\Local\Temp\tmpnb\config\Windows2Local\Modes\webpreview.wsmode
[2024-01-15 15:51:44.363]: deleting directory: C:\Users\imrab\AppData\Local\Temp\tmpnb\config\Windows2Local\Modes
[2024-01-15 15:51:44.363]: deleting file: C:\Users\imrab\AppData\Local\Temp\tmpnb\config\Windows2Local\WindowManager.wswmgr
[2024-01-15 15:51:44.363]: deleting directory: C:\Users\imrab\AppData\Local\Temp\tmpnb\config\Windows2Local
[2024-01-15 15:51:44.363]: deleting directory: C:\Users\imrab\AppData\Local\Temp\tmpnb\config
[2024-01-15 15:51:44.363]: deleting file: C:\Users\imrab\AppData\Local\Temp\tmpnb\var\cache\all-clusters.dat
[2024-01-15 15:51:44.363]: deleting file: C:\Users\imrab\AppData\Local\Temp\tmpnb\var\cache\all-files.dat
[2024-01-15 15:51:44.363]: deleting file: C:\Users\imrab\AppData\Local\Temp\tmpnb\var\cache\all-installer.dat
[2024-01-15 15:51:44.363]: deleting file: C:\Users\imrab\AppData\Local\Temp\tmpnb\var\cache\all-layers.dat
[2024-01-15 15:51:44.379]: deleting file: C:\Users\imrab\AppData\Local\Temp\tmpnb\var\cache\all-local-layers.dat
[2024-01-15 15:51:44.379]: deleting file: C:\Users\imrab\AppData\Local\Temp\tmpnb\var\cache\all-manifests.dat
[2024-01-15 15:51:44.379]: deleting file: C:\Users\imrab\AppData\Local\Temp\tmpnb\var\cache\all-modules.dat
[2024-01-15 15:51:44.379]: deleting file: C:\Users\imrab\AppData\Local\Temp\tmpnb\var\cache\all-resources.dat
[2024-01-15 15:51:44.379]: deleting file: C:\Users\imrab\AppData\Local\Temp\tmpnb\var\cache\localeVariants
[2024-01-15 15:51:44.379]: deleting file: C:\Users\imrab\AppData\Local\Temp\tmpnb\var\cache\netigso-bundles
[2024-01-15 15:51:44.379]: deleting file: C:\Users\imrab\AppData\Local\Temp\tmpnb\var\cache\package-attrs.dat
[2024-01-15 15:51:44.379]: deleting file: C:\Users\imrab\AppData\Local\Temp\tmpnb\var\cache\populate.zip
[2024-01-15 15:51:44.379]: deleting directory: C:\Users\imrab\AppData\Local\Temp\tmpnb\var\cache
[2024-01-15 15:51:44.379]: deleting file: C:\Users\imrab\AppData\Local\Temp\tmpnb\var\log\messages.log
[2024-01-15 15:51:44.379]: deleting directory: C:\Users\imrab\AppData\Local\Temp\tmpnb\var\log
[2024-01-15 15:51:44.379]: deleting directory: C:\Users\imrab\AppData\Local\Temp\tmpnb\var
[2024-01-15 15:51:44.379]: deleting directory: C:\Users\imrab\AppData\Local\Temp\tmpnb
[2024-01-15 15:51:44.379]:     .... success 
[2024-01-15 15:51:44.379]: add populated caches in installed list: 
[2024-01-15 15:51:44.379]:     .... success 
[2024-01-15 15:51:44.379]:     .... done. 
[2024-01-15 15:51:44.473]:     .... success 
[2024-01-15 15:51:44.473]: Checking if java.awt.Desktop.getDesktop().browse() functionality is supported
[2024-01-15 15:51:44.488]: NameResolver - to parse &Help!
[2024-01-15 15:51:44.488]: NameResolver - to parse < &Back
[2024-01-15 15:51:44.488]: NameResolver - to parse &Finish
[2024-01-15 15:51:44.488]: NameResolver - to parse Cancel
[2024-01-15 15:51:44.488]: NameResolver - to parse &Finish
[2024-01-15 15:51:44.488]: NameResolver - to parse text/html
[2024-01-15 15:51:44.488]: NameResolver - to parse <html><b>Installation completed successfully.</b></html>
[2024-01-15 15:51:44.488]: NameResolver - to parse Setup Complete
[2024-01-15 15:51:44.488]: NameResolver - to parse Setup Complete
[2024-01-15 15:51:44.488]: NameResolver - to parse Setup Complete
[2024-01-15 15:51:44.488]: NameResolver - to parse Setup Complete
[2024-01-15 15:51:44.488]: NameResolver - to parse Click Finish to complete the Apache NetBeans IDE setup.
[2024-01-15 15:51:44.488]: NameResolver - to parse Setup Complete
[2024-01-15 15:51:44.488]: NameResolver - to parse Click Finish to complete the Apache NetBeans IDE setup.
[2024-01-15 15:51:51.629]: NameResolver - to parse C:\Program Files\NetBeans-20
[2024-01-15 15:51:51.629]: Set usage statistics enabled of NetBeans at C:\Program Files\NetBeans-20 to false
[2024-01-15 15:51:51.629]:     child = apisupport
[2024-01-15 15:51:51.629]:     child = bin
[2024-01-15 15:51:51.629]:     child = cpplite
[2024-01-15 15:51:51.629]:     child = DEPENDENCIES
[2024-01-15 15:51:51.629]:     child = enterprise
[2024-01-15 15:51:51.629]:     child = ergonomics
[2024-01-15 15:51:51.629]:     child = etc
[2024-01-15 15:51:51.629]:     child = extide
[2024-01-15 15:51:51.629]:     child = groovy
[2024-01-15 15:51:51.629]:     child = harness
[2024-01-15 15:51:51.629]:     child = ide
[2024-01-15 15:51:51.629]:     child = java
[2024-01-15 15:51:51.629]:     child = javafx
[2024-01-15 15:51:51.629]:     child = LICENSE
[2024-01-15 15:51:51.629]:     child = licenses
[2024-01-15 15:51:51.629]:     child = nb
[2024-01-15 15:51:51.645]: entering -- org.netbeans.installer.wizard.components.actions.FinalizeRegistryAction.execute():46
[2024-01-15 15:51:51.645]: finalizing product registry
[2024-01-15 15:51:51.645]:     ... removing remaining installation data for all the products
[2024-01-15 15:51:51.645]:     ... save local registry if necessary
[2024-01-15 15:51:51.645]:     ... save registry to file C:\Users\imrab\.nbi\registry.xml
[2024-01-15 15:51:51.645]:     entering -- org.netbeans.installer.product.Registry.finalizeRegistry():330
[2024-01-15 15:51:51.645]:     saving product registry file
[2024-01-15 15:51:51.645]:         ... getting registry document
[2024-01-15 15:51:51.645]:         ... saving registry document to file C:\Users\imrab\.nbi\registry.xml
[2024-01-15 15:51:51.645]:         entering -- org.netbeans.installer.product.Registry.saveProductRegistry():1008
[2024-01-15 15:51:51.645]:         saving document to xml file : C:\Users\imrab\.nbi\registry.xml
[2024-01-15 15:51:51.660]:         ... document saved
[2024-01-15 15:51:51.660]:         exiting -- org.netbeans.installer.product.Registry.saveProductRegistry():1008
[2024-01-15 15:51:51.660]:         ... saving XML file succesfully finished
[2024-01-15 15:51:51.660]:     ... saving product registry done
[2024-01-15 15:51:51.660]:     exiting -- org.netbeans.installer.product.Registry.finalizeRegistry():330
[2024-01-15 15:51:51.660]:     ... save state file if necessary
[2024-01-15 15:51:51.660]: finalizing product registry
[2024-01-15 15:51:51.660]: exiting -- org.netbeans.installer.wizard.components.actions.FinalizeRegistryAction.execute():46
